store,address,license_number,iusa_number,square_footage,employees_2024,revenue_rusa_2024,revenue_size_based,Revenue_j,revenue_source,p_j,Q_j
FOOD FAIR FRESH MARKET,1065 E 163RD ST,603652,22-473-1729,13000,20.0,8032000.0,13243000.0,8032000.0,ReferenceUSA 2024,28.95,277444.0
KEY FOOD,1050 WESTCHESTER AVE,601435,71-512-7646,15000,24.0,8032000.0,15280000.0,8032000.0,ReferenceUSA 2024,27.76,289337.0
C TOWN SUPERMARKET,809 SOUTHERN BLVD,609927,11-399-7589,7500,15.0,3090000.0,7640000.0,3090000.0,ReferenceUSA 2024,28.82,107217.0
C-TOWN SUPERMARKET,564 SOUTHERN BLVD,600246,11-396-5248,8000,14.0,2884000.0,8149000.0,2884000.0,ReferenceUSA 2024,28.82,100069.0
FOOD UNIVERSE,724 HUNTS PT AVE,606156,,8000,,,8149000.0,2884000.0,sq ft x median ReferenceUSA 2024 $/sq ft,29.93,96358.0
ANTILLANA FRESH MEAT MARKET,1025 WESTCHESTER AVE,725894,72-125-4832,3000,4.0,824000.0,3056000.0,824000.0,ReferenceUSA 2024,28.95,28463.0
FINE FARE SUPERMARKET,950 WESTCHESTER AVE,704892,72-380-0203,10000,3.0,618000.0,10187000.0,618000.0,ReferenceUSA 2024,30.32,20383.0
JJ SOUTHERN FARM FRUIT,1046 SOUTHERN BLVD,749183,,1600,,,1630000.0,577000.0,sq ft x median ReferenceUSA 2024 $/sq ft,28.95,19931.0
SAGAL MEAT MARKET,1091 SOUTHERN BLVD,723677,71-786-6922,2500,2.0,299000.0,2547000.0,299000.0,ReferenceUSA 2024,28.95,10328.0
