source,store_id,store_name,address_query,addr_number,addr_street,addr_zip,latitude,longitude,bbl,bbl_method,bbl_label,bin,Tax_j,dof_taxyear,dof_annualized,pluto_assesstot,pluto_assessland,pluto_ownername,pluto_bldgclass,pluto_ok,dof_ok,assessment_ok,assessment_year,acris_lease_hit,acris_n_lease_docs,acris_lease_doc_type,Rent_j_acris,rent_sqft,Rent_j_low,Rent_j_mid,Rent_j_high,Rent_j,rent_method
agmarkets,767797,A&Z GOURMET DELI,"772 HUNTS POINT AVE, Bronx, NY 10474",772,HUNTS POINT AVE,10474,40.81603,-73.88739,2027630212,geosearch,"772 HUNTS POINT AVENUE, Bronx, NY, USA",2006550,21772.0,2027,False,112500.0,9900.0,MCCANN REALTY CORP.,K1,True,True,False,,False,0.0,,,,,,,,none
agmarkets,766176,1054 UNITED DELI & SALAD,"1054 SOUTHERN BLVD, Bronx, NY 10459",1054,SOUTHERN BLVD,10459,40.82439,-73.89191,2027430019,geosearch,"1054 SOUTHERN BOULEVARD, Bronx, NY, USA",2006021,1816780.64,2027,True,4020300.0,161100.0,SOUTHERN 634 LLC,D7,True,True,False,,True,2.0,MLEA,175000.0,900.0,18000.0,24750.0,31500.0,175000.0,acris
agmarkets,766161,YADIEL GROCERY STORE,"670 BARRETTO ST, Bronx, NY 10474",670,BARRETTO STREET,10474,40.8139,-73.8892,2027650198,geosearch,"670 BARRETTO STREET, Bronx, NY, USA",2006623,193942.24,2027,True,538650.0,34200.0,MELSY RLTY CP,C7,True,True,False,,False,0.0,,,1000.0,20000.0,27500.0,35000.0,27500.0,market_rate_sqft
agmarkets,765394,KADOSH FOODS,"490 HUNTS POINT AVE, Bronx, NY 10474",490,HUNTS POINT AVE,10474,40.8102,-73.88135,2027720262,geosearch,"490 HUNT'S POINT AVENUE, Bronx, NY, USA",2006931,154492.96,2027,True,404100.0,99000.0,MESTOUSIS REALTY CORP.,E1,True,True,False,,False,0.0,,,5000.0,100000.0,137500.0,175000.0,137500.0,market_rate_sqft
agmarkets,764530,844 MINI MARKET FISH,"844 HUNTS POINT AVE, Bronx, NY 10474",844,HUNTS POINT AVE,10474,40.81757,-73.88851,2027620015,geosearch,"844 HUNT'S POINT AVENUE, Bronx, NY, USA",2006425,18481.04,2027,False,46320.0,10620.0,844 HUNTS POINT LLC,S2,True,True,False,,False,0.0,,,,,,,,none
agmarkets,764455,D LORA,"814 HEWITT PL, Bronx, NY 10459",814,HEWITT PLACE,10459,40.81882,-73.89988,2026960003,geosearch,"814 HEWITT PLACE, Bronx, NY, USA",2005344,135255.6,2027,False,471150.0,20250.0,"BECK STREET CLUSTER, L.P.",C7,True,True,False,,False,0.0,,,,,,,,none
agmarkets,764322,MARGARITAS GROCERY STORE,"926 INTERVALE AVE, Bronx, NY 10459",926,INTERVALE AVE,10459,40.81984,-73.89661,2027030001,geosearch,"926 INTERVALE AVENUE, Bronx, NY, USA",2005450,187065.84,2027,True,781200.0,36000.0,SEBCO/BANANA KELLY ASSOC,D7,True,True,False,,False,0.0,,,1000.0,20000.0,27500.0,35000.0,27500.0,market_rate_sqft
agmarkets,763602,VARIEDADES DE MI CULTURA EBENEZER,"1087-1093 SOUTHERN BLVD, Bronx, NY 10459",1087-1093,SOUTHERN BLVD,10459,40.82577,-73.89194,2027270045,geosearch,"1093 SOUTHERN BOULEVARD, Bronx, NY, USA",2005806,284301.12,2027,True,1014300.0,157950.0,1087 SOUTHERN REALTY LLC,K4,True,True,False,,False,0.0,,,,,,,,none
agmarkets,763544,J&J DELI GROCERY STORE,"699 BECK ST ##, Bronx, NY 10455",699,BECK STREET ##,10455,40.81503,-73.9003,2026850056,geosearch,"699 BECK STREET, Bronx, NY, USA",2005113,127579.36,2027,True,270900.0,40050.0,BECK STREET REALTY LLC,C7,True,True,False,,False,0.0,,,1000.0,20000.0,27500.0,35000.0,27500.0,market_rate_sqft
agmarkets,763145,DIANA MINI MARKET,"701 COSTER ST ####, Bronx, NY 10474",701,COSTER STREET ####,10474,40.81464,-73.88748,2027630105,geosearch,"701 COSTER STREET, Bronx, NY, USA",2006510,11968.68,2027,False,117900.0,15750.0,MOUNT SINAI CHRISTIAN CH,M9,True,True,False,,False,0.0,,,1200.0,24000.0,33000.0,42000.0,33000.0,market_rate_sqft
agmarkets,762631,ROASTING ROOM THE,"542 BARRETTO ST, Bronx, NY 10474",542,BARRETTO ST,10474,40.81117,-73.88848,2027680285,geosearch,"542 BARRETTO STREET, Bronx, NY, USA",2006812,176479.68,2027,True,487350.0,112500.0,BARRETTO STREET REALT,E1,True,True,False,,False,0.0,,,5000.0,100000.0,137500.0,175000.0,137500.0,market_rate_sqft
agmarkets,762597,JOSE MINI MARKET,"549 SOUTHERN BLVD, Bronx, NY 10455",549,SOUTHERN BLVD,10455,40.81228,-73.90358,2026830052,geosearch,"549 SOUTHERN BOULEVARD, Bronx, NY, USA",2005088,292569.06,2027,False,420750.0,53100.0,547 SOUTHERN BOULEVARD HDFC,C6,True,True,False,,False,0.0,,,,,,,,none
agmarkets,762584,1007 GOURMET DELI,"1007 SOUTHERN BLVD, Bronx, NY 10459",1007,SOUTHERN BLVD,10459,40.82304,-73.89179,2027240164,geosearch,"1007 SOUTHERN BOULEVARD, Bronx, NY, USA",2005779,558655.04,2027,True,969750.0,16650.0,JOVADA REALTY CORP.,C7,True,True,False,,False,0.0,,,,,,,,none
agmarkets,762487,CASITA MARIA DELI,"1020-1022 E 163RD ST, Bronx, NY 10459",1020-1022,EAST 163RD STREET,10459,40.82098,-73.89225,2027237501,geosearch,"1022 EAST 163 STREET, Bronx, NY, USA",2005764,342787.0,2026,False,3844800.0,241200.0,1018 E 163RD STREET HOUSING DEV FUND COR PORATION,RM,True,True,False,,False,,,,,,,,,none
agmarkets,762315,LAS 3'S DELI GROCERY,"1001 E 167TH ST, Bronx, NY 10459",1001,E 167TH ST,10459,40.82677,-73.88968,2027540001,geosearch,"1001 EAST 167 STREET, Bronx, NY, USA",2006184,467597.12,2027,True,531900.0,69300.0,MERNOB PROPERTIES INC,C7,True,True,False,,False,0.0,,,1000.0,20000.0,27500.0,35000.0,27500.0,market_rate_sqft
agmarkets,762137,FERNANDEZ DELI GROCERY II,"986 ROGERS PL, Bronx, NY 10459",986,ROGERS PLACE,10459,40.82374,-73.89761,2026990033,geosearch,"986 ROGERS PLACE, Bronx, NY, USA",2005382,4059.92,2027,False,57840.0,5100.0,PAULINO RAMOS,S2,True,True,False,,False,0.0,,,,,,,,none
agmarkets,761933,99 CENT DREAMS,"874 HUNTS POINT AVE, Bronx, NY 10474",874,HUNTS POINT AVE,10474,40.81878,-73.88928,2027610001,geosearch,"874 HUNTS POINT AVENUE, Bronx, NY, USA",2006318,683345.92,2027,True,921150.0,189000.0,870 HUNTS POINT RLTYGRO,K1,True,True,False,,False,0.0,,,,,,,,none
agmarkets,761834,YEDELINE DELI & GROCERY 3,"900 HOE AVE, Bronx, NY 10459",900,HOE AVE,10459,40.82135,-73.89028,2027460001,geosearch,"900 HOE AVENUE, Bronx, NY, USA",2006072,976436.64,2027,True,1962450.0,139500.0,900 HOE REALTY 1 LLC,C7,True,True,False,,False,0.0,,,,,,,,none
agmarkets,761622,ULISESS BUTCHER SHOP NY,"956 LONGWOOD AVE###, Bronx, NY 10459",956,LONGWOOD AVE###,10459,40.81755,-73.89827,2027450022,geosearch,"956 HOME STREET, Bronx, NY, USA",2006056,226905.44,2027,True,587250.0,71550.0,SEMAJ REALTY LLC,E1,True,True,False,,False,0.0,,,,,,,,none
agmarkets,761224,MAX FRESH FOOD DELI,"870 PROSPECT AVE, Bronx, NY 10459",870,PROSPECT AVE,10459,40.82027,-73.90137,2026900001,geosearch,"870 PROSPECT AVENUE, Bronx, NY, USA",2005189,608058.72,2027,True,788400.0,80100.0,864 HOLDING LLC,K4,True,True,False,,False,0.0,,,,,,,,none
agmarkets,760337,MARCS DELI & GROCERY,"1126 WESTCHESTER AVE, Bronx, NY 10459",1126,WESTCHESTER AVE,10459,40.82569,-73.88993,2027500013,geosearch,"1126 WESTCHESTER AVENUE, Bronx, NY, USA",2006145,9477.04,2027,False,53580.0,9660.0,JONAS 1126 CORP.,S1,True,True,False,,False,0.0,,,,,,,,none
agmarkets,760222,NOVAX DELI,"831 DAWSON ST, Bronx, NY 10459",831,DAWSON ST,10459,40.81897,-73.89844,2026960075,geosearch,"831 DAWSON STREET, Bronx, NY, USA",2005347,18277.68,2027,True,1172250.0,67950.0,830 SHEVA REALTY HOUSING DEVELOPMNET FUN D CORP,C7,True,True,False,,False,0.0,,,,,,,,none
agmarkets,760107,FIRST HEALTH FRESH GOURMET,"795 SOUTHERN BLVD, Bronx, NY 10455",795,SOUTHERN BLVD,10455,40.81609,-73.89645,2027200076,geosearch,"795 SOUTHERN BOULEVARD, Bronx, NY, USA",2005732,192025.44,2027,False,288000.0,99000.0,SKYVIEW 1 REALTY LLC,K1,True,True,False,,False,0.0,,,,,,,,none
agmarkets,760077,NEW HOPE GROCERY,"944 ALDUS ST, Bronx, NY 10459",944,ALDUS ST,10459,40.8231,-73.89145,2027420039,geosearch,"944 ALDUS STREET, Bronx, NY, USA",2006012,402271.68,2027,True,805050.0,97200.0,944 ALDUS STREET CORP,C7,True,True,False,,False,0.0,,,,,,,,none
agmarkets,758904,BALDOR SPECIALTY FOODS,"155 FOOD CENTER DR ##, Bronx, NY 10474",155,FOOD CENTER DRIVE  ##,10474,40.80814,-73.87445,2027810440,geosearch,"155 FOOD CENTER DRIVE, Bronx, NY, USA",2101319,0.0,2026,False,25406550.0,3942450.0,NYC DEPARTMENT OF SMALL BUSINESS SERVICES,E9,True,True,False,,False,,,,400.0,8000.0,11000.0,14000.0,11000.0,market_rate_sqft
agmarkets,758653,GINO DELI GROCERY,"935 E 163RD ST ##, Bronx, NY 10459",935,E 163RD ST  ##,10459,40.821,-73.89653,2027030025,geosearch,"935 EAST 163 STREET, Bronx, NY, USA",2005456,963763.84,2027,True,2034450.0,56700.0,EAST 163RD LLC,D7,True,True,False,,True,1.0,LEAS,,1200.0,24000.0,33000.0,42000.0,33000.0,market_rate_sqft
agmarkets,757845,KELLY SREET DELI,"947 E 163RD ST, Bronx, NY 10459",947,E 163RD STREET,10459,40.82099,-73.89617,2027030053,geosearch,"947 EAST 163 STREET, Bronx, NY, USA",2005463,812092.64,2027,True,1694700.0,140850.0,EAST 163RD,D7,True,True,False,,True,1.0,LEAS,,1400.0,28000.0,38500.0,49000.0,38500.0,market_rate_sqft
agmarkets,756554,RP GROCERY DELI,"945 ALDUS ST, Bronx, NY 10459",945,ALDUS ST,10459,40.8231,-73.89143,2027430001,geosearch,"945 ALDUS STREET, Bronx, NY, USA",2006015,937432.96,2027,True,2011500.0,201600.0,ZALE MGMT CORP,C7,True,True,False,,False,0.0,,,,,,,,none
agmarkets,756541,GRAB 2 GO DELI,"1101 GARRISON AVE, Bronx, NY 10474",1101,GARRISON AVE,10474,40.81957,-73.88951,2027410060,geosearch,"1101 GARRISON AVENUE, Bronx, NY, USA",2006005,110792.8,2027,True,288000.0,24300.0,"PENN CENTRAL REALTY, LLC",K1,True,True,False,,False,0.0,,,2000.0,40000.0,55000.0,70000.0,55000.0,market_rate_sqft
agmarkets,755526,HEALTHY SHACK DELI GROCERY,"1086 SOUTHERN BLVD. STORE #2 ###, Bronx, NY 10459",1086,SOUTHERN BLVD. STORE #2 ###,10459,40.82599,-73.89172,2027440011,geosearch,"1086 SOUTHERN BOULEVARD, Bronx, NY, USA",2006029,217453.76,2027,True,492750.0,21600.0,1086 SOUTHERN LLC,C7,True,True,False,,False,0.0,,,,,,,,none
agmarkets,755064,DOWN EAST SEAFOOD,"311 MANIDA ST ###, Bronx, NY 10474",311,MANIDA ST ###,10474,40.80688,-73.88641,2027740258,geosearch,"311 MANIDA STREET, Bronx, NY, USA",2006949,341243.36,2027,True,1094850.0,202500.0,DOWN EAST REALTY LLC,E1,True,True,False,,False,0.0,,,,,,,,none
agmarkets,754673,PERLA GROCERY,"1142 E 165TH ST ###, Bronx, NY 10459",1142,EAST 165TH STREET ###,10459,40.82523,-73.88748,2027560080,geosearch,"1142 EAST 165 STREET, Bronx, NY, USA",2006272,26720.4,2027,False,406350.0,107100.0,165-1142 LLC,C7,True,True,False,,False,0.0,,,,,,,,none
agmarkets,753620,AAYAN FRUITS & VEGETABLES,"547 SOUTHERN BLVD, Bronx, NY 10455",547,SOUTHERN BLVD,10455,40.81227,-73.90362,2026830052,geosearch,"547 SOUTHERN BOULEVARD, Bronx, NY, USA",2005088,292569.06,2027,False,420750.0,53100.0,547 SOUTHERN BOULEVARD HDFC,C6,True,True,False,,False,0.0,,,,,,,,none
agmarkets,753105,EL MANA MINI MARKET,"1024 LONGWOOD AVE, Bronx, NY 10459",1024,LONGWOOD AVE,10459,40.81645,-73.89645,2027200073,geosearch,"1024 LONGWOOD AVENUE, Bronx, NY, USA",2005731,702360.96,2027,True,401850.0,70650.0,SKYVIEW 1 REALTY LLC,K1,True,True,False,,False,0.0,,,1650.0,33000.0,45375.0,57750.0,45375.0,market_rate_sqft
agmarkets,752283,IRON GRILL,"596 SOUTHERN BLVD ###, Bronx, NY 10455",596,SOUTHERN BLVD  ###,10455,40.81284,-73.90165,2026030026,geosearch,"596 SOUTHERN BOULEVARD, Bronx, NY, USA",2004129,12914.72,2027,True,324450.0,26100.0,QUADRANT PROPERTIES HOUSING DEVELOPMENT  FUND COMPA,C7,True,True,False,,False,0.0,,,,,,,,none
agmarkets,751852,GILBERT PLACE DELI GROCERY,"1204 GILBERT PL, Bronx, NY 10474",1204,GILBERT PLACE,10474,40.81784,-73.88814,2027620016,geosearch,"1204 GILBERT PLACE, Bronx, NY, USA",2006426,91351.36,2027,True,328500.0,14400.0,"CEHP HOUSING DEVELOPMENT FUND COMPANY, I NC.",C7,True,True,False,,False,0.0,,,1400.0,28000.0,38500.0,49000.0,38500.0,market_rate_sqft
agmarkets,751634,EL PROVOCON DELI GROCERY,"622-624 MANIDA ST - STORE 1, Bronx, NY 10474",622-624,MANIDA ST - STORE 1,10474,40.8123,-73.88782,2027650290,geosearch,"624 MANIDA STREET, Bronx, NY, USA",2006661,36411.52,2027,False,244350.0,21600.0,BRONX 620 MANIDA STREET L.P.,C7,True,True,False,,False,0.0,,,1000.0,20000.0,27500.0,35000.0,27500.0,market_rate_sqft
agmarkets,751504,SW GROCERY & DELI,"935 E 163 ST - CORNER, Bronx, NY 10459",935,E 163 ST - CORNER,10459,40.821,-73.89653,2027240001,geosearch,"991 EAST 163 STREET, Bronx, NY, USA",2005769,2020786.8,2027,True,4632750.0,254700.0,LONGWOOD RESIDENCES HOUSING DEVELOPMENT  FUND,D7,True,True,False,,False,0.0,,,,,,,,none
agmarkets,751327,TOP FRUITS AND VEGETABLES,"1057 SOUTHERN BLVD, Bronx, NY 10459",1057,SOUTHERN BLVD,10459,40.82482,-73.89194,2027270064,geosearch,"1057 SOUTHERN BOULEVARD, Bronx, NY, USA",2005808,482995.04,2027,True,1768050.0,99000.0,1031 WESTCHESTER AVE LLC,O5,True,True,False,,False,0.0,,,1500.0,30000.0,41250.0,52500.0,41250.0,market_rate_sqft
agmarkets,751207,MI CHAPINCITA QUETZAL,"1093 SOUTHERN BLVD, Bronx, NY 10459",1093,SOUTHERN BLVD,10459,40.82605,-73.89194,2027270045,geosearch,"1093 SOUTHERN BOULEVARD, Bronx, NY, USA",2005806,284301.12,2027,True,1014300.0,157950.0,1087 SOUTHERN REALTY LLC,K4,True,True,False,,False,0.0,,,,,,,,none
agmarkets,750697,MACCS,"220 COSTER ST, Bronx, NY 10474",220,COSTER ST,10474,40.80519,-73.88505,2027770250,geosearch,"220 COSTER STREET, Bronx, NY, USA",2007017,417201.12,2027,True,966600.0,291600.0,"220 COSTER, LLC",F4,True,True,False,,False,0.0,,,2000.0,40000.0,55000.0,70000.0,55000.0,market_rate_sqft
agmarkets,750497,HUNTS POINT DELI,"1331 SENECA AVE, Bronx, NY 10474",1331,SENECA AVE,10474,40.81904,-73.88637,2027610142,geosearch,"1331 SENECA AVENUE, Bronx, NY, USA",2006384,1094752.16,2027,True,2263500.0,197100.0,BRYANT ESTATES LLC,C7,True,True,False,,True,1.0,LEAS,,,,,,,acris_lease_no_amount
agmarkets,750396,SLOW COCOA,"1361 VIELE AVE #201 ##, Bronx, NY 10474",1361,VIELE AVE #201  ##,10474,40.80729,-73.88142,2027750173,geosearch,"1361 VIELE AVENUE, Bronx, NY, USA",2006997,254663.36,2027,True,635850.0,102600.0,1361 VIELE LLC,E1,True,True,False,,False,0.0,,,800.0,16000.0,22000.0,28000.0,22000.0,market_rate_sqft
agmarkets,749781,WESTCHESTER GROCERY,"987 WESTCHESTER AVE ####, Bronx, NY 10459",987,WESTCHESTER AVE ####,10459,40.8235,-73.89425,2027150055,geosearch,"987 WESTCHESTER AVENUE, Bronx, NY, USA",2093866,132974.88,2027,True,313200.0,43650.0,"S.U.S. REAL ESTATE OF BRONX, INC.",K1,True,True,False,,False,0.0,,,1300.0,26000.0,35750.0,45500.0,35750.0,market_rate_sqft
agmarkets,749183,JJ SOUTHERN FARM FRUIT,"1046 SOUTHERN BLVD ##, Bronx, NY 10459",1046,SOUTHERN BLVD ##,10459,40.82414,-73.89188,2027430015,geosearch,"1046 SOUTHERN BOULEVARD, Bronx, NY, USA",2006020,352646.88,2027,True,812700.0,202500.0,MLM PARTNERS LLC,K1,True,True,False,,False,0.0,,,1600.0,32000.0,44000.0,56000.0,44000.0,market_rate_sqft
agmarkets,748846,SOUTHERN BLVD GORMET DELI & SMOKE SHOP,"1007 SOUTHERN BLVD, Bronx, NY 10459",1007,SOUTHERN BLVD,10459,40.82304,-73.89179,2027240164,geosearch,"1007 SOUTHERN BOULEVARD, Bronx, NY, USA",2005779,558655.04,2027,True,969750.0,16650.0,JOVADA REALTY CORP.,C7,True,True,False,,False,0.0,,,600.0,12000.0,16500.0,21000.0,16500.0,market_rate_sqft
agmarkets,748813,ECUATORIANITAS DELI,"978 LONGWOOD AVE, Bronx, NY 10459",978,LONGWOOD AVE,10459,40.81716,-73.89766,2027070060,geosearch,"978 LONGWOOD AVENUE, Bronx, NY, USA",2005537,1057911.36,2027,True,855450.0,36000.0,"FRASER'S MULTICO, INC.",C7,True,True,False,,True,1.0,MLEA,,,,,,,acris_lease_no_amount
agmarkets,748738,LILIS DELI GROCERY,"995 KELLY ST, STORE 16, Bronx, NY 10459",995,"KELLY STREET, STORE 16",10459,40.82283,-73.89586,2027040039,geosearch,"995 KELLY STREET, Bronx, NY, USA",2094327,140394.88,2027,True,370800.0,99000.0,FOXHURST CENTER LLC,K1,True,True,False,,False,0.0,,,600.0,12000.0,16500.0,21000.0,16500.0,market_rate_sqft
agmarkets,748669,BENEFISHAL SEAFOOD,"800 FOOD CENTER DR UNIT 36 ###, Bronx, NY 10474",800,FOOD CENTER DR UNIT 36 ###,10474,40.80434,-73.87625,2027800073,geosearch,"800 FOOD CENTER DRIVE, Bronx, NY, USA",2088215,,,,60466050.0,3643200.0,NYC DEPARTMENT OF SMALL BUSINESS SERVICES,Z9,True,False,False,,False,0.0,,,800.0,16000.0,22000.0,28000.0,22000.0,market_rate_sqft
agmarkets,748248,FRIENDLY DELI,"671 KELLY ST, Bronx, NY 10455",671,KELLY STREET,10455,40.81538,-73.90229,2026860005,geosearch,"671 KELLY STREET, Bronx, NY, USA",2005122,250730.64,2027,False,313650.0,48150.0,671 KELLY STREET HOUSING DEVELOPMENT FUN D CORP.,C7,True,True,False,,False,0.0,,,800.0,16000.0,22000.0,28000.0,22000.0,market_rate_sqft
agmarkets,748165,FASO AFRICAN MARKET,"953A WESTCHESTER AVE, Bronx, NY 10459",953A,WESTCHESTER AVE,10459,40.82254,-73.89603,2027040039,geosearch,"953A WESTCHESTER AVENUE, Bronx, NY, USA",2094329,140394.88,2027,True,370800.0,99000.0,FOXHURST CENTER LLC,K1,True,True,False,,False,0.0,,,400.0,8000.0,11000.0,14000.0,11000.0,market_rate_sqft
agmarkets,748164,EVERYDAY SAVINGS,"1031 WESTCHESTER AVE, Bronx, NY 10459",1031,WESTCHESTER AVE,10459,40.82428,-73.89271,2027270001,geosearch,"1031 WESTCHESTER AVENUE, Bronx, NY, USA",2005801,1174516.96,2027,True,3543300.0,391500.0,1031 WESTCHESTER AVE LLC,K1,True,True,False,,True,1.0,MLEA,,2000.0,40000.0,55000.0,70000.0,55000.0,market_rate_sqft
agmarkets,747730,ST JOHN MARKET,"639 SOUTHERN BLVD, Bronx, NY 10455",639,SOUTHERN BLVD,10455,40.81301,-73.90106,2026830100,geosearch,"639 SOUTHERN BOULEVARD, Bronx, NY, USA",2005092,760735.0,2027,False,1388250.0,139500.0,1021-1027 AVE ST. JOHN HOUSING DEVELOP F UND CORP,C6,True,True,False,,False,0.0,,,,,,,,none
agmarkets,747379,BROTHERS & BOBO,"902 HUNTS POINT AVE, Bronx, NY 10474",902,HUNTS POINT AVENUE,10474,40.81956,-73.88988,2027410060,geosearch,"902 HUNT'S POINT AVENUE, Bronx, NY, USA",2006005,110792.8,2027,True,288000.0,24300.0,"PENN CENTRAL REALTY, LLC",K1,True,True,False,,False,0.0,,,550.0,11000.0,15125.0,19250.0,15125.0,market_rate_sqft
agmarkets,745838,BEST DAY & NIGHT DELI GROCERY,"1017 LEGGET AVE, Bronx, NY 10455",1017,LEGGET AVE,10455,40.81412,-73.89964,2027200001,geosearch,"1017 LEGGETT AVENUE, Bronx, NY, USA",2005719,1253269.12,2027,True,1339650.0,59400.0,1272 HOLDING LTD,C7,True,True,False,,False,0.0,,,,,,,,none
agmarkets,744765,PRIME NOW,"1080 LEGGETT AVE, Bronx, NY 10474",1080,LEGGETT AVE,10474,40.81228,-73.8963,2026060003,geosearch,"1080 LEGGETT AVENUE, Bronx, NY, USA",2004156,4417180.64,2027,True,19564650.0,3087900.0,CENTERPOINT LEGGETT LLC,E1,True,True,False,,True,7.0,TERL,1.0,180000.0,3600000.0,4950000.0,6300000.0,1.0,acris
agmarkets,744542,EDIBLE ARRANGEMENTS,"880 E 163RD ST ###, Bronx, NY 10459",880,EAST 163RD STREET ###,10459,40.82097,-73.89853,2026960095,geosearch,"880 EAST 163 STREET, Bronx, NY, USA",2102069,440386.32,2027,True,1007550.0,208350.0,916 POLITE HOUSING DEVELOPMENT FUND CORP ORATION,D6,True,True,False,,False,0.0,,,,,,,,none
agmarkets,743503,MO DISCOUNT,"548 SOUTHERN BLVD, Bronx, NY 10455",548,SOUTHERN BLVD,10455,40.8123,-73.90354,2026037501,geosearch,"548 SOUTHERN BOULEVARD, Bronx, NY, USA",2004121,,,,2158650.0,118350.0,CORNER VIEW RESIDENCE LLC,RM,True,False,False,,False,,,,600.0,12000.0,16500.0,21000.0,16500.0,market_rate_sqft
agmarkets,743488,CANCUN DELI GROCERY 1,"908 E 163RD ST, Bronx, NY 10459",908,EAST 163RD STREET,10459,40.82099,-73.89802,2026960103,geosearch,"908 EAST 163 STREET, Bronx, NY, USA",2005349,343928.48,2027,True,808650.0,28350.0,LOUCADO REALTY CORP.,C7,True,True,False,,False,0.0,,,500.0,10000.0,13750.0,17500.0,13750.0,market_rate_sqft
agmarkets,743035,INTERVALE DELI FOOD,"1006 INTERVALE AVE, Bronx, NY 10459",1006,INTERVALE AVE,10459,40.82339,-73.89686,2027040016,geosearch,"1006 INTERVALE AVENUE, Bronx, NY, USA",2005470,366169.44,2027,True,781200.0,33750.0,1006 INTERVALE AVE LLC,C7,True,True,False,,False,0.0,,,,,,,,none
agmarkets,742852,LOS 2 HERMANITOS II DELI GROCERY,"865 E 165TH ST, Bronx, NY 10459",865,EAST 165TH STREET,10459,40.82392,-73.89918,2026910044,geosearch,"865 EAST 165 STREET, Bronx, NY, USA",2005248,410076.32,2027,True,302400.0,40500.0,"LL SOLUTIONS, LLC",C7,True,True,False,,False,0.0,,,,,,,,none
agmarkets,742802,FAMILY DOLLAR #33004,"867 LONGWOOD AVE, Bronx, NY 10459",867,LONGWOOD AVE,10459,40.81913,-73.90093,2026890048,geosearch,"867 LONGWOOD AVENUE, Bronx, NY, USA",2115863,57602.88,2027,True,3085200.0,132750.0,KIM CHANG HYUN,K4,True,True,False,,True,6.0,ASSTO,18400000.0,,,,,18400000.0,acris
agmarkets,742731,PEACE AND LOVE DELI MARKET,"950 LONGWOOD AVE, Bronx, NY 10459",950,LONGWOOD AVENUE,10459,40.81756,-73.89828,2027080040,geosearch,"950 LONGWOOD AVENUE, Bronx, NY, USA",2005568,1611338.24,2027,True,1698300.0,67950.0,758 KELLY LLC,D7,True,True,False,,False,0.0,,,,,,,,none
agmarkets,741851,VALENCIA BAKERY,"801 EDGEWATER RD, Bronx, NY 10474",801,EDGEWATER RD,10474,40.81755,-73.88342,2027620248,geosearch,"801 EDGEWATER ROAD, Bronx, NY, USA",2006484,203972.8,2027,True,533250.0,90000.0,"VALENCIA EDGEWATER, LLC",F4,True,True,False,,False,0.0,,,5000.0,100000.0,137500.0,175000.0,137500.0,market_rate_sqft
agmarkets,741208,JIMENEZ FRUITS & VEGETABLES,"901 SOUTHERN BLVD. STORE B, Bronx, NY 10459",901,SOUTHERN BLVD. STORE B,10459,40.81957,-73.89287,2027230068,geosearch,"901 SOUTHERN BOULEVARD, Bronx, NY, USA",2005768,811144.64,2027,True,622800.0,40500.0,901 REALTY LLC,C7,True,True,False,,False,0.0,,,1200.0,24000.0,33000.0,42000.0,33000.0,market_rate_sqft
agmarkets,741041,EXPRESS CANDY,"797 SOUTHERN BLVD, Bronx, NY 10455",797,SOUTHERN BLVD,10455,40.81615,-73.89638,2027200073,geosearch,"797 SOUTHERN BOULEVARD, Bronx, NY, USA",2005731,702360.96,2027,True,401850.0,70650.0,SKYVIEW 1 REALTY LLC,K1,True,True,False,,False,0.0,,,950.0,19000.0,26125.0,33250.0,26125.0,market_rate_sqft
agmarkets,740372,WILLYS GROCERY STORE,"699 BECK ST ####, Bronx, NY 10455",699,BECK STREET ####,10455,40.81503,-73.9003,2026850056,geosearch,"699 BECK STREET, Bronx, NY, USA",2005113,127579.36,2027,True,270900.0,40050.0,BECK STREET REALTY LLC,C7,True,True,False,,False,0.0,,,1100.0,22000.0,30250.0,38500.0,30250.0,market_rate_sqft
agmarkets,740303,MONTHER FOOD MART AND DELI,"1078 E 165TH ST ####, Bronx, NY 10459",1078,E 165TH STREET ####,10459,40.82507,-73.89073,2027430030,geosearch,"1078 EAST 165 STREET, Bronx, NY, USA",2006023,1502575.84,2027,True,1776600.0,44100.0,1057 HOE AVENUE LLC D,D7,True,True,False,,True,2.0,ASSTO,,1200.0,24000.0,33000.0,42000.0,33000.0,market_rate_sqft
agmarkets,738717,SNACK ATTACK DELI 1,"976 LONGWOOD AVE, Bronx, NY 10459",976,LONGWOOD AVE,10459,40.8173,-73.89788,2027080046,geosearch,"976 LONGWOOD AVENUE, Bronx, NY, USA",2005569,,,,819900.0,99000.0,783 BECK ST. HSING DVLPM,D7,True,False,False,,False,0.0,,,1000.0,20000.0,27500.0,35000.0,27500.0,market_rate_sqft
agmarkets,738608,FRIENDS DELI & GRILL,"585 SOUTHERN BLVD, Bronx, NY 10455",585,SOUTHERN BLVD,10455,40.81269,-73.90218,2026830035,geosearch,"585 SOUTHERN BOULEVARD, Bronx, NY, USA",2005082,430986.72,2027,True,1109700.0,180000.0,JAYDEE REALTY LLC,K1,True,True,False,,False,0.0,,,1200.0,24000.0,33000.0,42000.0,33000.0,market_rate_sqft
agmarkets,738317,LUCKY 2 GOURMET DELI,"1007 E 163RD ST ####, Bronx, NY 10459",1007,E 163RD STREET ####,10459,40.82097,-73.89305,2027240001,geosearch,"1007 EAST 163 STREET, Bronx, NY, USA",2099788,2020786.8,2027,True,4632750.0,254700.0,LONGWOOD RESIDENCES HOUSING DEVELOPMENT  FUND,D7,True,True,False,,False,0.0,,,,,,,,none
agmarkets,737282,JAIVERY DELI GROCERY,"907 SOUTHERN BLVD, Bronx, NY 10459",907,SOUTHERN BLVD,10459,40.81966,-73.89278,2027230066,geosearch,"907 SOUTHERN BOULEVARD, Bronx, NY, USA",2005767,366076.32,2027,True,824850.0,44550.0,"MASCOTT PROPERTIES,INC.",C7,True,True,False,,False,0.0,,,1000.0,20000.0,27500.0,35000.0,27500.0,market_rate_sqft
agmarkets,737185,ROSELYN DELI GROCERY,"698 BECK ST, Bronx, NY 10455",698,BECK STREET,10455,40.815,-73.90041,2026840068,geosearch,"698 BECK STREET, Bronx, NY, USA",2005098,358033.76,2027,True,1458450.0,120150.0,BRONX BROOKLYN HOUSING DEVELOPMENT FUND  CORPORATIO,C7,True,True,False,,False,0.0,,,,,,,,none
agmarkets,736933,HUNTS POINT MARKET,"1081 LEGGETT AVE, Bronx, NY 10474",1081,LEGGETT AVE,10474,40.81214,-73.89598,2027360021,geosearch,"1081 LEGGETT AVENUE, Bronx, NY, USA",2094342,244587.68,2027,True,631350.0,225000.0,"SINGH, KULDIP",G3,True,True,False,,False,0.0,,,1300.0,26000.0,35750.0,45500.0,35750.0,market_rate_sqft
agmarkets,736425,EL SITIO DELI GROCERY,"954 PROSPECT AVE, Bronx, NY 10459",954,PROSPECT AVENUE,10459,40.82255,-73.90042,2026900105,geosearch,"954 PROSPECT AVENUE, Bronx, NY, USA",2005207,771727.32,2027,False,348750.0,45000.0,954 PROPERTIES CORP.,C4,True,True,False,,False,0.0,,,1200.0,24000.0,33000.0,42000.0,33000.0,market_rate_sqft
agmarkets,735130,SALCEDO SUPERMARKET,"1318 LAFAYETTE AVE, Bronx, NY 10474",1318,LAFAYETTE AVE,10474,40.81689,-73.88643,2027630220,geosearch,"1318 LAFAYETTE AVENUE, Bronx, NY, USA",2006552,768208.0,2027,True,796950.0,48150.0,BRYANT PROPERTIES 769 LLC,C7,True,True,False,,False,0.0,,,2000.0,40000.0,55000.0,70000.0,55000.0,market_rate_sqft
agmarkets,733306,549 GROCERY,"549 SOUTHERN BLVD, Bronx, NY 10455",549,SOUTHERN BLVD,10455,40.81228,-73.90358,2026830052,geosearch,"549 SOUTHERN BOULEVARD, Bronx, NY, USA",2005088,292569.06,2027,False,420750.0,53100.0,547 SOUTHERN BOULEVARD HDFC,C6,True,True,False,,False,0.0,,,700.0,14000.0,19250.0,24500.0,19250.0,market_rate_sqft
agmarkets,732196,901 GOURMET DELI,"901 SOUTHERN BLVD, Bronx, NY 10459",901,SOUTHERN BLVD,10459,40.81957,-73.89287,2027230068,geosearch,"901 SOUTHERN BOULEVARD, Bronx, NY, USA",2005768,811144.64,2027,True,622800.0,40500.0,901 REALTY LLC,C7,True,True,False,,False,0.0,,,1000.0,20000.0,27500.0,35000.0,27500.0,market_rate_sqft
agmarkets,731695,947 DELI GROCERY,"947 E 163RD ST, Bronx, NY 10459",947,EAST 163RD ST,10459,40.82099,-73.89617,2027030053,geosearch,"947 EAST 163 STREET, Bronx, NY, USA",2005463,812092.64,2027,True,1694700.0,140850.0,EAST 163RD,D7,True,True,False,,True,1.0,LEAS,,1000.0,20000.0,27500.0,35000.0,27500.0,market_rate_sqft
agmarkets,731565,INTERVALE DELI,"1103 INTERVALE AVE, Bronx, NY 10459",1103,INTERVALE AVE,10459,40.82619,-73.89706,2026920074,geosearch,"1103 INTERVALE AVENUE, Bronx, NY, USA",2005291,33233.28,2027,True,845100.0,49500.0,S. BX CATCH MUTUAL HSNG/ASSOC/HSNG/DEV/F UND/CORP.,D7,True,True,False,,False,0.0,,,900.0,18000.0,24750.0,31500.0,24750.0,market_rate_sqft
agmarkets,731084,R & J SEAFOOD,"800 FOOD CENTER DR UNIT 117 ###, Bronx, NY 10474",800,FOOD CENTER DRIVE UNIT 117 ###,10474,40.80434,-73.87625,2027800073,geosearch,"800 FOOD CENTER DRIVE, Bronx, NY, USA",2088215,,,,60466050.0,3643200.0,NYC DEPARTMENT OF SMALL BUSINESS SERVICES,Z9,True,False,False,,False,0.0,,,1500.0,30000.0,41250.0,52500.0,41250.0,market_rate_sqft
agmarkets,730509,DOLLAR GENERAL # 19211,"900 SOUTHERN BLVD, Bronx, NY 10459",900,SOUTHERN BLVD,10459,40.81955,-73.89289,2027350001,geosearch,"900 SOUTHERN BOULEVARD, Bronx, NY, USA",2005881,188508.0,2027,True,647550.0,135000.0,WOODY PEAK 1 LLC,K1,True,True,False,,False,0.0,,,1500.0,30000.0,41250.0,52500.0,41250.0,market_rate_sqft
agmarkets,730328,HPA DELI,"803 HUNTS POINT AVE, Bronx, NY 10474",803,HUNTS POINT AVE,10474,40.81693,-73.88812,2027400039,geosearch,"803 HUNT'S POINT AVENUE, Bronx, NY, USA",2005958,2865524.32,2027,True,1402650.0,94050.0,NEW 1275 LAFAYETTE,C7,True,True,False,,True,2.0,MLEA,,1200.0,24000.0,33000.0,42000.0,33000.0,market_rate_sqft
agmarkets,729127,DISCOUNT CORP AND 99 CENT,"545 A SOUTHERN BLVD ####, Bronx, NY 10455",545 A,SOUTHERN BLVD ####,10455,40.81223,-73.90377,2026830001,geosearch,"545 SOUTHERN BOULEVARD, Bronx, NY, USA",2005080,369908.16,2027,True,921600.0,135000.0,WMM REALTY LLC,K1,True,True,False,,False,0.0,,,,,,,,none
agmarkets,728049,A & G DELI GROCERY III,"948 E 163RD ST, Bronx, NY 10459",948,E 163RD ST,10459,40.82099,-73.89606,2027030018,geosearch,"948 EAST 163 STREET, Bronx, NY, USA",2005453,203841.6,2027,True,744750.0,38250.0,KELLY STREET REDEVELOPMENT HOUSING DEVEL OPMENT FUN,C7,True,True,False,,False,0.0,,,1200.0,24000.0,33000.0,42000.0,33000.0,market_rate_sqft
agmarkets,725894,ANTILLANA FRESH MEAT MARKET,"1025 WESTCHESTER AVE, Bronx, NY 10459",1025,WESTCHESTER AVE,10459,40.82403,-73.89319,2027260070,geosearch,"1025 WESTCHESTER AVENUE, Bronx, NY, USA",2095487,157304.8,2027,True,375300.0,112500.0,1025 WESTCHESTER PRPRTS,K1,True,True,False,,False,0.0,,,3000.0,60000.0,82500.0,105000.0,82500.0,market_rate_sqft
agmarkets,725369,ROYAL DELI,"980 INTERVALE AVE ###, Bronx, NY 10459",980,INTERVALE AVE ###,10459,40.82266,-73.89687,2027040005,geosearch,"980 INTERVALE AVENUE, Bronx, NY, USA",2005465,9834.08,2027,False,318600.0,43650.0,SONO REALTY LLC,S3,True,True,False,,False,0.0,,,,,,,,none
agmarkets,725218,EXCEL FOOD MART,"1264 RANDALL AVE, Bronx, NY 10474",1264,RANDALL AVE,10474,40.81204,-73.88705,2027680295,geosearch,"1264 RANDALL AVENUE, Bronx, NY, USA",2006814,242556.96,2027,True,626400.0,99000.0,1264 RANDALL AVE LLC,G3,True,True,False,,False,0.0,,,1200.0,24000.0,33000.0,42000.0,33000.0,market_rate_sqft
agmarkets,724739,DOLLAR TREE #05191,"925 HUNTS POINT AVE, Bronx, NY 10459",925,HUNTS POINT AVE,10459,40.8204,-73.89091,2027350020,geosearch,"925 HUNTS POINT AVENUE, Bronx, NY, USA",2129345,406541.6,2027,True,4562100.0,397800.0,"BDG SUFKA, LLC",K6,True,True,False,,True,3.0,MLEA,91830.38,2500.0,50000.0,68750.0,87500.0,91830.38,acris
agmarkets,724557,SABOR LATINO DELI SUPERMARKET,"1000 LONGWOOD AVE, Bronx, NY 10459",1000,LONGWOOD AVENUE,10459,40.81689,-73.89718,2027070063,geosearch,"1000 LONGWOOD AVENUE, Bronx, NY, USA",2005538,879858.56,2027,True,582750.0,112050.0,998 LONGWOOD INC,C7,True,True,False,,False,0.0,,,2000.0,40000.0,55000.0,70000.0,55000.0,market_rate_sqft
agmarkets,724181,NELLYS DELI GROCERY,"1240 SPOFFORD AVE, Bronx, NY 10474",1240,SPOFFORD AVE,10474,40.81407,-73.8894,2027650140,geosearch,"1240 SPOFFORD AVENUE, Bronx, NY, USA",2006612,674545.76,2027,False,1837350.0,67950.0,1230 SPOFFORD AVE HDF,C6,True,True,False,,False,0.0,,,1000.0,20000.0,27500.0,35000.0,27500.0,market_rate_sqft
agmarkets,723677,SAGAL MEAT MARKET,"1091 SOUTHERN BLVD, Bronx, NY 10459",1091,SOUTHERN BLVD,10459,40.8258,-73.89194,2027270045,geosearch,"1091 SOUTHERN BOULEVARD, Bronx, NY, USA",2005806,284301.12,2027,True,1014300.0,157950.0,1087 SOUTHERN REALTY LLC,K4,True,True,False,,False,0.0,,,2500.0,50000.0,68750.0,87500.0,68750.0,market_rate_sqft
agmarkets,723294,GRADYS COLD BREW,"819 GARRISON AVE, Bronx, NY 10474",819,GARRISON AVE,10474,40.81565,-73.89343,2027310043,geosearch,"819 GARRISON AVENUE, Bronx, NY, USA",2096074,160511.36,2027,True,410400.0,35550.0,M.S.T. HUNTS POINT LLC,E9,True,True,False,,False,0.0,,,8000.0,160000.0,220000.0,280000.0,220000.0,market_rate_sqft
agmarkets,723232,MARIA FOOD MARKET,"920 PROSPECT AVE, Bronx, NY 10459",920,PROSPECT AVE,10459,40.82179,-73.90074,2026900063,geosearch,"920 PROSPECT AVENUE, Bronx, NY, USA",2115864,15359.68,2027,True,771750.0,209700.0,920 PROSPECT GARDENS HOUSING DEVELOPMENT  FUND CORP,D7,True,True,False,,False,0.0,,,1100.0,22000.0,30250.0,38500.0,30250.0,market_rate_sqft
agmarkets,722667,LO MAXIMO DELI GROCERY,"710 BECK ST, Bronx, NY 10455",710,BECK STREET,10455,40.81513,-73.9,2027070001,geosearch,"710 BECK STREET, Bronx, NY, USA",2115251,335658.88,2027,True,439650.0,40050.0,977 LEGGETT AVENUE LLC,K9,True,True,False,,False,0.0,,,1100.0,22000.0,30250.0,38500.0,30250.0,market_rate_sqft
agmarkets,722504,CRYSTAL JAIDA GROCERY,"1090 LONGFELLOW AVE ####, Bronx, NY 10459",1090,LONGFELLOW AVE ####,10459,40.82606,-73.88784,2027570066,geosearch,"1090 LONGFELLOW AVENUE, Bronx, NY, USA",2006286,32469.28,2027,False,305100.0,52200.0,"BROWN, GARY H",S4,True,True,False,,False,0.0,,,1000.0,20000.0,27500.0,35000.0,27500.0,market_rate_sqft
agmarkets,721060,VERACRUZ DELI & GROCERY,"1019 E 167TH ST ###, Bronx, NY 10459",1019,E 167TH ST ###,10459,40.82676,-73.88898,2027540015,geosearch,"1019 EAST 167 STREET, Bronx, NY, USA",2006187,173165.92,2027,True,395100.0,39600.0,BMJM ENTERPRISE CORP,C7,True,True,False,,False,0.0,,,900.0,18000.0,24750.0,31500.0,24750.0,market_rate_sqft
agmarkets,718974,A & G DELI GROCERY II,"976 PROSPECT AVE, Bronx, NY 10459",976,PROSPECT AVE,10459,40.82338,-73.90008,2026900119,geosearch,"976 PROSPECT AVENUE, Bronx, NY, USA",2005212,359467.2,2027,True,746100.0,28350.0,850 REALTY ASSOCIATES LLC,C7,True,True,False,,False,0.0,,,,,,,,none
agmarkets,718789,CT GROCERY NY,"869 BRYANT AVE, Bronx, NY 10474",869,BRYANT AVE,10474,40.81879,-73.88665,2027627501,geosearch,"869 BRYANT AVENUE, Bronx, NY, USA",2006460,,,,1620451.0,405001.0,"CHILLUM PLACE, L.L.C.",RM,True,False,False,,False,,,,,,,,,none
agmarkets,718452,LA REYNA DE WESTCHESTER DELI GROCERY,"1218 WESTCHESTER AVE, Bronx, NY 10459",1218,WESTCHESTER AVE,10459,40.8261,-73.88915,2027500022,geosearch,"1218 WESTCHESTER AVENUE, Bronx, NY, USA",2006148,4337470.08,2027,True,2519100.0,81000.0,NEIGHBORHOOD RENEWAL HOUSING DEVELOPMENT  FUND CORP,C7,True,True,False,,False,0.0,,,,,,,,none
agmarkets,717675,FERNANDEZ DELI GROCERY,"1086 KELLY ST, Bronx, NY 10459",1086,KELLY ST,10459,40.82576,-73.89582,2027160031,geosearch,"1086 KELLY STREET, Bronx, NY, USA",2005673,11300.16,2027,True,324450.0,11250.0,"BK BRYANT AVENUE HDFC, INC.",C7,True,True,False,,False,0.0,,,1000.0,20000.0,27500.0,35000.0,27500.0,market_rate_sqft
agmarkets,716722,DAVIDOVICH BAKERY,"727 DRAKE ST, Bronx, NY 10474",727,DRAKE ST,10474,40.81598,-73.88303,2027640021,geosearch,"727 DRAKE STREET, Bronx, NY, USA",2088210,337377.12,2027,True,900450.0,124200.0,M.S.T. WHITTIER LLC,E9,True,True,False,,False,0.0,,,10000.0,200000.0,275000.0,350000.0,275000.0,market_rate_sqft
agmarkets,715252,FULTON FISH MARKET,"800 FOOD CENTER DR UNIT 3-4, Bronx, NY 10474",800,FOOD CENTER DRIVE UNIT 3-4,10474,40.80434,-73.87625,2027800073,geosearch,"800 FOOD CENTER DRIVE, Bronx, NY, USA",2088215,,,,60466050.0,3643200.0,NYC DEPARTMENT OF SMALL BUSINESS SERVICES,Z9,True,False,False,,False,0.0,,,3000.0,60000.0,82500.0,105000.0,82500.0,market_rate_sqft
agmarkets,713735,LA MINA MINI MARKET,"1000 HOE AVE, Bronx, NY 10459",1000,HOE AVE,10459,40.82335,-73.89044,2027490001,geosearch,"1000 HOE AVENUE, Bronx, NY, USA",2006109,194033.6,2027,True,416250.0,45000.0,JP HOE REALTY CORP,C7,True,True,False,,False,0.0,,,1500.0,30000.0,41250.0,52500.0,41250.0,market_rate_sqft
agmarkets,713293,CHANNELS DELI GROCERY,"910 PROSPECT AVE, Bronx, NY 10459",910,PROSPECT AVE,10459,40.82136,-73.90091,2026900022,geosearch,"910 PROSPECT AVENUE, Bronx, NY, USA",2005194,381305.12,2027,True,766350.0,20250.0,PROSPECT RLTY CORP,C7,True,True,False,,False,0.0,,,900.0,18000.0,24750.0,31500.0,24750.0,market_rate_sqft
agmarkets,711580,SOUTHERN FISH MARKET,"1037E 163ST, Bronx, NY 10459",1037E,163ST,10459,40.82099,-73.89141,,geosearch_no_hit,,,,,,,,,,,,,,,,,,2000.0,40000.0,55000.0,70000.0,55000.0,market_rate_sqft
agmarkets,711438,BP FOOD SHOP,"1360 BRUCKNER BLVD ###, Bronx, NY 10459",1360,BRUCKNER BLVD  ###,10459,40.82248,-73.88547,2027590042,geosearch,"1360 BRUCKNER BOULEVARD, Bronx, NY, USA",2006313,210377.44,2027,True,543150.0,90000.0,REMICA PROPERTY GROUP CORP.,G3,True,True,False,,True,1.0,LEAS,,1500.0,30000.0,41250.0,52500.0,41250.0,market_rate_sqft
agmarkets,707988,EL VALLE PRODUCE & DELI,"796 SOUTHERN BLVD, Bronx, NY 10455",796,SOUTHERN BLVD,10455,40.81608,-73.89646,2027290070,geosearch,"796 SOUTHERN BOULEVARD, Bronx, NY, USA",2005828,169528.32,2027,True,468900.0,67500.0,790-792 L.L.C.,K2,True,True,False,,False,0.0,,,2000.0,40000.0,55000.0,70000.0,55000.0,market_rate_sqft
agmarkets,707170,ALDUS 99 CENTS DISCOUNT STORE,"951 HOE AVE, Bronx, NY 10459",951,HOE AVE,10459,40.82295,-73.8904,2027427501,geosearch,"951 HOE AVENUE, Bronx, NY, USA",2113353,,,,12377700.0,649800.0,962 ALDUS STREET CONDO,RM,True,False,False,,False,,,,,,,,,none
agmarkets,705333,MEXICAN DELI INC,"1302-1304 LAFAYETTE AVE, Bronx, NY 10474",1302-1304,LAFAYETTE AVE,10474,40.81682,-73.88689,2027630215,geosearch,"1304 LAFAYETTE AVENUE, Bronx, NY, USA",2006551,595355.52,2027,True,1320750.0,40500.0,ARO 770 FAILE REALTY LLC,C7,True,True,False,,False,0.0,,,600.0,12000.0,16500.0,21000.0,16500.0,market_rate_sqft
agmarkets,704892,FINE FARE SUPERMARKET,"950 WESTCHESTER AVE, Bronx, NY 10459",950,WESTCHESTER AVE,10459,40.82248,-73.89614,2027037501,geosearch,"950 WESTCHESTER AVENUE, Bronx, NY, USA",2114693,,,,9337049.0,449999.0,UNAVAILABLE OWNER,RM,True,False,False,,False,,,,10000.0,200000.0,275000.0,350000.0,275000.0,market_rate_sqft
agmarkets,704399,ORWASHERS,"1187 E 156TH ST, Bronx, NY 10474",1187,E 156TH ST,10474,40.81244,-73.89263,2027360212,geosearch,"1187 EAST 156 STREET, Bronx, NY, USA",2005913,185110.4,2027,True,426600.0,35550.0,UNAVAILABLE OWNER,F5,True,True,False,,False,0.0,,,8000.0,160000.0,220000.0,280000.0,220000.0,market_rate_sqft
agmarkets,609927,C TOWN SUPERMARKET,"809 SOUTHERN BLVD, Bronx, NY 10459",809,SOUTHERN BLVD,10459,40.81703,-73.89547,2027210024,geosearch,"809 SOUTHERN BOULEVARD, Bronx, NY, USA",2005741,482888.0,2027,True,1198350.0,175500.0,RLR REALTY CORP,K1,True,True,False,,False,0.0,,,7500.0,150000.0,206250.0,262500.0,206250.0,market_rate_sqft
agmarkets,609069,REYES MEXICAN DELI,"998 LONGWOOD AVE #6, Bronx, NY 10459",998,LONGWOOD AVE #6,10459,40.81699,-73.89735,2027070063,geosearch,"998 LONGWOOD AVENUE, Bronx, NY, USA",2005538,879858.56,2027,True,582750.0,112050.0,998 LONGWOOD INC,C7,True,True,False,,False,0.0,,,400.0,8000.0,11000.0,14000.0,11000.0,market_rate_sqft
agmarkets,609037,JYJ DELI GROCERY,"968 E 165TH ST, Bronx, NY 10459",968,E 165TH ST,10459,40.82396,-73.89445,2027150053,geosearch,"968 EAST 165 STREET, Bronx, NY, USA",2005669,146487.04,2027,True,343350.0,81450.0,"S.U.S. REAL ESTATE OF BRONX, INC.",K1,True,True,False,,False,0.0,,,800.0,16000.0,22000.0,28000.0,22000.0,market_rate_sqft
agmarkets,608886,J&W FOOD CENTER,"990 LEGGETT AVE, Bronx, NY 10455",990,LEGGETT AVE,10455,40.81444,-73.8998,2026840076,geosearch,"990 LEGGETT AVENUE, Bronx, NY, USA",2005101,14283.04,2027,True,507150.0,74250.0,QUADRANT PROPERTIES HOUSING DEVELOPMENT  FUND COMPA,C7,True,True,False,,False,0.0,,,2000.0,40000.0,55000.0,70000.0,55000.0,market_rate_sqft
agmarkets,608872,PAULINO DELI GROCERY,"798 HUNTS PT AVE, Bronx, NY 10474",798,HUNTS PT AVE,10474,40.81648,-73.88784,2027630190,geosearch,"798 HUNTS POINT AVENUE, Bronx, NY, USA",2006548,2140459.32,2027,True,1164600.0,56250.0,1290 LAFAYETTE AVE.HOUSING DVLP FUND COR P.,D7,True,True,False,,False,0.0,,,1100.0,22000.0,30250.0,38500.0,30250.0,market_rate_sqft
agmarkets,608800,CACAO DELI GROCERY,"918 FAILE ST #1, Bronx, NY 10474",918,FAILE ST #1,10474,40.82041,-73.88806,2027610083,geosearch,"918 FAILE STREET, Bronx, NY, USA",2006367,1886569.76,2027,True,1420200.0,50400.0,"LULAV PROPERTIES, LLC",C7,True,True,False,,False,0.0,,,1200.0,24000.0,33000.0,42000.0,33000.0,market_rate_sqft
agmarkets,608767,BROTHERHOOD GOURMET DEL,"703 SOUTHERN BLVD, Bronx, NY 10455",703,SOUTHERN BLVD,10455,40.81366,-73.89897,2027200041,geosearch,"703 SOUTHERN BOULEVARD, Bronx, NY, USA",2005724,52165.2,2027,False,3267000.0,292500.0,1025-1027 LEGGETT AVENUE HDFC,C6,True,True,False,,False,0.0,,,1800.0,36000.0,49500.0,63000.0,49500.0,market_rate_sqft
agmarkets,608748,543 NORTH DELI GROCERY,"543 SOUTHERN BLVD, Bronx, NY 10455",543,SOUTHERN BLVD,10455,40.81221,-73.90385,2026830001,geosearch,"543 SOUTHERN BOULEVARD, Bronx, NY, USA",2005080,369908.16,2027,True,921600.0,135000.0,WMM REALTY LLC,K1,True,True,False,,False,0.0,,,2000.0,40000.0,55000.0,70000.0,55000.0,market_rate_sqft
agmarkets,608378,TRONCOSO DELI GROCERY,"590 SOUTHERN BLVD, Bronx, NY 10455",590,SOUTHERN BLVD,10455,40.81279,-73.90182,2026030024,geosearch,"590 SOUTHERN BOULEVARD, Bronx, NY, USA",2004128,451889.46,2027,False,713700.0,28350.0,590 SOUTHERN BLVD HDFC,C6,True,True,False,,True,1.0,LEAS,,1800.0,36000.0,49500.0,63000.0,49500.0,market_rate_sqft
agmarkets,608221,SWEET DELI&GROCERY,"956 INTERVALE AVE, Bronx, NY 10459",956,INTERVALE AVE,10459,40.82166,-73.89688,2027030032,geosearch,"956 INTERVALE AVENUE, Bronx, NY, USA",2005458,188287.68,2027,True,577800.0,39150.0,952 956 INTERVALE REALTY CORP,C7,True,True,False,,False,0.0,,,1000.0,20000.0,27500.0,35000.0,27500.0,market_rate_sqft
agmarkets,607755,WORLD WIDE DIRECT SEAFD,"800 FOOD CENTER DR UNIT 13, Bronx, NY 10474",800,FOOD CENTER DR  UNIT 13,10474,40.80434,-73.87625,2027800073,geosearch,"800 FOOD CENTER DRIVE, Bronx, NY, USA",2088215,,,,60466050.0,3643200.0,NYC DEPARTMENT OF SMALL BUSINESS SERVICES,Z9,True,False,False,,False,0.0,,,5500.0,110000.0,151250.0,192500.0,151250.0,market_rate_sqft
agmarkets,607615,LOS HIJOS DE CHORRO DEL,"701-703 FAILE ST, Bronx, NY 10474",701-703,FAILE ST,10474,40.81477,-73.88655,2027630162,geosearch,"703 FAILE STREET, Bronx, NY, USA",2006535,242675.68,2027,True,1426950.0,48600.0,"34-37 REALTY, LTD.",C7,True,True,False,,False,0.0,,,1400.0,28000.0,38500.0,49000.0,38500.0,market_rate_sqft
agmarkets,607147,EVOLUTION GOURMET,"923 PROSPECT AVE, Bronx, NY 10459",923,PROSPECT AVE,10459,40.82185,-73.90071,2026770070,geosearch,"923 PROSPECT AVENUE, Bronx, NY, USA",2005012,2901512.35,2027,True,1374750.0,125100.0,919 PROSPECT AVENUE LLC,D7,True,True,False,,False,0.0,,,,,,,,none
agmarkets,606738,CASTILLO FAMILY GROCERY,"1010 LONGWOOD AVE, Bronx, NY 10459",1010,LONGWOOD AVE,10459,40.81668,-73.89683,2027200069,geosearch,"1010 LONGWOOD AVENUE, Bronx, NY, USA",2005730,,,,1335150.0,54000.0,788 FOX STREET HOUSING DEVELOPMENT FUND  CORPORATIO,C7,True,False,False,,False,0.0,,,1500.0,30000.0,41250.0,52500.0,41250.0,market_rate_sqft
agmarkets,606630,DELI FARMS,"850 LONGWOOD AVE, Bronx, NY 10459",850,LONGWOOD AVE,10459,40.81944,-73.90144,2026880048,geosearch,"850 LONGWOOD AVENUE, Bronx, NY, USA",2005169,,,,1269000.0,73350.0,HOUSING DEV. FUND CORP,D7,True,False,False,,True,3.0,LEAS,225033.25,2000.0,40000.0,55000.0,70000.0,225033.25,acris
agmarkets,606156,FOOD UNIVERSE,"724 HUNTS PT AVE, Bronx, NY 10474",724,HUNTS PT AVE,10474,40.81536,-73.88669,2027630256,geosearch,"724 HUNT'S POINT AVENUE, Bronx, NY, USA",2006564,302307.84,2027,True,715050.0,63450.0,"724 HUNTS POINT REALTY, LLC",K1,True,True,False,,True,1.0,LEAS,,8000.0,160000.0,220000.0,280000.0,220000.0,market_rate_sqft
agmarkets,604974,RITE AID PHARMACY 03844,"950-960 SOUTHERN BLVD, Bronx, NY 10459",950-960,SOUTHERN BLVD,10459,40.821302,-73.891636,2027420026,geosearch,"960 SOUTHERN BOULEVARD, Bronx, NY, USA",2006007,1768929.12,2027,True,2850750.0,286200.0,SOUTHERN BLVD REALTY,K2,True,True,False,,False,0.0,,,5000.0,100000.0,137500.0,175000.0,137500.0,market_rate_sqft
agmarkets,604501,A&G DELI GROCERY,"931 FOX ST, Bronx, NY 10459",931,FOX ST,10459,40.82072,-73.89387,2027120028,geosearch,"931 FOX STREET, Bronx, NY, USA",2005635,66431.84,2027,True,1361700.0,52200.0,QUADRANT PROPERTIES HOUSING DEVELOPMENT,D7,True,True,False,,False,0.0,,,1600.0,32000.0,44000.0,56000.0,44000.0,market_rate_sqft
agmarkets,603764,1029 SIMPSON DELI&GROCERY,"1029 WESTCHESTER AVE, Bronx, NY 10459",1029,WESTCHESTER AVE,10459,40.82414,-73.89298,2027260066,geosearch,"1029 WESTCHESTER AVENUE, Bronx, NY, USA",2005798,810866.24,2027,True,1308150.0,28350.0,1027 GV LLC,C7,True,True,False,,False,0.0,,,1800.0,36000.0,49500.0,63000.0,49500.0,market_rate_sqft
agmarkets,603652,FOOD FAIR FRESH MARKET,"1065 E 163RD ST, Bronx, NY 10459",1065,E 163RD ST,10459,40.821,-73.89071,2027420003,geosearch,"1065 EAST 163 STREET, Bronx, NY, USA",2094370,2970772.64,2027,True,7030800.0,2250000.0,940 SOUTHERN BOULEVA,K1,True,True,False,,False,0.0,,,13000.0,260000.0,357500.0,455000.0,357500.0,market_rate_sqft
agmarkets,601435,KEY FOOD,"1050 WESTCHESTER AVE, Bronx, NY 10459",1050,WESTCHESTER AVE,10459,40.82494,-73.8914,2027430025,geosearch,"1050 WESTCHESTER AVENUE, Bronx, NY, USA",2006022,3711175.84,2027,True,3884850.0,195750.0,DTRD REALTY LLC,D9,True,True,False,,False,0.0,,,15000.0,300000.0,412500.0,525000.0,412500.0,market_rate_sqft
agmarkets,600580,MATA E CANA DELI & GRCY,"911 E 156TH ST, Bronx, NY 10455",911,E 156TH ST,10455,40.81692,-73.90103,2026950048,geosearch,"911 EAST 156 STREET, Bronx, NY, USA",2091998,17487.44,2027,False,45180.0,9300.0,"GOMEZ, EDUARDO",S2,True,True,False,,False,0.0,,,1500.0,30000.0,41250.0,52500.0,41250.0,market_rate_sqft
agmarkets,600350,RODRIGUEZ GROCERY,"753 FOX ST, Bronx, NY 10455",753,FOX ST,10455,40.81566,-73.89822,2027070085,geosearch,"753 FOX STREET, Bronx, NY, USA",2005542,990771.68,2027,True,2261250.0,112500.0,"SOUTHERN BLVD I HOUSING DEV. FUND COMPAN Y, INC.",D7,True,True,False,,False,0.0,,,1500.0,30000.0,41250.0,52500.0,41250.0,market_rate_sqft
agmarkets,600246,C-TOWN SUPERMARKET,"564 SOUTHERN BLVD, Bronx, NY 10455",564,SOUTHERN BLVD,10455,40.81251,-73.90281,2026030011,geosearch,"564 SOUTHERN BOULEVARD, Bronx, NY, USA",2004123,275517.6,2027,True,719550.0,146250.0,564 SOUTHERN BLVD LLC,K2,True,True,False,,False,0.0,,,8000.0,160000.0,220000.0,280000.0,220000.0,market_rate_sqft
agmarkets,600187,ALMANZAR GROCERY&FOOD,"854 INTERVALE AVE, Bronx, NY 10459",854,INTERVALE AVE,10459,40.81801,-73.89562,2027220001,geosearch,"854 INTERVALE AVENUE, Bronx, NY, USA",2087653,68037.36,2027,False,384750.0,24750.0,854 INTERVALE AVE HDFC,C6,True,True,False,,False,0.0,,,1000.0,20000.0,27500.0,35000.0,27500.0,market_rate_sqft
