store,address,license_number,bbl,lot_type,agm_sqft,occupancy_basis,occupied_sqft,denominator_sqft,denominator_source,lot_tax_fy2025,nopv_gross_income,Rent_j_v2,store_share_v1,store_share_area,store_share_income,share_method,store_share,Tax_j_v1,Tax_j_area,Tax_j_income,Tax_j,Tax_j_high,Tax_j_change_vs_v1,nopv_est_property_tax,nopv_diff_pct,nopv_check,flags
KEY FOOD,1050 WESTCHESTER AVE,601435,2027430025,whole_lot,15000,dof_commercial_area,12810.0,67339.0,"PLUTO bldgarea (all floors, all buildings on the lot)",472668.76,2001315.0,236088,0.2228,0.1902,0.118,floor area,0.1902,105310.6,89901.6,55774.91,89901.6,89901.6,-15409.0,472744.38,-0.0,ok,Ag & Markets sq ft exceeds PLUTO commercial area (occupied area set to commercial area); mixed-use lot with residential floor area
FOOD UNIVERSE,724 HUNTS PT AVE,606156,2027630256,whole_lot,8000,whole_building,9800.0,9800.0,"PLUTO bldgarea (all floors, all buildings on the lot)",60962.44,187632.0,187670,0.8163,1.0,1.0,floor area,1.0,49763.64,60962.44,60962.44,60962.44,60962.44,11198.8,59999.44,1.6,ok,
FOOD FAIR FRESH MARKET,1065 E 163RD ST,603652,2027420003,whole_lot,13000,measured,11400.0,22000.0,"PLUTO bldgarea (all floors, all buildings on the lot)",692855.44,2492183.0,210102,0.5909,0.5182,0.0843,income (floor-area share kept as Tax_j_high),0.0843,409408.28,359037.69,58407.71,58407.71,359037.69,-351000.57,690466.0,0.3,ok,lot has 5 buildings; multi-tenant lot: tax split by share of DOF estimated income
C TOWN SUPERMARKET,809 SOUTHERN BLVD,609927,2027210024,whole_lot,7500,measured,9200.0,16500.0,"PLUTO bldgarea (all floors, all buildings on the lot)",104001.84,285763.0,159344,0.4545,0.5576,0.5576,floor area,0.5576,47268.84,57991.43,57991.43,57991.43,57991.43,10722.59,102358.97,1.6,ok,
C-TOWN SUPERMARKET,564 SOUTHERN BLVD,600246,2026030011,whole_lot,8000,dof_retail_area,10000.0,20000.0,"PLUTO bldgarea (all floors, all buildings on the lot)",61727.6,368690.0,184300,0.4,0.5,0.4999,floor area,0.5,24691.04,30863.8,30857.63,30863.8,30863.8,6172.76,60752.53,1.6,ok,
ANTILLANA FRESH MEAT MARKET,1025 WESTCHESTER AVE,725894,2027260070,whole_lot,3000,fraction_of_building,4635.0,9270.0,"PLUTO bldgarea (all floors, all buildings on the lot)",37193.48,211764.0,105863,0.3236,0.5,0.4999,floor area,0.5,12035.81,18596.74,18593.02,18596.74,18596.74,6560.93,36605.95,1.6,ok,lot has 4 buildings
JJ SOUTHERN FARM FRUIT,1046 SOUTHERN BLVD,749183,2027430015,whole_lot,1600,agmarkets,1600.0,8251.0,"PLUTO bldgarea (all floors, all buildings on the lot)",88474.4,355892.0,69008,0.1939,0.1939,0.1939,floor area,0.1939,17155.19,17155.19,17155.19,17155.19,17155.19,0.0,119691.72,-26.1,bill below notice estimate: installments were reduced during the year (Tax Commission reduction or abatement); final billed amount used,
SAGAL MEAT MARKET,1091 SOUTHERN BLVD,723677,2027270045,whole_lot,2500,agmarkets,2500.0,17600.0,"PLUTO bldgarea (all floors, all buildings on the lot)",63848.96,470294.0,66800,0.142,0.142,0.142,floor area,0.142,9066.55,9066.55,9066.55,9066.55,9066.55,0.0,81267.86,-21.4,bill below notice estimate: installments were reduced during the year (Tax Commission reduction or abatement); final billed amount used,
FINE FARE SUPERMARKET,950 WESTCHESTER AVE,704892,2027031001,condo_unit,10000,condo_unit_part,10000.0,19300.0,condo unit gross sq ft (2024-25 notice),15710.72,,184300,1.0,0.5181,,floor area,0.5181,15710.72,8139.72,,8139.72,8139.72,-7571.0,15462.52,1.6,ok,condo unit bill; store is part of the retail unit
