store,address,license_number,bbl,store_sqft,size_group,nopv_bldg_class,nopv_gross_sqft,nopv_gross_income,rent_psf_nopv,rent_nopv,nopv_usable,rent_psf_nopv_peer_median,comps_basis,rent_psf_comps_p25,rent_psf_comps_median,rent_psf_comps_p75,rent_rusa_range,rent_rusa_low,rent_rusa_high,rent_old_27_50,rent_psf_used,Rent_j,Rent_j_low,Rent_j_high,rent_source
KEY FOOD,1050 WESTCHESTER AVE,601435,2027430025,15000,"large (5,000+ sq ft)",D9,67339.0,2001315.0,29.72,445800.0,"residential mixed (63 apartments): income includes apartment rents, not usable directly",18.43,"CD2-area ZIPs, n=1 (fewer than 5; not used)",35.0,35.0,35.0,"$100,000 to $250,000",100000.0,250000.0,412500.0,18.43,276450,259800,287250,"DOF notice median of usable large (5,000+ sq ft) lots; own-lot notice residential mixed (63 apartments)"
FOOD FAIR FRESH MARKET,1065 E 163RD ST,603652,2027420003,13000,"large (5,000+ sq ft)",K1,22000.0,2492183.0,113.28,1472640.0,"multi-tenant lot (17 storefronts): average reflects small-shop rents, not usable directly for a supermarket",18.43,"CD2-area ZIPs, n=1 (fewer than 5; not used)",35.0,35.0,35.0,"$100,000 to $250,000",100000.0,250000.0,357500.0,18.43,239590,225160,248950,"DOF notice median of usable large (5,000+ sq ft) lots; own-lot notice multi-tenant lot (17 storefronts)"
FINE FARE SUPERMARKET,950 WESTCHESTER AVE,704892,2027031001,10000,"large (5,000+ sq ft)",RK,,,,,no income factors on notice (condo unit valued by market value only),18.43,"CD2-area ZIPs, n=1 (fewer than 5; not used)",35.0,35.0,35.0,"$10,000 to $25,000",10000.0,25000.0,275000.0,18.43,184300,173200,191500,"DOF notice median of usable large (5,000+ sq ft) lots; own-lot notice no income factors on notice (condo unit valued by market value only)"
FOOD UNIVERSE,724 HUNTS PT AVE,606156,2027630256,8000,"large (5,000+ sq ft)",K1,9800.0,187632.0,19.15,153200.0,usable,18.43,"CD2-area ZIPs, n=1 (fewer than 5; not used)",35.0,35.0,35.0,"Less than $10,000",0.0,10000.0,220000.0,19.15,153200,138560,153200,"DOF notice 2024-25, own lot"
C-TOWN SUPERMARKET,564 SOUTHERN BLVD,600246,2026030011,8000,"large (5,000+ sq ft)",K2,20000.0,368690.0,18.43,147440.0,usable,18.43,"CD2-area ZIPs, n=1 (fewer than 5; not used)",35.0,35.0,35.0,"$50,000 to $100,000",50000.0,100000.0,220000.0,18.43,147440,138560,153200,"DOF notice 2024-25, own lot"
C TOWN SUPERMARKET,809 SOUTHERN BLVD,609927,2027210024,7500,"large (5,000+ sq ft)",K1,16500.0,285763.0,17.32,129900.0,usable,18.43,"CD2-area ZIPs, n=1 (fewer than 5; not used)",35.0,35.0,35.0,"$50,000 to $100,000",50000.0,100000.0,206250.0,17.32,129900,129900,143625,"DOF notice 2024-25, own lot"
JJ SOUTHERN FARM FRUIT,1046 SOUTHERN BLVD,749183,2027430015,1600,"small (under 5,000 sq ft)",K1,8251.0,355892.0,43.13,69008.0,usable,26.72,"CD2-area ZIPs, n=2 (fewer than 5; not used)",51.6,56.07,60.54,,,,44000.0,43.13,69008,36544,69008,"DOF notice 2024-25, own lot"
ANTILLANA FRESH MEAT MARKET,1025 WESTCHESTER AVE,725894,2027260070,3000,"small (under 5,000 sq ft)",K1,9270.0,211764.0,22.84,68520.0,usable,26.72,"CD2-area ZIPs, n=2 (fewer than 5; not used)",51.6,56.07,60.54,"$10,000 to $25,000",10000.0,25000.0,82500.0,22.84,68520,68520,129390,"DOF notice 2024-25, own lot"
SAGAL MEAT MARKET,1091 SOUTHERN BLVD,723677,2027270045,2500,"small (under 5,000 sq ft)",K4,17600.0,470294.0,26.72,66800.0,usable,26.72,"CD2-area ZIPs, n=2 (fewer than 5; not used)",51.6,56.07,60.54,"Less than $10,000",0.0,10000.0,68750.0,26.72,66800,57100,107825,"DOF notice 2024-25, own lot"
