county,license_number,operation_type,estab_type,entity_name,dba_name,street_number,street_name,city,state,zip_code,georeference,:@computed_region_yamh_8v7k,square_footage,address_line_2,address_line_3,longitude,latitude,snap_eligible,snap_ever_authorized,snap_match_method,snap_record_id,snap_store_name,snap_store_type,snap_auth_date,snap_end_date,snap_match_distance_m
BRONX,767797,Store,AC,A&Z GOURMET DELI CORP,A&Z GOURMET DELI,772,HUNTS POINT AVE,BRONX,NY,10474,"{'type': 'Point', 'coordinates': [-73.88739, 40.81603]}",307,,,,-73.88739,40.81603,0,1,address,1352620.0,Famous Gourmet And Grill Corp,Convenience Store,6/30/2020,6/30/2024,0.0
BRONX,766176,Store,AC,1054 UNITED DELI & SALAD INC,1054 UNITED DELI & SALAD,1054,SOUTHERN BLVD,BRONX,NY,10459,"{'type': 'Point', 'coordinates': [-73.89191, 40.82439]}",307,900.0,,,-73.89191,40.82439,1,1,address,1486973.0,1054 United Deli & Tobacco Corp,Small Grocery Store,2/17/2022,,0.0
BRONX,766161,Store,AC,YADIEL GROCERY STORE CORP,YADIEL GROCERY STORE,670,BARRETTO STREET,BRONX,NY,10474,"{'type': 'Point', 'coordinates': [-73.8892, 40.8139]}",307,1000.0,,,-73.8892,40.8139,1,1,address,1640862.0,Yadiel Grocery Store Corp,Small Grocery Store,5/21/2025,,0.0
BRONX,765394,Store,ACDK,KADOSH TRADING INC,KADOSH FOODS,490,HUNTS POINT AVE,BRONX,NY,10474,"{'type': 'Point', 'coordinates': [-73.88135, 40.8102]}",307,5000.0,,,-73.88135,40.8102,0,0,none,,,,,,
BRONX,764530,Store,AC,844 MINI MARKET FISH AND FRIES INC,844 MINI MARKET FISH,844,HUNTS POINT AVE,BRONX,NY,10474,"{'type': 'Point', 'coordinates': [-73.88851, 40.81757]}",307,,,,-73.88851,40.81757,0,1,address,1635462.0,Sammy Fish & Deli,Combination Grocery/Other,4/2/2025,8/27/2025,0.0
BRONX,764455,Store,AC,D LORA CORP,D LORA,814,HEWITT PLACE,BRONX,NY,10459,"{'type': 'Point', 'coordinates': [-73.89988, 40.81882]}",307,,,,-73.89988,40.81882,1,1,address,1607586.0,D' Lora Corp.,Small Grocery Store,8/16/2024,,0.0
BRONX,764322,Store,AC,FERNANDEZ MARGARITA,MARGARITAS GROCERY STORE,926,INTERVALE AVE,BRONX,NY,10459,"{'type': 'Point', 'coordinates': [-73.89661, 40.81984]}",307,1000.0,,,-73.89661,40.81984,1,1,address,861543.0,Margarita's Grocery Store,Convenience Store,4/28/2025,,0.0
BRONX,763602,Store,AC,VARIEDADES DE MI CULTURA EBENEZER CORP,VARIEDADES DE MI CULTURA EBENEZER,1087-1093,SOUTHERN BLVD,BRONX,NY,10459,"{'type': 'Point', 'coordinates': [-73.89194, 40.82577]}",307,,,,-73.89194,40.82577,1,1,address,1242591.0,Southern Blvd Meat Market Corp./Sagal Food,Large Grocery Store,3/31/2016,,0.0
BRONX,763544,Store,AC,J&J DELI GROCERY STORE CORP,J&J DELI GROCERY STORE,699,BECK STREET ##,BRONX,NY,10455,"{'type': 'Point', 'coordinates': [-73.9003, 40.81503]}",307,1000.0,,,-73.9003,40.81503,1,1,address,1645086.0,J & J Deli Grocery Store Corp.,Convenience Store,3/26/2025,,0.0
BRONX,763145,Store,AC,DIANA MINI MARKET CORP,DIANA MINI MARKET,701,COSTER STREET ####,BRONX,NY,10474,"{'type': 'Point', 'coordinates': [-73.88748, 40.81464]}",307,1200.0,,,-73.88748,40.81464,1,1,address,1609989.0,Diana Mini Market Corp.,Convenience Store,8/29/2024,,0.0
BRONX,762631,Store,AC,BUUNNI COFFEE LLC,ROASTING ROOM THE,542,BARRETTO ST,BRONX,NY,10474,"{'type': 'Point', 'coordinates': [-73.88848, 40.81117]}",307,5000.0,,,-73.88848,40.81117,1,1,spatial,1490289.0,Berakah Foods,Combination Grocery/Other,2/24/2022,,66.4
BRONX,762597,Store,A,JOSE MINI MARKET INC,JOSE MINI MARKET,549,SOUTHERN BLVD,BRONX,NY,10455,"{'type': 'Point', 'coordinates': [-73.90358, 40.81228]}",307,,,,-73.90358,40.81228,1,1,spatial,1283805.0,Discount Corp And 99c,Convenience Store,9/15/2017,,17.0
BRONX,762584,Store,AC,1007 GOURMET DELI INC,1007 GOURMET DELI,1007,SOUTHERN BLVD,BRONX,NY,10459,"{'type': 'Point', 'coordinates': [-73.89179, 40.82304]}",307,,,,-73.89179,40.82304,0,1,address,1507206.0,Southern Boulevard Gourmet Deli And Smoke Shop Cor,Convenience Store,9/13/2022,11/18/2024,0.0
BRONX,762487,Store,AC,CASITA MARIA DELI CORP,CASITA MARIA DELI,1020-1022,EAST 163RD STREET,BRONX,NY,10459,"{'type': 'Point', 'coordinates': [-73.89225, 40.82098]}",307,,,,-73.89225,40.82098,1,1,address,1609305.0,Casita Maria Deli Corp,Convenience Store,8/26/2024,,0.0
BRONX,762315,Store,AC,LAS 3S R DELI GROCERY CORP,LAS 3'S DELI GROCERY,1001,E 167TH ST,BRONX,NY,10459,"{'type': 'Point', 'coordinates': [-73.88968, 40.82677]}",307,1000.0,,,-73.88968,40.82677,1,1,spatial,1604154.0,Sammay's Deli & Grocery Inc,Convenience Store,7/18/2024,,53.5
BRONX,762137,Store,AC,FERNANDEZ DELI GROCERY II CORP,FERNANDEZ DELI GROCERY II,986,ROGERS PLACE,BRONX,NY,10459,"{'type': 'Point', 'coordinates': [-73.89761, 40.82374]}",307,,,,-73.89761,40.82374,1,1,address,1598539.0,Fernandez Deli Grocery ll Corp,Small Grocery Store,8/7/2024,,0.0
BRONX,761933,Store,A,DREAMS 1 99C CORPORATION,99 CENT DREAMS,874,HUNTS POINT AVE,BRONX,NY,10474,"{'type': 'Point', 'coordinates': [-73.88928, 40.81878]}",307,,,,-73.88928,40.81878,0,1,address,1508913.0,Dreams 1 99c Corporation,Convenience Store,7/27/2022,6/29/2023,0.0
BRONX,761834,Store,AC,YEDELINE DELI & GROCERY 3 CORP,YEDELINE DELI & GROCERY 3,900,HOE AVE,BRONX,NY,10459,"{'type': 'Point', 'coordinates': [-73.89028, 40.82135]}",307,,,,-73.89028,40.82135,1,1,address,1602487.0,Yedelin Deli & Grocery 3 Corp,Convenience Store,9/16/2024,,0.0
BRONX,761622,Store,AC,ULISESS BUTCHER SHOP NY INC,ULISESS BUTCHER SHOP NY,956,LONGWOOD AVE###,BRONX,NY,10459,"{'type': 'Point', 'coordinates': [-73.89827, 40.81755]}",307,,,,-73.89827,40.81755,1,1,address,1608073.0,Ulises's Butcher Shop,Medium Grocery Store,8/21/2024,,0.0
BRONX,761224,Store,AC,MAX FRESH FOOD DELI CORP,MAX FRESH FOOD DELI,870,PROSPECT AVE,BRONX,NY,10459,"{'type': 'Point', 'coordinates': [-73.90137, 40.82027]}",307,,,,-73.90137,40.82027,1,1,address,1386212.0,Skyline 1 Deli & Grocery Corp,Convenience Store,12/12/2024,,0.0
BRONX,760337,Store,AC,MARCS DELI & GROCERY CORP,MARCS DELI & GROCERY,1126,WESTCHESTER AVE,BRONX,NY,10459,"{'type': 'Point', 'coordinates': [-73.88993, 40.82569]}",307,,,,-73.88993,40.82569,0,1,address,1491789.0,Kareem Deli & Grocery Corporation,Convenience Store,4/21/2022,7/11/2023,0.0
BRONX,760222,Store,AC,NOVAX DELI CORPORATION,NOVAX DELI,831,DAWSON ST,BRONX,NY,10459,"{'type': 'Point', 'coordinates': [-73.89844, 40.81897]}",307,,,,-73.89844,40.81897,1,1,address,1604435.0,Novax Deli Corporation,Convenience Store,8/27/2024,,0.0
BRONX,760107,Store,AC,FIRST HEALTH FRESH GOURMET INC,FIRST HEALTH FRESH GOURMET,795,SOUTHERN BLVD,BRONX,NY,10455,"{'type': 'Point', 'coordinates': [-73.89645, 40.81609]}",307,,,,-73.89645,40.81609,1,1,address,1537739.0,First Healthy Fresh Gourmet Inc,Convenience Store,3/23/2023,,0.0
BRONX,760077,Store,A,NEW HOPE GROCERY INC,NEW HOPE GROCERY,944,ALDUS ST,BRONX,NY,10459,"{'type': 'Point', 'coordinates': [-73.89145, 40.8231]}",307,,,,-73.89145,40.8231,0,1,address,1569215.0,"New Hope Grocery, Inc.",Convenience Store,1/4/2024,9/2/2024,0.0
BRONX,758904,Store,A,CULINART INC,BALDOR SPECIALTY FOODS,155,FOOD CENTER DRIVE  ##,BRONX,NY,10474,"{'type': 'Point', 'coordinates': [-73.87445, 40.80814]}",307,400.0,,,-73.87445,40.80814,0,0,none,,,,,,
BRONX,758653,Store,AC,GINO DELI GROCERY CORP,GINO DELI GROCERY,935,E 163RD ST  ##,BRONX,NY,10459,"{'type': 'Point', 'coordinates': [-73.89653, 40.821]}",307,1200.0,,,-73.89653,40.821,1,1,address,1554264.0,Gino Deli Grocery,Convenience Store,11/29/2023,,0.0
BRONX,757845,Store,AC,KELLY SREET DELI CORP,KELLY SREET DELI,947,E 163RD STREET,BRONX,NY,10459,"{'type': 'Point', 'coordinates': [-73.89617, 40.82099]}",307,1400.0,,,-73.89617,40.82099,1,1,address,1552039.0,Kelly Street Deli Corp,Convenience Store,8/15/2023,,0.0
BRONX,756554,Store,AC,SON SONATECA GROCERY STORE CORP,RP GROCERY DELI,945,ALDUS ST,BRONX,NY,10459,"{'type': 'Point', 'coordinates': [-73.89143, 40.8231]}",307,,,,-73.89143,40.8231,1,1,address,1527986.0,Son Sonateca Grocery Store Corp.,Convenience Store,1/19/2023,,0.0
BRONX,756541,Store,AC,GRAB 2 GO DELI CORP,GRAB 2 GO DELI,1101,GARRISON AVE,BRONX,NY,10474,"{'type': 'Point', 'coordinates': [-73.88951, 40.81957]}",307,2000.0,,,-73.88951,40.81957,0,1,address,1612784.0,Grab 2 Go Deli Corp,Convenience Store,8/14/2024,9/17/2025,0.0
BRONX,755526,Store,AC,HEALTHY SHACK DELI GROCERY CORP,HEALTHY SHACK DELI GROCERY,1086,SOUTHERN BLVD. STORE #2 ###,BRONX,NY,10459,"{'type': 'Point', 'coordinates': [-73.89172, 40.82599]}",307,,,,-73.89172,40.82599,1,1,address,1532679.0,Healthy Shack Deli Grocery Corp.,Convenience Store,2/27/2023,,0.0
BRONX,755064,Store,AC,BEL CANTO FOODS LLC,DOWN EAST SEAFOOD,311,MANIDA ST ###,BRONX,NY,10474,"{'type': 'Point', 'coordinates': [-73.88641, 40.80688]}",307,,,,-73.88641,40.80688,0,0,none,,,,,,
BRONX,754673,Store,AC,PERLA GROCERY CORP,PERLA GROCERY,1142,EAST 165TH STREET ###,BRONX,NY,10459,"{'type': 'Point', 'coordinates': [-73.88748, 40.82523]}",307,,,,-73.88748,40.82523,0,1,address,1517760.0,Perla Grocery Corp,Convenience Store,10/11/2022,11/14/2025,0.0
BRONX,753620,Store,A,AAYAN FRUITS & VEGETABLES INC,AAYAN FRUITS & VEGETABLES,547,SOUTHERN BLVD,BRONX,NY,10455,"{'type': 'Point', 'coordinates': [-73.90362, 40.81227]}",307,,,,-73.90362,40.81227,1,1,address,1507967.0,Aayan Fruits & Vegetables Inc,Small Grocery Store,7/28/2022,,0.0
BRONX,753105,Store,AC,EL MANA MINI MARKET CORP,EL MANA MINI MARKET,1024,LONGWOOD AVE,BRONX,NY,10459,"{'type': 'Point', 'coordinates': [-73.89645, 40.81645]}",307,1650.0,,,-73.89645,40.81645,1,1,address,1498778.0,El Mana Minimarket Corp.,Meat/Poultry Specialty,6/27/2022,,0.0
BRONX,752283,Store,AC,IRON GRILL CORP,IRON GRILL,596,SOUTHERN BLVD  ###,BRONX,NY,10455,"{'type': 'Point', 'coordinates': [-73.90165, 40.81284]}",307,,,,-73.90165,40.81284,1,1,address,1493937.0,Iron Grill Corp,Convenience Store,6/13/2022,,0.0
BRONX,751852,Store,AC,GILBERT PLACE DELI GROCERY INC,GILBERT PLACE DELI GROCERY,1204,GILBERT PLACE,BRONX,NY,10474,"{'type': 'Point', 'coordinates': [-73.88814, 40.81784]}",307,1400.0,,,-73.88814,40.81784,1,1,address,1505236.0,Gilbert Place Deli Grocery Inc,Small Grocery Store,9/2/2022,,0.0
BRONX,751634,Store,AC,EL PROVOCON DELI GROCERY CORP,EL PROVOCON DELI GROCERY,622-624,MANIDA ST - STORE 1,BRONX,NY,10474,"{'type': 'Point', 'coordinates': [-73.88782, 40.8123]}",307,1000.0,,,-73.88782,40.8123,0,1,address,527997.0,MANIDA FOOD CENTER INC,Convenience Store,5/20/2003,7/6/2020,0.0
BRONX,751504,Store,A,SW GROCERY & DELI CORP,SW GROCERY & DELI,935,E 163 ST - CORNER,BRONX,NY,10459,"{'type': 'Point', 'coordinates': [-73.89653, 40.821]}",307,,,,-73.89653,40.821,1,1,address,1554264.0,Gino Deli Grocery,Convenience Store,11/29/2023,,0.0
BRONX,751327,Store,AC,TOP FRUITS AND VEGETABLES CORP,TOP FRUITS AND VEGETABLES,1057,SOUTHERN BLVD,BRONX,NY,10459,"{'type': 'Point', 'coordinates': [-73.89194, 40.82482]}",307,1500.0,,,-73.89194,40.82482,1,1,address,569084.0,SK Fruit Market Corp,Medium Grocery Store,5/22/1990,,0.0
BRONX,751207,Store,AC,MI CHAPINCITA QUETZAL CORP,MI CHAPINCITA QUETZAL,1093,SOUTHERN BLVD,BRONX,NY,10459,"{'type': 'Point', 'coordinates': [-73.89194, 40.82605]}",307,,,,-73.89194,40.82605,0,1,address,1070975.0,A Z Deli Inc,Convenience Store,11/20/2012,3/31/2014,0.0
BRONX,750697,Store,AC,THEMACCS LLC,MACCS,220,COSTER ST,BRONX,NY,10474,"{'type': 'Point', 'coordinates': [-73.88505, 40.80519]}",307,2000.0,,,-73.88505,40.80519,0,0,none,,,,,,
BRONX,750497,Store,AC,HUNTS POINT DELI CORP,HUNTS POINT DELI,1331,SENECA AVE,BRONX,NY,10474,"{'type': 'Point', 'coordinates': [-73.88637, 40.81904]}",307,,,,-73.88637,40.81904,1,1,address,1497827.0,Hunts Point Deli Corp.,Small Grocery Store,7/25/2022,,0.0
BRONX,750396,Store,AC,SLOW COCOA LLC,SLOW COCOA,1361,VIELE AVE #201  ##,BRONX,NY,10474,"{'type': 'Point', 'coordinates': [-73.88142, 40.80729]}",307,800.0,,,-73.88142,40.80729,0,0,none,,,,,,
BRONX,749781,Store,AC,WESTCHESTER GROCERY CORP,WESTCHESTER GROCERY,987,WESTCHESTER AVE ####,BRONX,NY,10459,"{'type': 'Point', 'coordinates': [-73.89425, 40.8235]}",307,1300.0,,,-73.89425,40.8235,1,1,address,1469642.0,Westchester Grocery Corp,Convenience Store,5/18/2023,,0.0
BRONX,749183,Store,AC,S WON PROVISIONS INC,JJ SOUTHERN FARM FRUIT,1046,SOUTHERN BLVD ##,BRONX,NY,10459,"{'type': 'Point', 'coordinates': [-73.89188, 40.82414]}",307,1600.0,,,-73.89188,40.82414,1,1,address,1450103.0,S. Won Provision Inc/Southern Farm,Supermarket,6/4/2021,,0.0
BRONX,748846,Store,AC,SOUTHERN BLVD GORMET DELI & SMOKE SHOP C,SOUTHERN BLVD GORMET DELI & SMOKE SHOP,1007,SOUTHERN BLVD,BRONX,NY,10459,"{'type': 'Point', 'coordinates': [-73.89179, 40.82304]}",307,600.0,,,-73.89179,40.82304,0,1,address,1507206.0,Southern Boulevard Gourmet Deli And Smoke Shop Cor,Convenience Store,9/13/2022,11/18/2024,0.0
BRONX,748813,Store,AC,ECUATORIANITAS DELI CORP,ECUATORIANITAS DELI,978,LONGWOOD AVE,BRONX,NY,10459,"{'type': 'Point', 'coordinates': [-73.89766, 40.81716]}",307,,,,-73.89766,40.81716,1,1,address,1480030.0,Ecuatorianita Deli Corp,Convenience Store,1/26/2022,,0.0
BRONX,748738,Store,AC,LILIS DELI GROCERY CORP,LILIS DELI GROCERY,995,"KELLY STREET, STORE 16",BRONX,NY,10459,"{'type': 'Point', 'coordinates': [-73.89586, 40.82283]}",307,600.0,,,-73.89586,40.82283,0,1,address,1464206.0,Lili's Deli Grocery Corp,Small Grocery Store,12/23/2021,8/20/2025,0.0
BRONX,748669,Store,AC,BENEFISHAL SEAFOOD LLC,BENEFISHAL SEAFOOD,800,FOOD CENTER DR UNIT 36 ###,BRONX,NY,10474,"{'type': 'Point', 'coordinates': [-73.87625, 40.80434]}",307,800.0,,,-73.87625,40.80434,0,0,none,,,,,,
BRONX,748248,Store,AC,FRIENDLY DELI INC,FRIENDLY DELI,671,KELLY STREET,BRONX,NY,10455,"{'type': 'Point', 'coordinates': [-73.90229, 40.81538]}",307,800.0,,,-73.90229,40.81538,1,1,address,1425122.0,Friendly Deli Inc,Convenience Store,1/15/2021,,0.0
BRONX,748165,Store,AC,FASO AFRICAN MARKET CORP,FASO AFRICAN MARKET,953A,WESTCHESTER AVE,BRONX,NY,10459,"{'type': 'Point', 'coordinates': [-73.89603, 40.82254]}",307,400.0,,,-73.89603,40.82254,1,1,address,1461075.0,Faso African Market,Small Grocery Store,9/16/2021,,0.0
BRONX,748164,Store,A,BAJAJ FOOD CORP,EVERYDAY SAVINGS,1031,WESTCHESTER AVE,BRONX,NY,10459,"{'type': 'Point', 'coordinates': [-73.89271, 40.82428]}",307,2000.0,,,-73.89271,40.82428,1,1,spatial,1477505.0,La Nueva Giralda Bakery Inc NO,Bakery Specialty,1/25/2022,,27.6
BRONX,747730,Store,A,ST JOHN MARKET INC,ST JOHN MARKET,639,SOUTHERN BLVD,BRONX,NY,10455,"{'type': 'Point', 'coordinates': [-73.90106, 40.81301]}",307,,,,-73.90106,40.81301,0,1,address,1430654.0,St. John Market Inc.,Convenience Store,3/22/2021,12/13/2023,0.0
BRONX,747379,Store,A,BROTHERS & BOBO LLC,BROTHERS & BOBO,902,HUNTS POINT AVENUE,BRONX,NY,10474,"{'type': 'Point', 'coordinates': [-73.88988, 40.81956]}",307,550.0,,,-73.88988,40.81956,0,1,address,1502583.0,Primagro Llc,Small Grocery Store,7/19/2022,12/14/2023,0.0
BRONX,745838,Store,AC,BEST DAY & NIGHT DELI GROCERY CORP,BEST DAY & NIGHT DELI GROCERY,1017,LEGGET AVE,BRONX,NY,10455,"{'type': 'Point', 'coordinates': [-73.89964, 40.81412]}",307,,,,-73.89964,40.81412,0,1,address,1142600.0,Day & Night Deli Grocery Corp.,Small Grocery Store,5/1/2014,9/30/2019,0.0
BRONX,744765,Store,A,PRIME NOW LLC,PRIME NOW,1080,LEGGETT AVE,BRONX,NY,10474,"{'type': 'Point', 'coordinates': [-73.8963, 40.81228]}",307,180000.0,,,-73.8963,40.81228,0,1,spatial,904780.0,7-Eleven#39045A,Combination Grocery/Other,7/2/2009,1/16/2012,7.8
BRONX,744542,Store,AC,EDIBLE ARRANGEMENTS LLC,EDIBLE ARRANGEMENTS,880,EAST 163RD STREET ###,BRONX,NY,10459,"{'type': 'Point', 'coordinates': [-73.89853, 40.82097]}",307,,,,-73.89853,40.82097,0,1,spatial,1164780.0,Rite Care Pharmacy,Convenience Store,2/18/2015,9/23/2019,21.1
BRONX,743503,Store,A,MO DISCOUNT CORP,MO DISCOUNT,548,SOUTHERN BLVD,BRONX,NY,10455,"{'type': 'Point', 'coordinates': [-73.90354, 40.8123]}",307,600.0,,,-73.90354,40.8123,0,1,address,1194011.0,548 Grocery Deli Inc,Convenience Store,5/14/2015,11/22/2019,0.0
BRONX,743488,Store,AC,CPR DELI & GROCERY CORP,CANCUN DELI GROCERY 1,908,EAST 163RD STREET,BRONX,NY,10459,"{'type': 'Point', 'coordinates': [-73.89802, 40.82099]}",307,500.0,,,-73.89802,40.82099,0,1,address,1400514.0,Cancun Deli Grocery I,Small Grocery Store,8/19/2020,7/6/2023,0.0
BRONX,743035,Store,AC,INTERVALE DELI FOOD CORP,INTERVALE DELI FOOD,1006,INTERVALE AVE,BRONX,NY,10459,"{'type': 'Point', 'coordinates': [-73.89686, 40.82339]}",307,,,,-73.89686,40.82339,0,1,address,1364697.0,Intervale Deli Food Corp,Small Grocery Store,10/1/2019,9/23/2025,0.0
BRONX,742852,Store,AC,LOS 2 HERMANITOS DELI GROCERY CORP,LOS 2 HERMANITOS II DELI GROCERY,865,EAST 165TH STREET,BRONX,NY,10459,"{'type': 'Point', 'coordinates': [-73.89918, 40.82392]}",307,,,,-73.89918,40.82392,0,1,address,1399217.0,Los 2 Hermanitos II Deli Grocery Corp.,Convenience Store,8/23/2021,5/15/2022,0.0
BRONX,742802,Store,A,FAMILY DOLLAR STORES OF NEW YORK LLC,FAMILY DOLLAR #33004,867,LONGWOOD AVE,BRONX,NY,10459,"{'type': 'Point', 'coordinates': [-73.90093, 40.81913]}",307,,,,-73.90093,40.81913,1,1,address,1405226.0,Family Dollar 13004,Combination Grocery/Other,5/5/2020,,0.0
BRONX,742731,Store,AC,PEACE AND LOVE DELI MARKET CORP,PEACE AND LOVE DELI MARKET,950,LONGWOOD AVENUE,BRONX,NY,10459,"{'type': 'Point', 'coordinates': [-73.89828, 40.81756]}",307,,,,-73.89828,40.81756,1,1,address,1399600.0,Peace And Love Deli Market Corp,Small Grocery Store,2/19/2021,,0.0
BRONX,741851,Store,ABK,MADRID BAKERY LLC,VALENCIA BAKERY,801,EDGEWATER RD,BRONX,NY,10474,"{'type': 'Point', 'coordinates': [-73.88342, 40.81755]}",307,5000.0,,,-73.88342,40.81755,1,1,address,1473109.0,Valencia Bakery 1,Convenience Store,10/7/2024,,0.0
BRONX,741208,Store,AC,JIMENEZ FRUITS & VEGETABLES INC,JIMENEZ FRUITS & VEGETABLES,901,SOUTHERN BLVD. STORE B,BRONX,NY,10459,"{'type': 'Point', 'coordinates': [-73.89287, 40.81957]}",307,1200.0,,,-73.89287,40.81957,1,1,address,1387433.0,Jimenez Fruits & Vegetables,Small Grocery Store,8/21/2025,,0.0
BRONX,741041,Store,AC,ALKAIFI MUAAMAR A,EXPRESS CANDY,797,SOUTHERN BLVD,BRONX,NY,10455,"{'type': 'Point', 'coordinates': [-73.89638, 40.81615]}",307,950.0,,,-73.89638,40.81615,0,1,address,1283759.0,Express Candy And Grocery Inc,Small Grocery Store,6/22/2017,6/4/2019,0.0
BRONX,740372,Store,AC,WILLYS GROCERY STORE INC,WILLYS GROCERY STORE,699,BECK STREET ####,BRONX,NY,10455,"{'type': 'Point', 'coordinates': [-73.9003, 40.81503]}",307,1100.0,,,-73.9003,40.81503,1,1,address,1645086.0,J & J Deli Grocery Store Corp.,Convenience Store,3/26/2025,,0.0
BRONX,740303,Store,AC,MONTHER FOOD MART AND DELI CORP,MONTHER FOOD MART AND DELI,1078,E 165TH STREET ####,BRONX,NY,10459,"{'type': 'Point', 'coordinates': [-73.89073, 40.82507]}",307,1200.0,,,-73.89073,40.82507,0,1,address,1376334.0,Monther Food Mart And Deli Corp,Convenience Store,10/8/2019,9/23/2025,0.0
BRONX,738717,Store,AC,SNACK ATTACK DELI 1 INC,SNACK ATTACK DELI 1,976,LONGWOOD AVE,BRONX,NY,10459,"{'type': 'Point', 'coordinates': [-73.89788, 40.8173]}",307,1000.0,,,-73.89788,40.8173,0,1,address,1027001.0,Metro Deli & Pizza Inc,Convenience Store,1/15/2014,4/1/2014,0.0
BRONX,738608,Store,AC,FRIENDS DELI & GRILL CORP,FRIENDS DELI & GRILL,585,SOUTHERN BLVD,BRONX,NY,10455,"{'type': 'Point', 'coordinates': [-73.90218, 40.81269]}",307,1200.0,,,-73.90218,40.81269,0,1,address,1362789.0,Friends Deli & Grill Corp,Small Grocery Store,5/10/2022,6/14/2022,0.0
BRONX,738317,Store,AC,LUCKY 2 GOURMET DELI INC,LUCKY 2 GOURMET DELI,1007,E 163RD STREET ####,BRONX,NY,10459,"{'type': 'Point', 'coordinates': [-73.89305, 40.82097]}",307,,,,-73.89305,40.82097,1,1,address,1250725.0,Moe's Gourmet Deli Plus Inc,Convenience Store,9/29/2025,,0.0
BRONX,737282,Store,AC,JAIVERY DELI GROCERY CORP,JAIVERY DELI GROCERY,907,SOUTHERN BLVD,BRONX,NY,10459,"{'type': 'Point', 'coordinates': [-73.89278, 40.81966]}",307,1000.0,,,-73.89278,40.81966,0,1,address,1353745.0,Jaivery Deli Grocery Corp,Small Grocery Store,9/29/2021,5/3/2023,0.0
BRONX,737185,Store,AC,ROSELYN DELI GROCERY CORP,ROSELYN DELI GROCERY,698,BECK STREET,BRONX,NY,10455,"{'type': 'Point', 'coordinates': [-73.90041, 40.815]}",307,,,,-73.90041,40.815,1,1,address,1656698.0,Roselyn Deli Grocery Corp,Small Grocery Store,6/4/2025,,0.0
BRONX,736933,Store,AC,HUNTS POINT MARKET INC,HUNTS POINT MARKET,1081,LEGGETT AVE,BRONX,NY,10474,"{'type': 'Point', 'coordinates': [-73.89598, 40.81214]}",307,1300.0,,,-73.89598,40.81214,0,1,address,904780.0,7-Eleven#39045A,Combination Grocery/Other,7/2/2009,1/16/2012,0.0
BRONX,736425,Store,AC,EL SITIO 2 DELI GROCERY CORP,EL SITIO DELI GROCERY,954,PROSPECT AVENUE,BRONX,NY,10459,"{'type': 'Point', 'coordinates': [-73.90042, 40.82255]}",307,1200.0,,,-73.90042,40.82255,1,1,address,1555478.0,El Sitio 2 Deli Grocery Co,Small Grocery Store,7/10/2023,,0.0
BRONX,735130,Store,AC,SALCEDO SUPERMARKET CORP,SALCEDO SUPERMARKET,1318,LAFAYETTE AVE,BRONX,NY,10474,"{'type': 'Point', 'coordinates': [-73.88643, 40.81689]}",307,2000.0,STORE 1-2-3,,-73.88643,40.81689,1,1,address,1640361.0,Salcedo Supermarket Corp,Medium Grocery Store,2/26/2025,,0.0
BRONX,733306,Store,AC,549 GROCERY INC,549 GROCERY,549,SOUTHERN BLVD,BRONX,NY,10455,"{'type': 'Point', 'coordinates': [-73.90358, 40.81228]}",307,700.0,,,-73.90358,40.81228,1,1,spatial,1283805.0,Discount Corp And 99c,Convenience Store,9/15/2017,,17.0
BRONX,732196,Store,AC,901 GOURMET DELI CORP,901 GOURMET DELI,901,SOUTHERN BLVD,BRONX,NY,10459,"{'type': 'Point', 'coordinates': [-73.89287, 40.81957]}",307,1000.0,,,-73.89287,40.81957,1,1,address,1387433.0,Jimenez Fruits & Vegetables,Small Grocery Store,8/21/2025,,0.0
BRONX,731695,Store,AC,947 DELI GROCERY CORP,947 DELI GROCERY,947,EAST 163RD ST,BRONX,NY,10459,"{'type': 'Point', 'coordinates': [-73.89617, 40.82099]}",307,1000.0,,,-73.89617,40.82099,1,1,address,1552039.0,Kelly Street Deli Corp,Convenience Store,8/15/2023,,0.0
BRONX,731565,Store,AC,INTERVALE DELI CORP,INTERVALE DELI,1103,INTERVALE AVE,BRONX,NY,10459,"{'type': 'Point', 'coordinates': [-73.89706, 40.82619]}",307,900.0,,,-73.89706,40.82619,1,1,address,1313185.0,Intervale Deli Corp,Convenience Store,4/28/2018,,0.0
BRONX,731084,Store,ACDK,R & J SEAFOOD CORP,R & J SEAFOOD,800,FOOD CENTER DRIVE UNIT 117 ###,BRONX,NY,10474,"{'type': 'Point', 'coordinates': [-73.87625, 40.80434]}",307,1500.0,,,-73.87625,40.80434,0,0,none,,,,,,
BRONX,730509,Store,A,DOLGEN NEW YORK LLC,DOLLAR GENERAL # 19211,900,SOUTHERN BLVD,BRONX,NY,10459,"{'type': 'Point', 'coordinates': [-73.89289, 40.81955]}",307,1500.0,,,-73.89289,40.81955,1,1,address,1295394.0,Dollar General 19211,Combination Grocery/Other,8/8/2017,,0.0
BRONX,730328,Store,AC,HPA DELI CORP,HPA DELI,803,HUNTS POINT AVE,BRONX,NY,10474,"{'type': 'Point', 'coordinates': [-73.88812, 40.81693]}",307,1200.0,,,-73.88812,40.81693,1,1,address,1496201.0,H P A Deli Corp,Small Grocery Store,6/15/2022,,0.0
BRONX,729127,Store,A,DISCOUNT CORP AND 99 CENT,DISCOUNT CORP AND 99 CENT,545 A,SOUTHERN BLVD ####,BRONX,NY,10455,"{'type': 'Point', 'coordinates': [-73.90377, 40.81223]}",307,,,,-73.90377,40.81223,1,1,address,1283805.0,Discount Corp And 99c,Convenience Store,9/15/2017,,0.0
BRONX,728049,Store,AC,A & G DELI GROCERY III CORP,A & G DELI GROCERY III,948,E 163RD ST,BRONX,NY,10459,"{'type': 'Point', 'coordinates': [-73.89606, 40.82099]}",307,1200.0,,,-73.89606,40.82099,1,1,address,1289222.0,A & G Deli Grocery Iii Corp,Small Grocery Store,10/16/2020,,0.0
BRONX,725894,Store,AC,A AND J SUPER FOOD INC,ANTILLANA FRESH MEAT MARKET,1025,WESTCHESTER AVE,BRONX,NY,10459,"{'type': 'Point', 'coordinates': [-73.89319, 40.82403]}",307,3000.0,,,-73.89319,40.82403,1,1,address,1269630.0,Antillana Fresh Meat Market,Large Grocery Store,2/16/2017,,0.0
BRONX,725369,Store,AC,ROYAL DELI INC,ROYAL DELI,980,INTERVALE AVE ###,BRONX,NY,10459,"{'type': 'Point', 'coordinates': [-73.89687, 40.82266]}",307,,,,-73.89687,40.82266,1,1,address,1647554.0,Royal Deli Inc,Convenience Store,4/14/2025,,0.0
BRONX,725218,Store,AC,EXCEL FOOD MART LLC,EXCEL FOOD MART,1264,RANDALL AVE,BRONX,NY,10474,"{'type': 'Point', 'coordinates': [-73.88705, 40.81204]}",307,1200.0,,,-73.88705,40.81204,1,1,spatial,1491931.0,El Provocon Deli Grocery Corp.,Convenience Store,5/12/2022,,56.0
BRONX,724739,Store,A,DOLLAR TREE STORES INC,DOLLAR TREE #05191,925,HUNTS POINT AVE,BRONX,NY,10459,"{'type': 'Point', 'coordinates': [-73.89091, 40.8204]}",307,2500.0,,,-73.89091,40.8204,1,1,address,1260610.0,Dollar Tree 5191,Combination Grocery/Other,10/7/2016,,0.0
BRONX,724557,Store,AC,SABOR LATINO DELI SUPERMARKET CORP,SABOR LATINO DELI SUPERMARKET,1000,LONGWOOD AVENUE,BRONX,NY,10459,"{'type': 'Point', 'coordinates': [-73.89718, 40.81689]}",307,2000.0,,,-73.89718,40.81689,1,1,address,1653429.0,Sabor Latino Deli Supermarket Corp,Medium Grocery Store,5/19/2025,,0.0
BRONX,724181,Store,AC,NELLYS DELI GROCERY CORP,NELLYS DELI GROCERY,1240,SPOFFORD AVE,BRONX,NY,10474,"{'type': 'Point', 'coordinates': [-73.8894, 40.81407]}",307,1000.0,,,-73.8894,40.81407,1,1,address,1255700.0,Nelly's Deli Grocery Corp.,Small Grocery Store,9/1/2016,,0.0
BRONX,723677,Store,AC,SOUTHERN BLVD MEAT MARKET CORP,SAGAL MEAT MARKET,1091,SOUTHERN BLVD,BRONX,NY,10459,"{'type': 'Point', 'coordinates': [-73.89194, 40.8258]}",307,2500.0,,,-73.89194,40.8258,1,1,spatial,1242591.0,Southern Blvd Meat Market Corp./Sagal Food,Large Grocery Store,3/31/2016,,7.5
BRONX,723294,Store,ACDK,GRADYS COLD BREW INC,GRADYS COLD BREW,819,GARRISON AVE,BRONX,NY,10474,"{'type': 'Point', 'coordinates': [-73.89343, 40.81565]}",307,8000.0,,,-73.89343,40.81565,0,0,none,,,,,,
BRONX,723232,Store,AC,MARIA FOOD MARKET CORP,MARIA FOOD MARKET,920,PROSPECT AVE,BRONX,NY,10459,"{'type': 'Point', 'coordinates': [-73.90074, 40.82179]}",307,1100.0,,,-73.90074,40.82179,1,1,address,1241647.0,Maria Food Market Corp.,Medium Grocery Store,7/7/2016,,0.0
BRONX,722667,Store,AC,LO MAXIMO DELI GROCERY LLC,LO MAXIMO DELI GROCERY,710,BECK STREET,BRONX,NY,10455,"{'type': 'Point', 'coordinates': [-73.9, 40.81513]}",307,1100.0,,,-73.9,40.81513,1,1,address,1247299.0,Lo Maximo Deli Grocery Llc,Small Grocery Store,5/31/2019,,0.0
BRONX,722504,Store,AC,CRYSTAL JAIDA GROCERY CORP,CRYSTAL JAIDA GROCERY,1090,LONGFELLOW AVE ####,BRONX,NY,10459,"{'type': 'Point', 'coordinates': [-73.88784, 40.82606]}",307,1000.0,,,-73.88784,40.82606,0,1,address,1248937.0,Crystal Jaida Grocery Corp,Small Grocery Store,10/27/2016,11/19/2018,0.0
BRONX,721060,Store,AC,VERACRUZ DELI & GROCERY INC,VERACRUZ DELI & GROCERY,1019,E 167TH ST ###,BRONX,NY,10459,"{'type': 'Point', 'coordinates': [-73.88898, 40.82676]}",307,900.0,,,-73.88898,40.82676,0,0,none,,,,,,
BRONX,718974,Store,AC,A&G DELI GROCERY II CORP,A & G DELI GROCERY II,976,PROSPECT AVE,BRONX,NY,10459,"{'type': 'Point', 'coordinates': [-73.90008, 40.82338]}",307,,,,-73.90008,40.82338,1,1,address,1222029.0,A & G Deli Grocery II Corp,Convenience Store,12/28/2015,,0.0
BRONX,718789,Store,AC,CT GROCERY NY CORP,CT GROCERY NY,869,BRYANT AVE,BRONX,NY,10474,"{'type': 'Point', 'coordinates': [-73.88665, 40.81879]}",307,,,,-73.88665,40.81879,1,1,address,1661482.0,CT Grocery NY Corp,Convenience Store,7/1/2025,,0.0
BRONX,718452,Store,AC,LA REYNA DE WESTCHESTER DELI GROCERY COR,LA REYNA DE WESTCHESTER DELI GROCERY,1218,WESTCHESTER AVE,BRONX,NY,10459,"{'type': 'Point', 'coordinates': [-73.88915, 40.8261]}",307,,,,-73.88915,40.8261,0,1,address,1225458.0,La Reyna De Westchester Deli Grocery Corp.,Convenience Store,3/10/2016,6/10/2021,0.0
BRONX,717675,Store,AC,FERNANDEZ ALCIBIADES A,FERNANDEZ DELI GROCERY,1086,KELLY ST,BRONX,NY,10459,"{'type': 'Point', 'coordinates': [-73.89582, 40.82576]}",307,1000.0,,,-73.89582,40.82576,1,1,address,1547354.0,Fernandez Deli Grocery,Small Grocery Store,10/24/2023,,0.0
BRONX,716722,Store,ABCK,ALL NATURAL PRODUCTS INC,DAVIDOVICH BAKERY,727,DRAKE ST,BRONX,NY,10474,"{'type': 'Point', 'coordinates': [-73.88303, 40.81598]}",307,10000.0,,,-73.88303,40.81598,0,0,none,,,,,,
BRONX,715252,Store,AC,FMM DIGITAL ENTERPRISES CORP,FULTON FISH MARKET,800,FOOD CENTER DRIVE UNIT 3-4,BRONX,NY,10474,"{'type': 'Point', 'coordinates': [-73.87625, 40.80434]}",307,3000.0,,,-73.87625,40.80434,0,0,none,,,,,,
BRONX,713735,Store,AC,LA MINA MINI MARKET CORP,LA MINA MINI MARKET,1000,HOE AVE,BRONX,NY,10459,"{'type': 'Point', 'coordinates': [-73.89044, 40.82335]}",307,1500.0,,,-73.89044,40.82335,1,1,address,1168743.0,La Mina Mini Market Corp,Small Grocery Store,9/2/2022,,0.0
BRONX,713293,Store,AC,CHANNELS DELI GROCERY INC,CHANNELS DELI GROCERY,910,PROSPECT AVE,BRONX,NY,10459,"{'type': 'Point', 'coordinates': [-73.90091, 40.82136]}",307,900.0,,,-73.90091,40.82136,0,1,address,1186501.0,Channel S Deli Grocery Inc,Convenience Store,9/30/2015,7/24/2017,0.0
BRONX,711580,Store,AC,SOUTHERN SEAFOOD MARKET INC,SOUTHERN FISH MARKET,1037E,163ST,BRONX,NY,10459,"{'type': 'Point', 'coordinates': [-73.89141, 40.82099]}",307,2000.0,,,-73.89141,40.82099,1,1,spatial,1609305.0,Casita Maria Deli Corp,Convenience Store,8/26/2024,,13.7
BRONX,711438,Store,AC,MUKTI 1360 PETROLEUM INC,BP FOOD SHOP,1360,BRUCKNER BLVD  ###,BRONX,NY,10459,"{'type': 'Point', 'coordinates': [-73.88547, 40.82248]}",307,1500.0,,,-73.88547,40.82248,0,0,none,,,,,,
BRONX,707988,Store,AC,EL VALLE PRODUCE & DELI INC,EL VALLE PRODUCE & DELI,796,SOUTHERN BLVD,BRONX,NY,10455,"{'type': 'Point', 'coordinates': [-73.89646, 40.81608]}",307,2000.0,,,-73.89646,40.81608,0,1,address,1109328.0,El Valle Produce & Deli Inc.,Small Grocery Store,9/16/2013,3/16/2018,0.0
BRONX,707170,Store,A,ALDUS 99 CENT DISCOUNT STORE CORP,ALDUS 99 CENTS DISCOUNT STORE,951,HOE AVE,BRONX,NY,10459,"{'type': 'Point', 'coordinates': [-73.8904, 40.82295]}",307,,,,-73.8904,40.82295,1,1,address,1150883.0,Aldus 99 Cents Discount Store Corp / 99 Cents Disc,Combination Grocery/Other,8/29/2019,,0.0
BRONX,705333,Store,AC,GUERRERO UBALDO,MEXICAN DELI INC,1302-1304,LAFAYETTE AVE,BRONX,NY,10474,"{'type': 'Point', 'coordinates': [-73.88689, 40.81682]}",307,600.0,,,-73.88689,40.81682,0,1,address,1093302.0,Ubaldo Guerrero Dba Mexicano Deli,Convenience Store,3/13/2013,3/16/2018,0.0
BRONX,704892,Store,AC,950 FAIR FOOD CORP,FINE FARE SUPERMARKET,950,WESTCHESTER AVE,BRONX,NY,10459,"{'type': 'Point', 'coordinates': [-73.89614, 40.82248]}",307,10000.0,,,-73.89614,40.82248,1,1,address,1083359.0,950 Fair Food Corp/Fine Fare Supermarket,Supermarket,11/29/2012,,0.0
BRONX,704399,Store,ABCK,OVEN ARTISANS LLC,ORWASHERS,1187,E 156TH ST,BRONX,NY,10474,"{'type': 'Point', 'coordinates': [-73.89263, 40.81244]}",307,8000.0,,,-73.89263,40.81244,0,0,none,,,,,,
BRONX,609927,Store,AC,R&E CORP,C TOWN SUPERMARKET,809,SOUTHERN BLVD,BRONX,NY,10459,"{'type': 'Point', 'coordinates': [-73.89547, 40.81703]}",307,7500.0,,,-73.89547,40.81703,1,1,address,324409.0,R & E CORP/C-TOWN,Supermarket,2/28/1984,,0.0
BRONX,609069,Store,AC,REYES MEXICAN DELI INC,REYES MEXICAN DELI,998,LONGWOOD AVE #6,BRONX,NY,10459,"{'type': 'Point', 'coordinates': [-73.89735, 40.81699]}",307,400.0,,,-73.89735,40.81699,0,1,address,1406984.0,Reyes Mexican Deli Inc,Convenience Store,8/14/2020,2/26/2024,0.0
BRONX,609037,Store,AC,JYJ DELI GROCERY CORP,JYJ DELI GROCERY,968,E 165TH ST,BRONX,NY,10459,"{'type': 'Point', 'coordinates': [-73.89445, 40.82396]}",307,800.0,,,-73.89445,40.82396,1,1,address,988706.0,JYJ Deli Grocery Corp,Medium Grocery Store,3/31/2011,,0.0
BRONX,608886,Store,AC,J&W FOOD CENTER CORP,J&W FOOD CENTER,990,LEGGETT AVE,BRONX,NY,10455,"{'type': 'Point', 'coordinates': [-73.8998, 40.81444]}",307,2000.0,,,-73.8998,40.81444,1,1,address,973674.0,J & W Food Center Corp,Small Grocery Store,10/6/2010,,0.0
BRONX,608872,Store,AC,PAULINO DELI GROCERY INC,PAULINO DELI GROCERY,798,HUNTS PT AVE,BRONX,NY,10474,"{'type': 'Point', 'coordinates': [-73.88784, 40.81648]}",307,1100.0,,,-73.88784,40.81648,1,1,address,967770.0,Paulino Deli Grocery Corp,Small Grocery Store,9/23/2021,,0.0
BRONX,608800,Store,AC,CACAO DELI GROCERY CORP,CACAO DELI GROCERY,918,FAILE ST #1,BRONX,NY,10474,"{'type': 'Point', 'coordinates': [-73.88806, 40.82041]}",307,1200.0,,,-73.88806,40.82041,0,1,address,963234.0,Cacao Deli Grocery Corp,Convenience Store,5/14/2019,8/12/2024,0.0
BRONX,608767,Store,AC,BROTHERHOOD GOURMET DELI CORP,BROTHERHOOD GOURMET DEL,703,SOUTHERN BLVD,BRONX,NY,10455,"{'type': 'Point', 'coordinates': [-73.89897, 40.81366]}",307,1800.0,,,-73.89897,40.81366,1,1,address,1641074.0,703 Habibi Halal Deli Inc 1,Convenience Store,4/25/2025,,0.0
BRONX,608748,Store,AC,543 NORTH DELI GROCERY INC,543 NORTH DELI GROCERY,543,SOUTHERN BLVD,BRONX,NY,10455,"{'type': 'Point', 'coordinates': [-73.90385, 40.81221]}",307,2000.0,,,-73.90385,40.81221,1,1,address,1648445.0,543 North Deli Grocery Inc,Convenience Store,4/21/2025,,0.0
BRONX,608378,Store,AC,TRONCOSO DELI GROCERY CORP,TRONCOSO DELI GROCERY,590,SOUTHERN BLVD,BRONX,NY,10455,"{'type': 'Point', 'coordinates': [-73.90182, 40.81279]}",307,1800.0,,,-73.90182,40.81279,0,1,address,910323.0,Troncoso Deli Grocery Corp,Small Grocery Store,9/14/2009,12/27/2016,0.0
BRONX,608221,Store,AC,SWEET GROCERY & CANDY CORP,SWEET DELI&GROCERY,956,INTERVALE AVE,BRONX,NY,10459,"{'type': 'Point', 'coordinates': [-73.89688, 40.82166]}",307,1000.0,,,-73.89688,40.82166,1,1,address,1497635.0,Sweet Grocery & Candy Corp,Small Grocery Store,6/15/2022,,0.0
BRONX,607755,Store,ACHDK,WORLD WIDE DIRECT SEAFOOD LLC,WORLD WIDE DIRECT SEAFD,800,FOOD CENTER DR  UNIT 13,BRONX,NY,10474,"{'type': 'Point', 'coordinates': [-73.87625, 40.80434]}",307,5500.0,,,-73.87625,40.80434,0,0,none,,,,,,
BRONX,607615,Store,AC,LOS HIJOS DEL CHORRO DELI GR CORP,LOS HIJOS DE CHORRO DEL,701-703,FAILE ST,BRONX,NY,10474,"{'type': 'Point', 'coordinates': [-73.88655, 40.81477]}",307,1400.0,,,-73.88655,40.81477,1,1,address,1660925.0,Los Hijos de Chorro Deli Grocery Corp.,Medium Grocery Store,6/26/2025,,0.0
BRONX,607147,Store,AC,EVOLUTION GOURMET DELI CORP,EVOLUTION GOURMET,923,PROSPECT AVE,BRONX,NY,10459,"{'type': 'Point', 'coordinates': [-73.90071, 40.82185]}",307,0.0,,,-73.90071,40.82185,1,1,spatial,1241647.0,Maria Food Market Corp.,Medium Grocery Store,7/7/2016,,11.1
BRONX,606738,Store,AC,MEJIA MINI MARKET CORP,CASTILLO FAMILY GROCERY,1010,LONGWOOD AVE,BRONX,NY,10459,"{'type': 'Point', 'coordinates': [-73.89683, 40.81668]}",307,1500.0,,,-73.89683,40.81668,1,1,address,784852.0,Mejia Mini Market Corp,Small Grocery Store,7/14/2006,,0.0
BRONX,606630,Store,AC,DELI FARMS CORP,DELI FARMS,850,LONGWOOD AVE,BRONX,NY,10459,"{'type': 'Point', 'coordinates': [-73.90144, 40.81944]}",307,2000.0,,,-73.90144,40.81944,0,1,address,839728.0,Deli Farms Corporation,Small Grocery Store,1/16/2008,4/20/2016,0.0
BRONX,606156,Store,AC,D&A 724 FOOD CORP,FOOD UNIVERSE,724,HUNTS PT AVE,BRONX,NY,10474,"{'type': 'Point', 'coordinates': [-73.88669, 40.81536]}",307,8000.0,,,-73.88669,40.81536,1,1,address,740422.0,D & A 724 Food Corp/Food Universe,Supermarket,1/19/2005,,0.0
BRONX,604974,Store,A,RITE AID OF NEW YORK INC,RITE AID PHARMACY 03844,950-960,SOUTHERN BLVD,BRONX,NY,10459,"{'type': 'Point', 'coordinates': [-73.891636, 40.821302]}",307,5000.0,,,-73.891636,40.821302,0,1,address,269871.0,Rite Aid 3844,Combination Grocery/Other,7/30/1996,11/11/2025,0.0
BRONX,604501,Store,AC,A&G DELI GROCERY CORP,A&G DELI GROCERY,931,FOX ST,BRONX,NY,10459,"{'type': 'Point', 'coordinates': [-73.89387, 40.82072]}",307,1600.0,,,-73.89387,40.82072,1,1,address,1108520.0,A & G Deli Grocery Corp,Small Grocery Store,8/1/2013,,0.0
BRONX,603764,Store,AC,1029 SIMPSON DELI & GROCERY CORP,1029 SIMPSON DELI&GROCERY,1029,WESTCHESTER AVE,BRONX,NY,10459,"{'type': 'Point', 'coordinates': [-73.89298, 40.82414]}",307,1800.0,,,-73.89298,40.82414,1,1,address,662612.0,1029 Simpson Deli & Grocery Corp,Medium Grocery Store,11/15/2023,,0.0
BRONX,603652,Store,AC,FT MEAT CORP,FOOD FAIR FRESH MARKET,1065,E 163RD ST,BRONX,NY,10459,"{'type': 'Point', 'coordinates': [-73.89071, 40.821]}",307,13000.0,,,-73.89071,40.821,1,1,address,643004.0,FT MEAT CORP,Super Store,10/23/2001,,0.0
BRONX,601435,Store,AC,B&ME FOOD CORP,KEY FOOD,1050,WESTCHESTER AVE,BRONX,NY,10459,"{'type': 'Point', 'coordinates': [-73.8914, 40.82494]}",307,15000.0,,,-73.8914,40.82494,1,1,address,452248.0,B & ME FOOD CORP,Super Store,8/29/1996,,0.0
BRONX,600580,Store,AC,GOMEZ EDWARD,MATA E CANA DELI & GRCY,911,E 156TH ST,BRONX,NY,10455,"{'type': 'Point', 'coordinates': [-73.90103, 40.81692]}",307,1500.0,,,-73.90103,40.81692,1,1,address,960130.0,Mata E Cana Deli Grocery,Convenience Store,12/11/2024,,0.0
BRONX,600350,Store,AC,RODRIGUEZ RAMON A,RODRIGUEZ GROCERY,753,FOX ST,BRONX,NY,10455,"{'type': 'Point', 'coordinates': [-73.89822, 40.81566]}",307,1500.0,,,-73.89822,40.81566,1,1,address,463379.0,RODRIGUEZ GROCERY,Convenience Store,9/14/1995,,0.0
BRONX,600246,Store,ABC,564 GROCERY INC,C-TOWN SUPERMARKET,564,SOUTHERN BLVD,BRONX,NY,10455,"{'type': 'Point', 'coordinates': [-73.90281, 40.81251]}",307,8000.0,,,-73.90281,40.81251,1,1,address,240733.0,564 GROCERY INC,Super Store,8/14/1984,,0.0
BRONX,600187,Store,AC,ALMANZAR GROCERY&FOOD CORP,ALMANZAR GROCERY&FOOD,854,INTERVALE AVE,BRONX,NY,10459,"{'type': 'Point', 'coordinates': [-73.89562, 40.81801]}",307,1000.0,,,-73.89562,40.81801,1,1,address,374526.0,ALMANZAR GROCERY & FOOD CORP,Convenience Store,7/17/2018,,0.0
