camis,dba,boro,building,street,zipcode,cuisine_description,latitude,longitude,inspection_date,grade,score
50039510,KETSIE GROCERY,Bronx,865,EAST  149 STREET,10455,Latin American,40.811696432023,-73.903642838064,2026-07-20 00:00:00,,18
41453811,THE POINT CAFE & GRILL,Bronx,402,HUNTS POINT AVENUE,10474,Sandwiches,40.809594391488,-73.880717843612,2026-07-08 00:00:00,A,4
40674404,MARKET RESTAURANT (C-D BLOCK),Bronx,355,FOOD CENTER DRIVE,10474,American,40.807608187248,-73.871463051581,2026-06-30 00:00:00,A,11
40693095,SNACK BAR (LOCATED BETWEEN A-B BETWEEN FANCY FOOD AND MASTERS),Bronx,355,FOOD CENTER DRIVE,10474,American,40.807608187248,-73.871463051581,2026-04-03 00:00:00,,
50016091,SUBWAY,Bronx,1047,EAST  163 STREET,10459,Sandwiches,40.820995359134,-73.891055927873,2026-01-07 00:00:00,A,12
50011380,SOUTHSIDE CAFE (Produce Market),Bronx,300C,HUNTS POINT TERMINAL MARKET,10474,Latin American,40.810354737405,-73.87815162537,2025-08-01 00:00:00,A,13
50133152,FOOD BO GARDEN,Bronx,934C,EAST  163 STREET,10459,Chinese,40.820981252654,-73.896580294601,2025-04-30 00:00:00,A,12
41238905,LA SALLE GROCERY,Bronx,1232,RANDALL AVENUE,10474,,40.811738053598,-73.888943353596,2008-07-08 13:12:00,N,27
50167466,JMC FRESH FOODS CORP,Bronx,1000,WESTCHESTER AVENUE,10459,,40.823685024131,-73.893790306115,1900-01-01 00:00:00,,
