Record ID,store_name,Store Type,Street Number,Street Name,Additional Address,city,state,Zip Code,Zip4,County,latitude,longitude,Authorization Date,End Date
662612,1029 Simpson Deli & Grocery Corp  ,Medium Grocery Store,1029,Westchester Ave,,Bronx,NY,10459,3311,BRONX,40.82426,-73.89309,4/26/2002,12/21/2020
662612,1029 Simpson Deli & Grocery Corp  ,Medium Grocery Store,1029,Westchester Ave,,Bronx,NY,10459,3311,BRONX,40.82426,-73.89309,1/8/2021,8/29/2023
662612,1029 Simpson Deli & Grocery Corp  ,Medium Grocery Store,1029,Westchester Ave,,Bronx,NY,10459,3311,BRONX,40.82426,-73.89309,11/15/2023, 
712081,1045 GROCERY & CANDY  ,Small Grocery Store,1045,E 163rd St, ,Bronx,NY,10459,4510,BRONX,40.82105,-73.8913,8/21/2003,3/26/2008
814618,1048 Express Deli Inc  ,Convenience Store,1048,Westchester Ave, ,Bronx,NY,10459,2410,BRONX,40.82466,-73.89182,4/10/2007,1/29/2014
1486973,1054 United Deli & Tobacco Corp  ,Small Grocery Store,1054,Southern Blvd,,Bronx,NY,10459,3426,BRONX,40.82439,-73.89171,2/17/2022, 
1206639,1078 Deli Grocery Corp  ,Convenience Store,1078,E 165th St, ,Bronx,NY,10459,2589,BRONX,40.82505,-73.89072,8/28/2015,9/22/2019
288111,"1078 GROCERY 2000, INC.  ",Small Grocery Store,1078,E 165th St, ,Bronx,NY,10459,2589,BRONX,40.82503,-73.89061,7/27/2001,7/16/2015
924640,1106 Gourmet Deli Inc  ,Convenience Store,1106,Westchester Ave, ,Bronx,NY,10459,2505,BRONX,40.8253,-73.89054,11/30/2009,9/1/2010
966018,1106 Westchester Gourmet Deli Corp  ,Medium Grocery Store,1106,Westchester Ave, ,Bronx,NY,10459,2505,BRONX,40.8253,-73.89054,9/2/2010,9/17/2012
767481,1142 Grocery Corp  ,Small Grocery Store,1142,E 165th St, ,Bronx,NY,10459,2630,BRONX,40.8252,-73.88745,10/13/2005,11/5/2007
1346181,1150 Joseph Deli & Grocery Inc.  ,Convenience Store,1150,Garrison Ave, ,Bronx,NY,10474,4637,BRONX,40.82017,-73.88855,3/1/2019,8/7/2022
1346181,1150 Joseph Deli & Grocery Inc.  ,Convenience Store,1150,Garrison Ave, ,Bronx,NY,10474,4637,BRONX,40.82017,-73.88855,8/30/2022,3/26/2024
294482,1318 SALCEDO SUPERMARKET CORP  ,Small Grocery Store,1318,Lafayette Ave, ,Bronx,NY,10474,7202,BRONX,40.81687,-73.88617,2/24/2004,2/3/2010
807136,149 DELI CORP  ,Small Grocery Store,543,Southern Blvd, ,Bronx,NY,10455,3762,BRONX,40.81226,-73.90388,1/30/2007,5/26/2010
1654563,169 Habibi Deli Corp  ,Small Grocery Store,1251,Rev James A Polite Ave,,Bronx,NY,10459,2227,BRONX,40.82864,-73.89665,8/4/2025, 
958505,"2010 A&M Varieties, Corp D/B/A 99 Cents Plus  ",Convenience Store,844,Hunts Point Ave, ,Bronx,NY,10474,5406,BRONX,40.81756,-73.88848,7/7/2010,9/7/2011
1571769,20r Grocery Store Corporation  ,Convenience Store,1300,Lafayette Ave,,Bronx,NY,10474,7202,BRONX,40.81667,-73.88691,1/9/2024, 
1247994,3030 Deli Grocery Inc  ,Convenience Store,1095,E 165th St, ,Bronx,NY,10459,2501,BRONX,40.82515,-73.88979,8/1/2016,11/29/2017
510974,422 Westchester Fruit Vegetable & Grocery Inc  ,Small Grocery Store,966,Longwood Ave, ,Bronx,NY,10459,5008,BRONX,40.81738,-73.89812,2/9/1999,3/30/2021
951921,543 DELI CORP  ,Medium Grocery Store,543,Southern Blvd, ,Bronx,NY,10455,3762,BRONX,40.81226,-73.90388,5/27/2010,1/14/2015
1182229,543 North Deli Grocery Inc  ,Convenience Store,543,Southern Blvd, ,Bronx,NY,10455,3762,BRONX,40.81224,-73.90384,2/3/2015,5/14/2025
1648445,543 North Deli Grocery Inc  ,Convenience Store,543,Southern Blvd, ,Bronx,NY,10455,3762,BRONX,40.81237,-73.90393,4/21/2025, 
1194011,548 Grocery Deli Inc  ,Convenience Store,548,Southern Blvd, ,Bronx,NY,10455,3715,BRONX,40.81219,-73.9038,5/14/2015,11/22/2019
909221,561 Southern Food Corp  ,Small Grocery Store,561D,Southern Blvd, ,Bronx,NY,10455,3762,BRONX,40.8124,-73.90337,10/7/2009,12/9/2014
240733,564 GROCERY INC  ,Super Store,564,Southern Blvd, ,Bronx,NY,10455,3715,BRONX,40.81248,-73.90279,8/14/1984, 
830569,585 Altagracia Grocery Corp  ,Small Grocery Store,585,Southern Blvd, ,Bronx,NY,10455,3762,BRONX,40.81259,-73.90274,9/25/2007,12/1/2009
1056571,639-641 Grocery Corp  ,Small Grocery Store,639,Southern Blvd, ,Bronx,NY,10455,3602,BRONX,40.81304,-73.90115,10/24/2012,2/2/2021
826586,639-641 Southern Boulevard Inc  ,Small Grocery Store,639,Southern Blvd, ,Bronx,NY,10455,3602,BRONX,40.81304,-73.90115,9/24/2007,7/9/2012
1498571,670 Toledo Grocery Corp  ,Small Grocery Store,670,Barretto St,,Bronx,NY,10474,6343,BRONX,40.81393,-73.88908,6/29/2022,3/30/2025
1142908,671 Kelly Deli Grocery Inc  ,Convenience Store,671,Kelly Street, ,Bronx,NY,10455, ,BRONX,40.8154,-73.90233,6/10/2014,2/5/2019
647136,698 GROCERY INC  ,Convenience Store,698,Beck St, ,Bronx,NY,10455,3451,BRONX,40.81491,-73.90051,10/28/1999,11/7/2012
797350,699 BECK ST. GROCERY CORP  ,Small Grocery Store,699,Beck St, ,Bronx,NY,10455,3421,BRONX,40.81502,-73.90044,8/16/2006,5/12/2010
904780,7-Eleven#39045A  ,Combination Grocery/Other,1081,Leggett Ave, ,Bronx,NY,10474,5604,BRONX,40.81235,-73.89631,7/2/2009,1/16/2012
1641074,703 Habibi Halal Deli Inc 1,Convenience Store,703,Southern Blvd,,Bronx,NY,10455,2105,BRONX,40.81378,-73.89915,4/25/2025, 
1012067,801 Hunts Point Deli Corp  ,Convenience Store,801,Hunts Point Ave, ,Bronx,NY,10474,5401,BRONX,40.81662,-73.88808,7/19/2011,2/25/2019
1012067,801 Hunts Point Deli Corp  ,Convenience Store,801,Hunts Point Ave, ,Bronx,NY,10474,5401,BRONX,40.81662,-73.88808,3/1/2019,4/11/2021
378697,848 HUNTS POINT DELI GROCERY INC  ,Convenience Store,848,Hunts Point Ave, ,Bronx,NY,10474,5406,BRONX,40.81775,-73.88854,7/1/2004,6/15/2015
1389353,848 Stop 1 Deli Grocery Inc  ,Convenience Store,848,Hunts Point Ave,,Bronx,NY,10474,5406,BRONX,40.81768,-73.88838,2/6/2020,12/26/2021
1068367,862 Food Corp/Food Dynasty  ,Super Store,862,Hunts Point Ave, ,Bronx,NY,10474,5407,BRONX,40.81823,-73.88889,10/2/2012,12/9/2014
681518,869 DELI GROCERY CORP  ,Convenience Store,865,E 149th St, ,Bronx,NY,10455,4610,BRONX,40.81169,-73.90358,9/26/2002,9/26/2005
1306261,901 Gourmet Deli Corp  ,Convenience Store,901,Southern Blvd, ,Bronx,NY,10459,4560,BRONX,40.81959,-73.8929,3/16/2018,10/24/2023
986545,908 Garcia Fruits & Grocery Corp  ,Medium Grocery Store,908,E 163rd St, ,Bronx,NY,10459,4154,BRONX,40.82095,-73.8979,1/13/2011,10/1/2015
665388,931 DELI-GROCERY CORP  ,Small Grocery Store,931,Fox St, ,Bronx,NY,10459,4338,BRONX,40.82077,-73.89391,6/5/2003,7/24/2013
1304083,947 Deli Grocery Corp  ,Convenience Store,947,E 163rd St, ,Bronx,NY,10459,4211,BRONX,40.82106,-73.89606,12/21/2017,3/14/2023
1083359,950 Fair Food Corp/Fine Fare Supermarket  ,Supermarket,950,Westchester Ave, ,Bronx,NY,10459,3219,BRONX,40.82236,-73.89603,11/29/2012, 
1002656,950 Food Corp/Price Choice Supermarket  ,Super Store,950,Westchester Ave, ,Bronx,NY,10459,3219,BRONX,40.82235,-73.89628,5/5/2011,3/12/2014
840869,971 Grocery Store Corp  ,Small Grocery Store,971A,Westchester Ave, ,Bronx,NY,10459,3204,BRONX,40.82299,-73.89529,12/31/2007,10/15/2008
833172,99 C Brands Inc.  ,Small Grocery Store,836,Hunts Point Ave, ,Bronx,NY,10474,5406,BRONX,40.81739,-73.88839,12/27/2007,1/28/2014
864285,99 Cent Days & Discount Inc.  ,Convenience Store,901,Southern Blvd, ,Bronx,NY,10459,4507,BRONX,40.81951,-73.89297,10/14/2008,7/2/2017
988221,99 Cent Discount King Inc  ,Convenience Store,953,Southern Blvd,Frnt B,Bronx,NY,10459,3428,BRONX,40.82141,-73.89172,2/3/2011,1/16/2012
798328,99 CENT EXPRESS INC  ,Convenience Store,789,Southern Blvd, ,Bronx,NY,10455,2114,BRONX,40.816,-73.89659,9/21/2006,6/20/2010
1120190,99 Cents Of Southern Inc  ,Convenience Store,789,Southern Blvd, ,Bronx,NY,10455,2114,BRONX,40.816,-73.89659,2/11/2014,11/23/2018
796580,99 CENTS PLUS DISCOUNT & HAIR SUPPLY INC  ,Convenience Store,844,Hunts Point Ave, ,Bronx,NY,10474,5406,BRONX,40.81756,-73.88848,8/24/2006,6/20/2010
1055275,99c Us1  ,Convenience Store,1041,E 163rd St, ,Bronx,NY,10459,4510,BRONX,40.82105,-73.89138,8/20/2012,5/5/2015
1108520,A & G Deli Grocery Corp  ,Small Grocery Store,931,Fox St,,Bronx,NY,10459,4338,BRONX,40.82073,-73.894,8/1/2013, 
1222029,A & G Deli Grocery II Corp  ,Convenience Store,976,Prospect Ave, ,Bronx,NY,10459,2904,BRONX,40.82335,-73.90006,12/28/2015, 
1289222,A & G Deli Grocery Iii Corp  ,Small Grocery Store,948,E 163rd St,,Bronx,NY,10459,4209,BRONX,40.82093,-73.89596,7/25/2017,10/4/2020
1289222,A & G Deli Grocery Iii Corp  ,Small Grocery Store,948,E 163rd St,,Bronx,NY,10459,4209,BRONX,40.82093,-73.89596,10/16/2020, 
1648819,A & Z Gourmet Deli Corp  ,Convenience Store,770,Hunts Point Ave,,Bronx,NY,10474,5920,BRONX,40.81631,-73.88741,5/29/2025, 
982838,A &M Grocery and Candy Corp  ,Convenience Store,872,Hunts Point Ave, ,Bronx,NY,10474,5402,BRONX,40.81872,-73.88915,12/10/2010,3/22/2022
1070975,A Z Deli Inc  ,Convenience Store,1093A,Southern Blvd, ,Bronx,NY,10459,2417,BRONX,40.82595,-73.89199,11/20/2012,3/31/2014
1178797,A&O Deli Grocery Corp  ,Small Grocery Store,922,Barretto St, ,Bronx,NY,10459, ,BRONX,40.81947,-73.89317,3/5/2015,11/29/2017
1029143,A.J.B. Deli Grocery Inc  ,Small Grocery Store,701,Coster St, ,Bronx,NY,10474,6401,BRONX,40.81442,-73.8875,12/1/2011,8/5/2024
872167,A1 Depot Inc  ,Combination Grocery/Other,1195,Spofford Ave, ,Bronx,NY,10474,5833,BRONX,40.81379,-73.89139,11/17/2009, 
477125,AA SABA DELI & GROCERY  ,Small Grocery Store,870,Prospect Ave, ,Bronx,NY,10459,3926,BRONX,40.82028,-73.90129,8/20/2003,12/18/2005
1266903,AAA Biz Net Inc/ AAA Deli and Grocery  ,Convenience Store,978,Longwood Ave, ,Bronx,NY,10459,5108,BRONX,40.81713,-73.89767,1/25/2017,10/19/2017
1376307,"Aarons Corner Deli, Llc  ",Convenience Store,1251,Rev James A Polite Ave, ,Bronx,NY,10459,2227,BRONX,40.82857,-73.89658,12/5/2019,11/18/2024
1507967,Aayan Fruits & Vegetables Inc  ,Small Grocery Store,547,Southern Blvd,,Bronx,NY,10455,3705,BRONX,40.81243,-73.90369,7/28/2022, 
1136895,Abdus Salam GREEN CART  ,Fruits/Veg Specialty,953,Southern Blvd, ,Bronx,NY,10459, ,BRONX,40.82143,-73.89169,3/7/2014,12/20/2018
739784,Acosta Deli Grocery Inc  ,Small Grocery Store,590,Southern Blvd, ,Bronx,NY,10455, ,BRONX,40.81277,-73.90179,1/19/2005,9/13/2009
1113129,Al-Bathaa Deli Grocery Corp  ,Small Grocery Store,870,Prospect Ave, ,Bronx,NY,10459,3926,BRONX,40.82028,-73.90129,9/27/2013,4/11/2018
895644,ALANTE ALANTE DELI GROCERY CORP  ,Convenience Store,1006,INTERVALE AVENUE, ,BRONX,NY,10459,3146,BRONX,40.8234,-73.89684,6/2/2009,9/12/2012
1150883,Aldus 99 Cents Discount Store Corp / 99 Cents Disc  ,Combination Grocery/Other,951,Hoe Ave, ,Bronx,NY,10459,3619,BRONX,40.8221,-73.89037,7/3/2014,7/12/2018
1150883,Aldus 99 Cents Discount Store Corp / 99 Cents Disc  ,Combination Grocery/Other,951,Hoe Ave, ,Bronx,NY,10459,3619,BRONX,40.8221,-73.89037,8/29/2019, 
751347,Aldus Fruit & Meat Market  ,Small Grocery Store,953-75,Aldus St, ,Bronx,NY,10459, ,BRONX,40.82319,-73.89074,5/5/2005,5/20/2007
773329,Alex Grocery Inc  ,Small Grocery Store,1114,Westchester Ave, ,Bronx,NY,10459,2505,BRONX,40.82552,-73.89021,2/3/2006,5/7/2007
1395758,Alexis Deli & Grocery  ,Convenience Store,945,Aldus St,,Bronx,NY,10459,3512,BRONX,40.82312,-73.89143,3/11/2020,12/21/2022
873880,Ali Baba Gourmet Deli Corp  ,Medium Grocery Store,703,Southern Blvd, ,Bronx,NY,10455,2105,BRONX,40.81362,-73.89912,12/12/2008,4/6/2010
918966,Aljaned Middle Eastern Supermarket Corp  ,Small Grocery Store,976,Intervale Ave, ,Bronx,NY,10459,3103,BRONX,40.82251,-73.89684,10/27/2009,9/7/2011
374526,ALMANZAR GROCERY & FOOD CORP  ,Convenience Store,854,Intervale Ave,Frnt A,Bronx,NY,10459,5118,BRONX,40.81799,-73.89557,6/8/1995,5/17/2018
374526,ALMANZAR GROCERY & FOOD CORP  ,Convenience Store,854,Intervale Ave,Frnt A,Bronx,NY,10459,5118,BRONX,40.81799,-73.89557,7/17/2018, 
926380,Alnabil 83 Deli Grocery Inc  ,Convenience Store,900,Hoe Ave, ,Bronx,NY,10459,3657,BRONX,40.82135,-73.89024,1/28/2010,9/24/2019
929289,Amelia Grocery Store Inc  ,Small Grocery Store,954,Prospect Ave, ,Bronx,NY,10459,2941,BRONX,40.82255,-73.90039,1/5/2010,7/17/2016
973797,American 99 Of Southern Blvd.  ,Convenience Store,561B,Southern Blvd, ,Bronx,NY,10455,3762,BRONX,40.8124,-73.90337,10/19/2010,3/18/2013
1060037,Angel Vila - Simpson Street Fruit Market GC  ,Fruits/Veg Specialty,1000,Simpson St, ,Bronx,NY,10459,2443,BRONX,40.82331,-73.89285,11/21/2012,3/12/2014
451624,ANTHONY'S SUPERMARKET  ,Small Grocery Store,1218,Westchester Ave, ,Bronx,NY,10459,2506,BRONX,40.82606,-73.88909,5/11/1999,2/9/2011
1269630,Antillana Fresh Meat Market  ,Large Grocery Store,1025,Westchester Ave, ,Bronx,NY,10459,3311,BRONX,40.82405,-73.89321,2/16/2017, 
455068,ANTONIO BAEZ GROCERY STORE  ,Convenience Store,796,Southern Blvd, ,Bronx,NY,10455,2115,BRONX,40.81613,-73.89637,8/5/1999,6/24/2013
1110027,Antonio Hernandez GREEN CART  ,Fruits/Veg Specialty,1018,Southern Blvd, ,Bronx,NY,10459,3426,BRONX,40.82359,-73.89176,9/11/2013,5/5/2015
784612,Asociados Meat Market Inc  ,Medium Grocery Store,1025,Westchester Ave, ,Bronx,NY,10459,3311,BRONX,40.82417,-73.89302,5/11/2006,12/21/2016
452248,B & ME FOOD CORP  ,Super Store,1050,Westchester Ave, ,Bronx,NY,10459,2410,BRONX,40.82492,-73.89136,8/29/1996, 
953344,BARRETO DELI & GROCERY STORE INC  ,Small Grocery Store,922,BARRETO STREET, ,BRONX,NY,10459,4438,BRONX,40.81957,-73.89333,6/1/2010,12/28/2014
753794,Bashar Deli Grocery  ,Small Grocery Store,1126,Westchester Ave, ,Bronx,NY,10459,2505,BRONX,40.82568,-73.8899,5/31/2005,10/15/2008
799365,BELLA GROCERY  ,Small Grocery Store,671,kelly st, ,BRONX,NY,10455, ,BRONX,40.8154,-73.90233,7/24/2009,3/12/2014
1490289,Berakah Foods  ,Combination Grocery/Other,1240,Randall Ave,,Bronx,NY,10474,6409,BRONX,40.81172,-73.88817,2/24/2022, 
535940,BERENICE GROCERY INC  ,Small Grocery Store,831,Dawson St, ,Bronx,NY,10459,4112,BRONX,40.81867,-73.89883,1/12/1999,3/12/2009
1156873,Best 99 & Up Store Inc.  ,Small Grocery Store,1041,E 163rd St, ,Bronx,NY,10459,4510,BRONX,40.82102,-73.89133,12/17/2014,5/12/2021
1203142,Best African Market  ,Small Grocery Store,946,Prospect Ave, ,Bronx,NY,10459,2904,BRONX,40.82254,-73.90039,7/20/2015,4/13/2017
1172538,Best African Market Corp 1,Small Grocery Store,946,Prospect Ave, ,Bronx,NY,10459,2904,BRONX,40.82254,-73.90039,1/6/2015,5/27/2015
1431275,Best Day & Night Deli Grocery Corp. n/a,Convenience Store,1017,Leggett Ave,,Bronx,NY,10455,2012,BRONX,40.81421,-73.89952,3/5/2021,6/5/2022
1137099,Black Deli Grocery Corp.  ,Small Grocery Store,1026,Prospect Ave, ,Bronx,NY,10459,2714,BRONX,40.82435,-73.89965,6/6/2014,8/14/2018
1196619,Blazing Deals LLC  ,Convenience Store,986,Southern Blvd, ,Bronx,NY,10459,3402,BRONX,40.8226,-73.89171,7/15/2015,7/2/2017
748058,Bob's Dollar Mart LLC  ,Convenience Store,938,Southern Blvd, ,Bronx,NY,10459,4506,BRONX,40.82092,-73.89158,4/7/2005,1/23/2007
972558,Bronx Saint John Deli Inc  ,Convenience Store,911,Avenue Saint John,Frnt A,Bronx,NY,10455,2447,BRONX,40.81585,-73.90286,10/4/2010,10/20/2015
942961,Brother Hood Gourmet Deli Corp  ,Convenience Store,703,Southern Blvd, ,Bronx,NY,10455,2105,BRONX,40.81362,-73.89912,4/7/2010,9/16/2020
1424492,Brothers & Bobo LLC  ,Small Grocery Store,902,Hunts Point Ave,,Bronx,NY,10474,5403,BRONX,40.81966,-73.88973,11/24/2020,8/27/2025
1016787,Bryant Grocery Ny Corp  ,Small Grocery Store,869,Bryant Ave, ,Bronx,NY,10474,5501,BRONX,40.81892,-73.88675,9/1/2011,6/15/2015
1539236,Buena Vista Deli Grocery Corp.  ,Medium Grocery Store,650,Prospect Ave,#652,Bronx,NY,10455,3411,BRONX,40.81554,-73.9031,5/4/2023, 
1413136,Burger Chimi Tropical ,Convenience Store,940,Southern Blvd,,Bronx,NY,10459,3794,BRONX,40.82156,-73.89146,10/13/2020,6/16/2021
963234,Cacao Deli Grocery Corp  ,Convenience Store,918,Faile St,Frnt 1,Bronx,NY,10474,4730,BRONX,40.8204,-73.88799,8/11/2010,6/7/2018
963234,Cacao Deli Grocery Corp  ,Convenience Store,918,Faile St,Frnt 1,Bronx,NY,10474,4730,BRONX,40.8204,-73.88799,5/14/2019,8/12/2024
1319880,Cancun Deli & Grocery Corp  ,Small Grocery Store,908,E 163rd St, ,Bronx,NY,10459,4154,BRONX,40.82096,-73.89803,9/18/2018,6/16/2021
1400514,Cancun Deli Grocery I  ,Small Grocery Store,908,E 163rd St,,Bronx,NY,10459,4154,BRONX,40.82085,-73.89802,8/19/2020,7/6/2023
772714,Canela Food Store  ,Small Grocery Store,869,Bryant Ave, ,Bronx,NY,10474,5501,BRONX,40.81892,-73.88675,5/16/2006,5/17/2011
766055,Carniceria Hispana  ,Medium Grocery Store,967,E 165th St, ,Bronx,NY,10459,3314,BRONX,40.82399,-73.8945,9/21/2005,3/2/2015
1205162,Carniceria Hispana  ,Small Grocery Store,967,E 165th St, ,Bronx,NY,10459,3314,BRONX,40.82399,-73.8945,9/24/2015,3/15/2017
320971,CASANOVA MEAT MARKET CORP  ,Small Grocery Store,888,Hunts Point Ave,AKA 886-888 Hunts Pt Ave,Bronx,NY,10474,5402,BRONX,40.81913,-73.88943,7/13/2000,12/9/2014
1609305,Casita Maria Deli Corp  ,Convenience Store,1020,E 163rd St,,Bronx,NY,10459,4309,BRONX,40.82097,-73.89157,8/26/2024, 
437801,CASTILLO GROCERY MEAT MKT & DELI  ,Small Grocery Store,1174,Garrison Ave, ,Bronx,NY,10474,4750,BRONX,40.82049,-73.88799,6/22/1999,4/10/2005
515140,CESPEDES DELI GROCERY  ,Small Grocery Store,968,E 165th St, ,Bronx,NY,10459,3313,BRONX,40.8239,-73.89464,9/19/2002,3/9/2010
1666168,Champion Market Place  ,Small Grocery Store,914,Prospect Ave,,Bronx,NY,10459,3987,BRONX,40.82136,-73.90055,11/26/2025, 
1186501,Channel S Deli Grocery Inc  ,Convenience Store,910,Prospect Ave, ,Bronx,NY,10459, ,BRONX,40.82135,-73.90088,9/30/2015,7/24/2017
840764,Channel's Deli Grocery  ,Convenience Store,910,Prospect Ave, ,Bronx,NY,10459,3934,BRONX,40.82136,-73.90088,1/9/2008,5/30/2011
1007601,Channel's Grocery Corp  ,Small Grocery Store,910,Prospect Ave,Frnt C,Bronx,NY,10459,3934,BRONX,40.82136,-73.90088,5/31/2011,8/1/2012
781148,Chichi Grocery Corp.  ,Convenience Store,935,E 163rd St,Frnt 1,Bronx,NY,10459,4204,BRONX,40.82103,-73.89655,3/28/2006,6/10/2008
781148,Chichi Grocery Corp.  ,Convenience Store,935,E 163rd St,Frnt 1,Bronx,NY,10459,4204,BRONX,40.82103,-73.89655,6/13/2008,3/2/2015
781148,Chichi Grocery Corp.  ,Convenience Store,935,E 163rd St,Frnt 1,Bronx,NY,10459,4204,BRONX,40.82103,-73.89655,3/19/2015,11/2/2023
1196581,Cinco Hermanos Inc  ,Small Grocery Store,960,Longwood Ave, ,Bronx,NY,10459,5008,BRONX,40.81749,-73.89824,7/15/2015,9/11/2017
466280,COLONIA PUERTORIQUENA GROC CORP  ,Small Grocery Store,1012,GARRISON AVE, ,BRONX,NY,10474, ,BRONX,40.81883,-73.89021,7/13/2004,11/28/2010
767857,Comercial Mexicano Grocery Store  ,Small Grocery Store,547,Southern Blvd, ,Bronx,NY,10455, ,BRONX,40.81229,-73.90367,10/27/2005,10/6/2009
843501,Corner Gourmet Deli Inc  ,Small Grocery Store,918,Hunts Point Ave, ,Bronx,NY,10474,5403,BRONX,40.81953,-73.88973,2/14/2008,3/18/2013
1248937,Crystal Jaida Grocery Corp  ,Small Grocery Store,1090,Longfellow Ave, ,Bronx,NY,10459,2606,BRONX,40.82607,-73.88781,10/27/2016,11/19/2018
1203144,CT  Grocery NY  Corp  ,Convenience Store,869,Bryant Ave, ,Bronx,NY,10474,5501,BRONX,40.8189,-73.88671,8/11/2015,10/6/2024
1603201,CT Grocery NY Corp  ,Convenience Store,869,Bryant Ave, ,Bronx,NY,10474,5501,BRONX,40.81879,-73.88678,6/6/2024,7/27/2025
1661482,CT Grocery NY Corp  ,Convenience Store,869,Bryant Ave, ,Bronx,NY,10474,5501,BRONX,40.81879,-73.88678,7/1/2025, 
483298,CUERNAVACA DELI  ,Small Grocery Store,928,Southern Blvd, ,Bronx,NY,10459,4506,BRONX,40.82047,-73.89188,3/11/1997,5/16/2005
740422,D & A 724 Food Corp/Food Universe  ,Supermarket,724,Hunts Point Ave, ,Bronx,NY,10474,5921,BRONX,40.81546,-73.88652,1/19/2005, 
1305823,D & L Meat Market Llc  ,Meat/Poultry Specialty,796,Hunts Point Ave, ,Bronx,NY,10474,5920,BRONX,40.81657,-73.88789,12/19/2017,9/3/2018
1307465,D Mia Grocery Corp  ,Small Grocery Store,865,E 165th St, ,Bronx,NY,10459,3011,BRONX,40.82395,-73.89918,1/16/2018,4/6/2020
1607586,D' Lora Corp. ,Small Grocery Store,814,Hewitt Pl,,Bronx,NY,10459,4032,BRONX,40.81883,-73.89975,8/16/2024, 
529732,DA & JA DELI & GROCERY CORO  ,Small Grocery Store,1019,Simpson St, ,Bronx,NY,10459,3353,BRONX,40.82226,-73.89296,8/26/2004,5/28/2012
1019843,Daraliz Deli Corp  ,Medium Grocery Store,699,Beck St, ,Bronx,NY,10455,3421,BRONX,40.81502,-73.90044,10/20/2011,5/8/2013
282240,DAVID'S FOOD CENTER  ,Small Grocery Store,585,Southern Blvd, ,Bronx,NY,10455,3762,BRONX,40.81259,-73.90274,7/17/2001,8/15/2007
1322217,Dawoud Deli And Grocery Corp  ,Convenience Store,1126,Westchester Ave, ,Bronx,NY,10459,2505,BRONX,40.82566,-73.88992,7/9/2018,6/9/2019
1322217,Dawoud Deli And Grocery Corp  ,Convenience Store,1126,Westchester Ave, ,Bronx,NY,10459,2505,BRONX,40.82566,-73.88992,6/19/2019,3/23/2021
1142600,Day & Night Deli Grocery Corp.  ,Small Grocery Store,1017,Legget Avenue, ,Bronx,NY,10455, ,BRONX,40.81401,-73.89953,5/1/2014,9/30/2019
855483,Deegan Mini Market Store  ,Small Grocery Store,741,Hunts Point Ave, ,Bronx,NY,10474,5969,BRONX,40.81564,-73.88703,6/9/2008,12/12/2013
1638869,Deli & Convenience  ,Combination Grocery/Other,943,Westchester Ave,,Bronx,NY,10459,3106,BRONX,40.82244,-73.89661,3/25/2025,8/27/2025
839728,Deli Farms Corporation  ,Small Grocery Store,850,Longwood Ave, ,Bronx,NY,10459,4028,BRONX,40.81932,-73.90131,1/16/2008,4/20/2016
853885,"DIALLO DISCOUNT,INC  ",Medium Grocery Store,951,Hoe Ave, ,Bronx,NY,10459, ,BRONX,40.8221,-73.8904,5/21/2008,6/11/2014
1609989,Diana Mini Market Corp.  ,Convenience Store,701,Coster St,,Bronx,NY,10474,6401,BRONX,40.81462,-73.8876,8/29/2024, 
1283805,Discount Corp And 99c  ,Convenience Store,545,Southern Blvd, ,Bronx,NY,10455,3762,BRONX,40.81226,-73.90378,9/15/2017, 
597509,DISTRIBUIDORA SAN MARCUS  ,Small Grocery Store,969,Intervale Ave, ,Bronx,NY,10459,3177,BRONX,40.82208,-73.89695,5/8/2003,6/12/2013
1432599,Djobo African & Middle East Market  ,Small Grocery Store,984,Intervale Ave,,Bronx,NY,10459,3103,BRONX,40.82284,-73.89668,1/21/2021,8/21/2022
1013426,DNI Deli Grocery Inc  ,Small Grocery Store,978,Longwood Ave, ,Bronx,NY,10459,5108,BRONX,40.81718,-73.89781,7/25/2011,5/7/2014
334365,DOLLAR BREEZE INC  ,Convenience Store,1033,Westchester Ave, ,Bronx,NY,10459,2416,BRONX,40.82422,-73.89292,9/20/2004,8/2/2007
1181534,Dollar Closeouts Inc  ,Convenience Store,561,Southern Blvd, ,Bronx,NY,10455,3762,BRONX,40.81245,-73.90313,1/15/2015, 
768887,Dollar Craze Inc  ,Convenience Store,836,Hunts Point Ave, ,Bronx,NY,10474,5406,BRONX,40.81739,-73.88839,11/3/2005,9/5/2007
1056292,Dollar Deal Discount  ,Convenience Store,1009,E 163rd St, ,Bronx,NY,10459,4308,BRONX,40.82103,-73.89281,9/11/2012,12/9/2014
948677,DOLLAR DOES IT INC D/B/A 99 CENT DREAM  ,Convenience Store,1034,Southern Blvd, ,Bronx,NY,10459,3426,BRONX,40.82401,-73.8918,5/6/2010,3/12/2014
1221694,Dollar Express Store 10705,Convenience Store,900,Southern Blvd, ,Bronx,NY,10459,4506,BRONX,40.81952,-73.89288,10/28/2015,8/6/2017
1295394,Dollar General 19211,Combination Grocery/Other,900,Southern Blvd, ,Bronx,NY,10459,4506,BRONX,40.81952,-73.89287,8/8/2017, 
1131217,Dollar Goal Discount Inc  ,Convenience Store,870,Hunts Point Ave, ,Bronx,NY,10474,5402,BRONX,40.81877,-73.88924,4/28/2014,6/26/2022
889152,Dollar Goal Inc  ,Medium Grocery Store,870,Hunts Point Ave, ,Bronx,NY,10474,5402,BRONX,40.81877,-73.88924,3/31/2009,12/23/2013
1320205,Dollar Jackpot of Westchester Inc.  ,Convenience Store,899,Westchester Ave, ,Bronx,NY,10459,4089,BRONX,40.8207,-73.89963,12/21/2018,11/24/2023
1029171,Dollar Tree 4729,Combination Grocery/Other,924,Westchester Ave, ,Bronx,NY,10459,3108,BRONX,40.82183,-73.89735,10/20/2011,2/14/2023
1110022,DOLLAR TREE 5321,Combination Grocery/Other,867,Longwood Ave,,Bronx,NY,10459,4000,BRONX,40.81915,-73.90092,7/10/2013,5/4/2020
1110782,DOLLAR TREE 5150,Combination Grocery/Other,1222,Prospect Ave, ,Bronx,NY,10459,2206,BRONX,40.82691,-73.89854,7/16/2013,3/30/2021
1260610,Dollar Tree 5191,Combination Grocery/Other,925,Hunts Point Ave,unit 1,Bronx,NY,10459,5186,BRONX,40.82046,-73.89129,10/7/2016, 
972807,Domfeh's African Market  ,Combination Grocery/Other,860,E 163rd St, ,Bronx,NY,10459,3018,BRONX,40.82187,-73.89984,10/8/2010,3/18/2013
1508913,Dreams 1 99c Corporation  ,Convenience Store,874,Hunts Point Ave,,Bronx,NY,10474,5402,BRONX,40.81879,-73.8892,7/27/2022,6/29/2023
807099,DUANE READE 14150,Combination Grocery/Other,941,Southern Blvd,,Bronx,NY,10459,3401,BRONX,40.82134,-73.89168,11/17/2006,11/2/2019
786799,Dubai Deli Grocery Inc  ,Small Grocery Store,870,Prospect Ave, ,Bronx,NY,10459,3926,BRONX,40.82028,-73.90129,5/25/2006,10/2/2008
252268,E & G DELI GROCERY  ,Small Grocery Store,671,KELLY ST, ,BRONX,NY,10455, ,BRONX,40.8154,-73.90233,10/9/2003,5/20/2007
855726,E 163Rd St Grocery Inc  ,Medium Grocery Store,935,E 163rd St,Frnt 5,Bronx,NY,10459,4412,BRONX,40.82103,-73.89655,6/11/2008,7/5/2012
894033,Eagle Grocery Deli Corp  ,Convenience Store,870,Prospect Ave, ,Bronx,NY,10459,3926,BRONX,40.82028,-73.90129,5/17/2009,7/17/2013
1480030,Ecuatorianita Deli Corp  ,Convenience Store,978,Longwood Ave,,Bronx,NY,10459,5108,BRONX,40.81705,-73.89777,1/26/2022, 
871400,ECWM Market Inc  ,Small Grocery Store,1086,Southern Blvd, ,Bronx,NY,10459,2195,BRONX,40.82582,-73.89188,1/7/2009,3/18/2013
622514,EL COQUI FOOD CORP  ,Small Grocery Store,948,E 163rd St, ,Bronx,NY,10459,4209,BRONX,40.82094,-73.8959,4/22/2004,11/6/2007
1498778,El Mana Minimarket Corp.  ,Meat/Poultry Specialty,1024,Longwood Ave,,Bronx,NY,10459,5106,BRONX,40.81638,-73.89664,6/27/2022, 
980328,El Pollito Deli Food Corp  ,Small Grocery Store,1012,Garrison Ave,Frnt 1,Bronx,NY,10474,5347,BRONX,40.81883,-73.89021,11/29/2010,3/12/2014
1491931,El Provocon Deli Grocery Corp.  ,Convenience Store,620,Manida St,Frnt 1,Bronx,NY,10474,6454,BRONX,40.81222,-73.88767,5/12/2022, 
1504635,EL SITIO 2 DELI GROCERY CO  ,Small Grocery Store,954,Prospect Ave, ,Bronx,NY,10459,2941,BRONX,40.82252,-73.90025,5/19/2022,7/19/2023
1555478,El Sitio 2 Deli Grocery Co  ,Small Grocery Store,954,Prospect Ave, ,Bronx,NY,10459,2941,BRONX,40.82252,-73.90025,7/10/2023, 
1359383,"El Sitio 2 Deli Grocery, Corp  ",Small Grocery Store,954,Prospect Ave, ,Bronx,NY,10459,2941,BRONX,40.82253,-73.9004,6/11/2019,7/21/2022
1109328,El Valle Produce & Deli Inc.  ,Small Grocery Store,796,Southern Blvd, ,Bronx,NY,10455,2115,BRONX,40.81613,-73.89637,9/16/2013,3/16/2018
795477,ELVIS PRODUCE  ,Small Grocery Store,928,Southern Blvd, ,Bronx,NY,10459,4506,BRONX,40.82047,-73.89188,8/29/2006,9/20/2010
1590388,Empire City Deli Corporation  ,Convenience Store,706,Faile St,,Bronx,NY,10474,5904,BRONX,40.8148,-73.88642,8/14/2024, 
1165187,Esmeralda Deli Grocery Corp  ,Small Grocery Store,986,Rogers Pl,,Bronx,NY,10459,3390,BRONX,40.82373,-73.89757,11/7/2014,3/18/2024
980989,Express Candy & Grocery  ,Small Grocery Store,797,Southern Blvd, ,Bronx,NY,10455,2114,BRONX,40.81615,-73.89643,12/2/2010,11/28/2017
1283759,Express Candy And Grocery Inc  ,Small Grocery Store,797,Southern Blvd, ,Bronx,NY,10455,2114,BRONX,40.81618,-73.8964,6/22/2017,6/4/2019
621854,F.L. GROCERY STORE  ,Small Grocery Store,1086,KELLY ST, ,BRONX,NY,10459, ,BRONX,40.82577,-73.89577,2/20/2003,3/14/2005
621854,F.L. GROCERY STORE  ,Small Grocery Store,1086,KELLY ST, ,BRONX,NY,10459, ,BRONX,40.82577,-73.89577,11/3/2005,6/5/2006
628829,FAILE STREET GROCERY CORP  ,Small Grocery Store,701,Faile St, ,Bronx,NY,10474,5901,BRONX,40.81452,-73.88656,5/24/2001,12/17/2007
1167928,Fair King Grocery Optimo Inc  ,Convenience Store,944,Aldus St, ,Bronx,NY,10459, ,BRONX,40.8231,-73.89088,3/4/2015,11/29/2017
1299486,Faith Deli Grocery Llc  ,Convenience Store,854,E 163rd St, ,Bronx,NY,10459,3264,BRONX,40.82179,-73.89944,12/20/2017,3/30/2021
834620,FAMILY DOLLAR 6852,Combination Grocery/Other,1274,Westchester Ave, ,Bronx,NY,10459,2611,BRONX,40.82713,-73.8871,10/4/2007,6/17/2019
1405226,Family Dollar 13004,Combination Grocery/Other,867,Longwood Ave, ,Bronx,NY,10459,4000,BRONX,40.81916,-73.90091,5/5/2020, 
1114615,FAMILY DOLLAR STORE 10705,Combination Grocery/Other,900,Southern Blvd, ,Bronx,NY,10459,4506,BRONX,40.81956,-73.89284,8/14/2013,11/23/2015
1352620,Famous Gourmet And Grill Corp  ,Convenience Store,772,Hunts Point Ave, ,Bronx,NY,10474,5920,BRONX,40.81601,-73.88728,3/5/2019,6/24/2020
1352620,Famous Gourmet And Grill Corp  ,Convenience Store,772,Hunts Point Ave, ,Bronx,NY,10474,5920,BRONX,40.81601,-73.88728,6/30/2020,6/30/2024
1461075,Faso African Market  ,Small Grocery Store,953A,Westchester Ave,,Bronx,NY,10459,3106,BRONX,40.82249,-73.89626,9/16/2021, 
941741,Fast Deli and Grocery Inc  ,Small Grocery Store,871,Longwood Ave,Frnt 1,Bronx,NY,10459,4016,BRONX,40.81902,-73.90069,3/18/2010,9/7/2011
1215218,Fernandez Deli Grocery  ,Small Grocery Store,1086,Kelly St,,Bronx,NY,10459,2838,BRONX,40.82579,-73.8957,11/23/2015,8/31/2022
1547354,Fernandez Deli Grocery  ,Small Grocery Store,1086,Kelly St,,Bronx,NY,10459,2838,BRONX,40.82579,-73.8957,10/24/2023, 
1598539,Fernandez Deli Grocery ll Corp  ,Small Grocery Store,986,Rogers Pl,,Bronx,NY,10459,3390,BRONX,40.82368,-73.89751,8/7/2024, 
601089,FERNANDEZ'S BROTHERS DELI GROC CO  ,Small Grocery Store,976,Prospect Ave, ,Bronx,NY,10459,2904,BRONX,40.82335,-73.90006,7/1/1996,8/4/2005
1537739,First Healthy Fresh Gourmet Inc  ,Convenience Store,795,Southern Blvd,,Bronx,NY,10455,2114,BRONX,40.81618,-73.89661,3/23/2023, 
901099,Five Star Delicious Deli Inc  ,Small Grocery Store,949,E 163rd St,Frnt 1,Bronx,NY,10459,4417,BRONX,40.82105,-73.8959,6/24/2009,4/2/2017
476722,FOUR STAR DELI GROCERY  ,Small Grocery Store,1101,Garrison Ave, ,Bronx,NY,10474,4633,BRONX,40.81949,-73.88974,8/11/2003,10/2/2014
358261,FREELAND DELI CORP  ,Convenience Store,706,FAILE ST, ,BRONX,NY,10474, ,BRONX,40.81464,-73.88644,5/27/2004,12/22/2008
838299,Freire Fruits and Vegetables Store  ,Fruits/Veg Specialty,916,Hunts Point Ave, ,Bronx,NY,10474,5403,BRONX,40.81952,-73.88972,12/28/2007,9/7/2011
1396059,Fresh City Deli Inc  ,Convenience Store,925,Hunts Point Ave,,Bronx,NY,10459,5190,BRONX,40.82063,-73.89117,4/13/2020,10/19/2021
1495888,Fresh City Delii Incorporated  ,Convenience Store,925,Hunts Point Ave,,Bronx,NY,10459,5190,BRONX,40.82046,-73.89129,6/21/2022,11/10/2023
1199587,Fresh Meat Market Corp  ,Combination Grocery/Other,796,Hunts Point Ave, ,Bronx,NY,10474,5920,BRONX,40.81654,-73.88789,6/10/2015,11/28/2017
424811,FRIAS GROCERY  ,Small Grocery Store,1240,Spofford Ave, ,Bronx,NY,10474,5800,BRONX,40.81403,-73.88926,5/28/1999,7/30/2007
1425122,Friendly Deli Inc  ,Convenience Store,671,Kelly St,,Bronx,NY,10455,3416,BRONX,40.81546,-73.90237,1/15/2021, 
1362789,Friends Deli & Grill Corp  ,Small Grocery Store,585,Southern Blvd, ,Bronx,NY,10455,3762,BRONX,40.81272,-73.90219,6/24/2019,4/27/2022
1362789,Friends Deli & Grill Corp  ,Small Grocery Store,585,Southern Blvd, ,Bronx,NY,10455,3762,BRONX,40.81272,-73.90219,5/10/2022,6/14/2022
1261091,Friendship Deli Grocery  ,Convenience Store,1043,E 163rd St, ,Bronx,NY,10459,4510,BRONX,40.82102,-73.8913,1/26/2017,12/20/2021
643004,FT MEAT CORP  ,Super Store,1065,E 163rd St, ,Bronx,NY,10459,4510,BRONX,40.82112,-73.89072,10/23/2001, 
742258,Gabi Deli Grocery  ,Small Grocery Store,910,Prospect Ave, ,Bronx,NY,10459, ,BRONX,40.82136,-73.90088,11/3/2005,7/22/2007
381282,GARRISON DELI GROCERY  ,Small Grocery Store,1150,Garrison Ave, ,Bronx,NY,10474,4637,BRONX,40.82014,-73.8886,6/19/1997,2/12/2007
381282,GARRISON DELI GROCERY  ,Small Grocery Store,1150,Garrison Ave, ,Bronx,NY,10474,4637,BRONX,40.82014,-73.8886,3/14/2007,9/14/2016
1353342,Gay Grocery Inc  ,Convenience Store,911,Avenue Saint John, ,Bronx,NY,10455,2416,BRONX,40.81585,-73.90286,4/9/2019,11/16/2021
1422828,"GDM Deli Grocery, Inc  ",Convenience Store,1026,Prospect Ave, ,Bronx,NY,10459,2714,BRONX,40.82434,-73.89947,11/2/2020,6/22/2022
1505236,Gilbert Place Deli Grocery Inc  ,Small Grocery Store,1204,Gilbert Pl,,Bronx,NY,10474,5408,BRONX,40.81775,-73.88811,9/2/2022, 
1554264,Gino Deli Grocery  ,Convenience Store,935,E 163rd St,,Bronx,NY,10459,4204,BRONX,40.82116,-73.89653,11/29/2023, 
336740,GIRALDA BAKERY CORP  ,Bakery Specialty,1035,E 163rd St, ,Bronx,NY,10459,4510,BRONX,40.82131,-73.89143,5/14/1998, 
754638,Gomez Grocery & Deli  ,Small Grocery Store,1174,Garrison Ave, ,Bronx,NY,10474,4750,BRONX,40.82049,-73.88799,6/7/2005,10/9/2007
1077051,Good Deli Grocery Corp  ,Small Grocery Store,698,Beck St, ,Bronx,NY,10455,3451,BRONX,40.81491,-73.90051,11/28/2012,9/4/2018
735253,Gourmet Deli Grocery Corp  ,Small Grocery Store,770,Hunts Point Ave, ,Bronx,NY,10474,5920,BRONX,40.81597,-73.88724,12/7/2004,2/3/2010
735253,Gourmet Deli Grocery Corp  ,Small Grocery Store,770,Hunts Point Ave, ,Bronx,NY,10474,5920,BRONX,40.81597,-73.88724,2/12/2010,1/25/2011
1548334,Grab 2 Go Deli Corp  ,Convenience Store,1101,Garrison Ave,,Bronx,NY,10474,4633,BRONX,40.81968,-73.88963,7/13/2023,10/14/2024
1612784,Grab 2 Go Deli Corp  ,Convenience Store,1101,Garrison Ave, ,Bronx,NY,10474,4633,BRONX,40.81968,-73.88963,8/14/2024,9/17/2025
487334,GRO WIN FOOD CORP  ,Supermarket,938,E 163rd St, ,Bronx,NY,10459,4209,BRONX,40.82096,-73.89637,10/29/2002,5/22/2006
1081462,Guillermina Torres-Rivera - Cesar's Fruits GC  ,Fruits/Veg Specialty,1039,Simpson St, ,Bronx,NY,10459, ,BRONX,40.82429,-73.89297,11/23/2012,12/9/2014
1071314,Guillermo Pacheco GC  ,Fruits/Veg Specialty,991,Southern Blvd, ,Bronx,NY,10459,3401,BRONX,40.82255,-73.89178,9/5/2012,7/31/2017
1183708,H & N Gourmet Deli Inc  ,Convenience Store,1251,Rev James A Polite Ave, ,Bronx,NY,10459,2227,BRONX,40.82857,-73.89658,3/18/2015,6/28/2018
1496201,H P A Deli Corp  ,Small Grocery Store,803,Hunts Point Ave,,Bronx,NY,10474,5401,BRONX,40.8167,-73.88814,6/15/2022, 
296781,H.A. SAIDI GROCERY-DELI STORE  ,Convenience Store,1300,Lafayette Ave, ,Bronx,NY,10474,7202,BRONX,40.81674,-73.88703,11/5/2002,1/4/2012
949246,Haig Grocery Corp  ,Small Grocery Store,948,E 163rd St, ,Bronx,NY,10459,4209,BRONX,40.82096,-73.896,6/21/2010,1/16/2012
1544088,Havana Deli Corp  ,Convenience Store,706,Faile St, ,Bronx,NY,10474,5904,BRONX,40.8148,-73.88642,4/6/2023,2/15/2024
1419450,Havana Deli Corp.  ,Convenience Store,706,Faile St,,Bronx,NY,10474,5904,BRONX,40.81478,-73.88642,1/26/2021,4/25/2023
1532679,Healthy Shack Deli Grocery Corp.  ,Convenience Store,1086,Southern Blvd,Frnt 2,Bronx,NY,10459,2471,BRONX,40.82587,-73.89172,2/27/2023, 
833070,Hernando Deli Grocery Corp  ,Small Grocery Store,1174,Garrison Ave, ,Bronx,NY,10474,4750,BRONX,40.82049,-73.88799,10/11/2007,7/25/2010
875768,Hero City #2 Deli Inc  ,Medium Grocery Store,706,Faile St, ,Bronx,NY,10474, ,BRONX,40.81464,-73.88644,1/9/2009,9/29/2011
1569278,Hero City Dark Knight Corporation  ,Small Grocery Store,1202,Spofford Ave,,Bronx,NY,10474,5847,BRONX,40.8137,-73.89085,11/15/2023, 
1400126,Hip Hop Candy Grocery Corp.  ,Convenience Store,1300,Lafayette Ave,,Bronx,NY,10474,7202,BRONX,40.81667,-73.8869,4/27/2020,11/16/2021
774755,Hoe Ave. Deli Grocery Corp.  ,Medium Grocery Store,914,Hoe Ave, ,Bronx,NY,10459, ,BRONX,40.82137,-73.89021,12/23/2005,11/26/2006
774755,Hoe Ave. Deli Grocery Corp.  ,Medium Grocery Store,914,Hoe Ave, ,Bronx,NY,10459, ,BRONX,40.82137,-73.89021,7/12/2007,10/27/2008
1497827,Hunts Point Deli Corp.  ,Small Grocery Store,1331,Seneca Ave,,Bronx,NY,10474,4611,BRONX,40.81917,-73.88641,7/25/2022, 
897405,Hunts Point Farmers' Market  ,Farmers' Market,,Hunts Point Subway Station,"Southrn Blvd, Brucknr Blvd & E. 163rd St",Bronx,NY,10459, ,BRONX,40.82018,-73.89066,6/19/2009,9/20/2019
1376023,Hunts Point Finest Deli Corp  ,Convenience Store,1101,Garrison Ave, ,Bronx,NY,10474,4633,BRONX,40.8196,-73.88953,9/27/2019,6/23/2021
1376023,Hunts Point Finest Deli Corp  ,Convenience Store,1101,Garrison Ave, ,Bronx,NY,10474,4633,BRONX,40.8196,-73.88953,4/14/2022,1/31/2023
1117735,Hunts Point Fruit & Vegatable  ,Small Grocery Store,887,Hunts Point Ave, ,Bronx,NY,10474, ,BRONX,40.8189,-73.8894,11/18/2013,2/17/2015
984919,Hunts Point Gourmet Inc  ,Small Grocery Store,770,Hunts Point Ave, ,Bronx,NY,10474,5920,BRONX,40.81597,-73.88724,1/26/2011,12/16/2020
759342,Hunts Point Grocery Corp  ,Small Grocery Store,741,Hunts Point Ave, ,Bronx,NY,10474, ,BRONX,40.81564,-73.88703,8/8/2005,6/1/2008
1124777,Hunts Point New Deli Grocery  ,Small Grocery Store,741,Hunts Point Ave, ,Bronx,NY,10474, ,BRONX,40.81564,-73.88703,12/13/2013,5/5/2015
1313185,Intervale Deli Corp  ,Convenience Store,1103,Intervale Ave,,Bronx,NY,10459,2301,BRONX,40.82627,-73.89721,4/28/2018, 
1364697,Intervale Deli Food Corp  ,Small Grocery Store,1006,Intervale Ave, ,Bronx,NY,10459,3146,BRONX,40.82338,-73.89684,10/1/2019,9/23/2025
1094768,Intervale Deli Grocery Corp  ,Convenience Store,1006,Intervale Avenue, ,Bronx,NY,10459,3146,BRONX,40.8234,-73.89684,5/28/2013,11/14/2018
864686,Intervale Meat Market & Grocery Inc  ,Convenience Store,941,Intervale Ave, ,Bronx,NY,10459,3135,BRONX,40.82132,-73.89693,9/12/2008,4/13/2016
818391,Intervale Meat Market Lp  ,Meat/Poultry Specialty,952,Intervale Ave, ,Bronx,NY,10459,3117,BRONX,40.82157,-73.89684,5/1/2007,9/15/2008
798331,INTERVALE SUPERIOR DELI GROCERY CORP  ,Small Grocery Store,974,Intervale Ave, ,Bronx,NY,10459,3103,BRONX,40.8223,-73.8968,2/13/2007,8/1/2007
1493937,Iron Grill Corp  ,Convenience Store,596,Southern Blvd,,Bronx,NY,10455,3715,BRONX,40.81271,-73.90159,6/13/2022, 
1563280,"Island Deli Grill 2, Inc.  ",Convenience Store,860,Southern Blvd,,Bronx,NY,10459,5257,BRONX,40.81786,-73.89439,11/24/2023,5/26/2025
1638251,"Island Deli Grill 2, Inc.  ",Convenience Store,860,Southern Blvd, ,Bronx,NY,10459,5257,BRONX,40.81786,-73.89439,2/20/2025, 
987966,J & E Discount LLC  ,Convenience Store,982C,Westchester Ave, ,Bronx,NY,10459,3308,BRONX,40.82317,-73.89469,2/4/2011,4/5/2012
1611031,J & J Deli Grocery Store Corp.  ,Convenience Store,699,Beck St,,Bronx,NY,10455,3421,BRONX,40.81513,-73.90035,9/26/2024,4/29/2025
1645086,J & J Deli Grocery Store Corp.  ,Convenience Store,699,Beck St, ,Bronx,NY,10455,3421,BRONX,40.81513,-73.90035,3/26/2025, 
1172356,J & Leo's Deli Grocery Corp 1,Small Grocery Store,663,"Dawson St,", ,Bronx,NY,10455, ,BRONX,40.81639,-73.90257,11/24/2014,10/5/2015
973674,J & W Food Center Corp  ,Small Grocery Store,990,Leggett Ave, ,Bronx,NY,10455,5128,BRONX,40.81445,-73.89983,10/6/2010, 
1104251,J M C Grocery Corp  ,Convenience Store,865,E 165th St, ,Bronx,NY,10459,3011,BRONX,40.82396,-73.89908,10/21/2013,11/25/2014
1353745,Jaivery Deli Grocery Corp  ,Small Grocery Store,907,Southern Blvd,,Bronx,NY,10459,4511,BRONX,40.81982,-73.89305,6/28/2019,10/22/2020
1353745,Jaivery Deli Grocery Corp  ,Small Grocery Store,907,Southern Blvd,,Bronx,NY,10459,4511,BRONX,40.81982,-73.89305,9/29/2021,5/3/2023
1364182,Jandinga Deli Grocery Store Corp  ,Convenience Store,900,Hoe Ave, ,Bronx,NY,10459,3657,BRONX,40.82108,-73.8902,10/17/2019,9/21/2021
1364182,Jandinga Deli Grocery Store Corp  ,Convenience Store,900,Hoe Ave, ,Bronx,NY,10459,3657,BRONX,40.82108,-73.8902,9/24/2021,2/7/2023
441360,JBWE MEATS INC  ,Meat/Poultry Specialty,1027,Westchester Ave, ,Bronx,NY,10459,3311,BRONX,40.82418,-73.89301,12/31/1997,5/6/2007
734874,JC STORE  ,Small Grocery Store,701,Coster St, ,Bronx,NY,10474,6401,BRONX,40.81442,-73.8875,12/13/2004,6/9/2009
1387433,Jimenez Fruits & Vegetables  ,Small Grocery Store,901,Southern Blvd,Unit B,Bronx,NY,10459,4560,BRONX,40.81966,-73.89302,3/13/2020,11/29/2024
1387433,Jimenez Fruits & Vegetables  ,Small Grocery Store,901,Southern Blvd,Unit B,Bronx,NY,10459,4560,BRONX,40.81966,-73.89302,8/21/2025, 
590944,JJ FRUIT & VEGETABLE MARKET  ,Small Grocery Store,600,Southern Blvd, ,Bronx,NY,10455,3732,BRONX,40.8126,-73.90231,2/13/2003,6/24/2007
329317,JKS PRODUCE CORP.  ,Medium Grocery Store,1054,Southern Blvd, ,Bronx,NY,10459,3426,BRONX,40.82441,-73.89188,5/18/1999,4/20/2005
632583,JM GROCERY STORE  ,Small Grocery Store,1090,Longfellow Ave, ,Bronx,NY,10459,2606,BRONX,40.82597,-73.88776,12/18/2003,9/26/2016
1636025,Jmc Fresh Foods Corp  ,Supermarket,1000,Westchester Ave,,Bronx,NY,10459,3309,BRONX,40.82352,-73.89367,4/14/2025, 
313247,JOEL'S DELI & GROCERY  ,Small Grocery Store,947,Aldus St, ,Bronx,NY,10459,3512,BRONX,40.82318,-73.89085,6/13/2002,7/5/2006
535103,JOSE A SALGADO SALGADOS SUPERETTE  ,Convenience Store,1131,W Farms Rd,,Bronx,NY,10459,2432,BRONX,40.82661,-73.89023,12/12/1975,9/21/2016
535103,JOSE A SALGADO SALGADOS SUPERETTE  ,Convenience Store,1131,W Farms Rd,,Bronx,NY,10459,2432,BRONX,40.82661,-73.89023,2/7/2020,12/6/2021
535103,JOSE A SALGADO SALGADOS SUPERETTE  ,Convenience Store,1131,W Farms Rd,,Bronx,NY,10459,2432,BRONX,40.82661,-73.89023,12/17/2021,11/27/2022
535103,JOSE A SALGADO SALGADOS SUPERETTE  ,Convenience Store,1131,W Farms Rd,,Bronx,NY,10459,2432,BRONX,40.82661,-73.89023,1/3/2023,8/29/2023
987123,JQ Deli Grocery Corp  ,Small Grocery Store,1218,Westchester Ave, ,Bronx,NY,10459,2506,BRONX,40.82606,-73.88909,2/10/2011,12/19/2011
1036917,JQ Deli Grocery Corp  ,Small Grocery Store,1218,Westchester Ave, ,Bronx,NY,10459,2506,BRONX,40.82606,-73.88909,1/5/2012,9/11/2012
1019531,Juan S Ramos-dba- Quetzal Deli & Grocery  ,Small Grocery Store,1023A,Longwood Ave, ,Bronx,NY,10459,5105,BRONX,40.81651,-73.89643,10/18/2011,8/23/2015
1541386,Juicy World 2 Corporation  ,Convenience Store,701,Hunts Point Ave,,Bronx,NY,10474,5903,BRONX,40.81482,-73.88638,5/30/2023,6/1/2025
988706,JYJ Deli Grocery Corp  ,Medium Grocery Store,968,E 165th St, ,Bronx,NY,10459,3313,BRONX,40.82387,-73.89444,3/31/2011, 
1491789,Kareem Deli & Grocery Corporation  ,Convenience Store,1126,Westchester Ave,,Bronx,NY,10459,2505,BRONX,40.82557,-73.88982,4/21/2022,7/11/2023
794307,KELLY GROCERY DELI #2  ,Medium Grocery Store,1086,KELLY ST, ,BRONX,NY,10459, ,BRONX,40.82577,-73.89577,7/24/2006,1/27/2015
735257,Kelly St Deli Grocery Corp  ,Medium Grocery Store,945,E 163rd St, ,Bronx,NY,10459,4219,BRONX,40.82102,-73.89617,12/30/2004,4/29/2008
1552039,Kelly Street Deli Corp  ,Convenience Store,947,E 163rd St,,Bronx,NY,10459,4211,BRONX,40.82105,-73.89606,8/15/2023, 
958970,Kenneth Mini Market Corp  ,Medium Grocery Store,1000,Hoe Ave, ,Bronx,NY,10459,3686,BRONX,40.82333,-73.8904,8/2/2010,9/25/2014
765307,Ketsie Grocery Inc  ,Convenience Store,865,E 149th St,,Bronx,NY,10455,4610,BRONX,40.81166,-73.90354,9/27/2005,11/26/2006
765307,Ketsie Grocery Inc  ,Convenience Store,865,E 149th St,,Bronx,NY,10455,4610,BRONX,40.81166,-73.90354,10/7/2008,1/15/2020
982847,Kings Grill & Deli Inc  ,Large Grocery Store,585,Southern Blvd, ,Bronx,NY,10455,3762,BRONX,40.81259,-73.90274,12/15/2010,4/23/2013
982847,Kings Grill & Deli Inc  ,Large Grocery Store,585,Southern Blvd, ,Bronx,NY,10455,3762,BRONX,40.81259,-73.90274,1/6/2014,7/16/2014
1158627,Kings Grill & Grocery Corp  ,Convenience Store,585,Southern Blvd, ,Bronx,NY,10455,3762,BRONX,40.81256,-73.90273,7/25/2014,9/5/2018
813724,L.A. Deli Grocery LLC  ,Small Grocery Store,926,Intervale Ave, ,Bronx,NY,10459,4226,BRONX,40.82,-73.89663,2/16/2007,8/5/2008
739269,L.G.S. Foods Corp  ,Convenience Store,679,Fox St, ,Bronx,NY,10455,3504,BRONX,40.81421,-73.90021,1/31/2005,4/16/2007
972900,La Centrale  ,Combination Grocery/Other,930A,Southern Blvd, ,Bronx,NY,10459,4506,BRONX,40.82064,-73.89176,3/1/2011,3/18/2013
1027129,La Juquilita 547 Grocery Corp  ,Small Grocery Store,547,Southern Blvd, ,Bronx,NY,10455,3705,BRONX,40.8123,-73.90363,10/26/2011,9/3/2018
937018,La Mexicana 547 Grocery Corp  ,Small Grocery Store,547,Southern Blvd, ,Bronx,NY,10455,3705,BRONX,40.81229,-73.90367,3/18/2010,10/25/2011
1168743,La Mina Mini Market Corp  ,Small Grocery Store,1000,Hoe Ave,,Bronx,NY,10459,3686,BRONX,40.82335,-73.89041,12/15/2014,8/15/2022
1168743,La Mina Mini Market Corp  ,Small Grocery Store,1000,Hoe Ave,,Bronx,NY,10459,3686,BRONX,40.82335,-73.89041,9/2/2022, 
734674,LA NUEVA ESTRELLA GROCERY STORE  ,Convenience Store,703,Southern Blvd, ,Bronx,NY,10455,2105,BRONX,40.81362,-73.89912,12/20/2004,8/1/2007
692989,LA NUEVA GIRALDA BAKERY INC  ,Convenience Store,1045,Westchester Ave,,Bronx,NY,10459,2416,BRONX,40.82447,-73.89265,6/26/2002,3/11/2019
1477505,La Nueva Giralda Bakery Inc NO,Bakery Specialty,1045 1/2,Westchester Ave,,Bronx,NY,10459,2416,BRONX,40.82447,-73.8925,1/25/2022, 
484940,LA PLACITA GROCERY  ,Small Grocery Store,956,INTERVALE AVE, ,BRONX,NY,10459, ,BRONX,40.8217,-73.89684,6/3/2004,2/8/2009
1225458,La Reyna De Westchester Deli Grocery Corp.  ,Convenience Store,1218,Westchester Ave, ,Bronx,NY,10459,2506,BRONX,40.82607,-73.88913,3/10/2016,6/10/2021
1035169,La Salle Fruits and Vegetables DBA Alcenio Perez  ,Small Grocery Store,1014A,Longwood Ave, ,Bronx,NY,10459,5106,BRONX,40.81656,-73.89674,12/20/2011,3/12/2014
1096387,La Suegra Deli Grocery Corp  ,Small Grocery Store,1218,Westchester Ave, ,Bronx,NY,10459,2506,BRONX,40.82606,-73.88909,4/24/2013,5/18/2015
759439,La Union Meat Market Inc  ,Small Grocery Store,1025,Westchester Ave, ,Bronx,NY,10459,3311,BRONX,40.82417,-73.89302,7/21/2005,4/18/2006
566899,LA UNION SUPERMARKET INC  ,Medium Grocery Store,1025,Westchester Ave, ,Bronx,NY,10459,3311,BRONX,40.82417,-73.89302,11/13/2003,7/20/2005
476204,LA VENCIDAD GROCERY STORE  ,Small Grocery Store,811,Hunts Point Ave, ,Bronx,NY,10474,5401,BRONX,40.81696,-73.88827,8/24/2004,4/20/2005
788597,LATIN GROCERY LLC  ,Small Grocery Store,961,E 165th St, ,Bronx,NY,10459,3314,BRONX,40.82405,-73.89468,6/29/2006, 
1480656,Lee Grocery Corporation  ,Convenience Store,911,Avenue Saint John,,Bronx,NY,10455,2416,BRONX,40.81593,-73.90273,3/3/2022,5/19/2025
1464206,Lili's Deli Grocery Corp  ,Small Grocery Store,995,Kelly St,,Bronx,NY,10459,3202,BRONX,40.82285,-73.89594,12/23/2021,8/20/2025
1647273,Lilis Grocery Convenience Corporation  ,Convenience Store,971,Westchester Ave,,Bronx,NY,10459,3237,BRONX,40.82306,-73.89542,8/4/2025, 
973311,Lo Maximo Deli Grocery  ,Small Grocery Store,710,Beck St, ,Bronx,NY,10455,5104,BRONX,40.81505,-73.90005,10/27/2010,6/23/2016
1247299,Lo Maximo Deli Grocery Llc  ,Small Grocery Store,710,Beck St, ,Bronx,NY,10455,5104,BRONX,40.81511,-73.89999,7/25/2016,9/24/2018
1247299,Lo Maximo Deli Grocery Llc  ,Small Grocery Store,710,Beck St, ,Bronx,NY,10455,5104,BRONX,40.81511,-73.89999,10/9/2018,5/22/2019
1247299,Lo Maximo Deli Grocery Llc  ,Small Grocery Store,710,Beck St, ,Bronx,NY,10455,5104,BRONX,40.81511,-73.89999,5/31/2019, 
747064,Longwood Deli & Grocery  ,Medium Grocery Store,978,Longwood Ave, ,Bronx,NY,10459,5108,BRONX,40.81718,-73.89781,7/7/2005,7/4/2006
784780,LONGWOOD DELI & GROCERY INC  ,Small Grocery Store,978,Longwood Ave, ,Bronx,NY,10459,5108,BRONX,40.81718,-73.89781,7/27/2006,2/24/2009
340306,LOPEZ GROCERY & DELI  ,Small Grocery Store,869,Bryant Ave, ,Bronx,NY,10474,5501,BRONX,40.81892,-73.88675,6/12/2001,1/2/2006
1399217,Los 2 Hermanitos II Deli Grocery Corp.  ,Convenience Store,865,E 165th St,,Bronx,NY,10459,3011,BRONX,40.82392,-73.89908,6/22/2020,8/5/2021
1399217,Los 2 Hermanitos II Deli Grocery Corp.  ,Convenience Store,865,E 165th St,,Bronx,NY,10459,3011,BRONX,40.82392,-73.89908,8/23/2021,5/15/2022
860036,Los Amigos & Bro Grocery Deli Plus Corp  ,Convenience Store,907,Southern Blvd, ,Bronx,NY,10459, ,BRONX,40.81965,-73.89283,10/7/2008,1/8/2013
808045,Los Amigos Deli Food  ,Convenience Store,907,Southern Blvd, ,Bronx,NY,10459,4511,BRONX,40.81965,-73.89283,12/26/2006,12/11/2008
1386521,Los Bancos Grocery Inc  ,Small Grocery Store,831,Dawson St,,Bronx,NY,10459,4112,BRONX,40.81878,-73.89867,5/12/2020,12/14/2023
1484982,Los Hermanos Poultry Corp  ,Meat/Poultry Specialty,966,Westchester Ave,,Bronx,NY,10459,3215,BRONX,40.82265,-73.89548,5/11/2022, 
840060,Los Hijos de Chorro Deli Grocery Corp.  ,Small Grocery Store,701,Faile St,,Bronx,NY,10474,5901,BRONX,40.81475,-73.88668,12/19/2007,7/17/2013
840060,Los Hijos de Chorro Deli Grocery Corp.  ,Small Grocery Store,701,Faile St,,Bronx,NY,10474,5901,BRONX,40.81475,-73.88668,9/18/2013,10/22/2024
1614891,Los Hijos de Chorro Deli Grocery Corp.  ,Medium Grocery Store,701,Faile St, ,Bronx,NY,10474,5901,BRONX,40.81475,-73.88668,8/29/2024,8/3/2025
1660925,Los Hijos de Chorro Deli Grocery Corp.  ,Medium Grocery Store,701,Faile St, ,Bronx,NY,10474,5901,BRONX,40.81475,-73.88668,6/26/2025, 
1533781,Loyal 2 Life Llc  ,Convenience Store,729,Tiffany St,,Bronx,NY,10474,5701,BRONX,40.81464,-73.89142,2/15/2023,6/1/2025
1359613,Lucky 2 Gourmet Deli Inc  ,Convenience Store,1007,E 163rd St, ,Bronx,NY,10459,4336,BRONX,40.821,-73.89305,5/2/2019,4/28/2022
1154488,Lucky Brothers Deli & Grocery  ,Small Grocery Store,706,Faile St, ,Bronx,NY,10474, ,BRONX,40.81469,-73.88649,9/23/2014,10/3/2018
883749,Lucky Corner Deli Grocery Inc  ,Convenience Store,978,Longwood Ave, ,Bronx,NY,10459,5108,BRONX,40.81717,-73.89771,2/25/2009,7/24/2011
1102746,Lucky One Snak Corp  ,Convenience Store,1011,E 163rd St, ,Bronx,NY,10459,4308,BRONX,40.82103,-73.89269,10/21/2013,6/1/2015
756371,Luis Angie Deli Grocery Inc  ,Small Grocery Store,976,Prospect Ave, ,Bronx,NY,10459,2904,BRONX,40.82335,-73.90006,7/19/2005,8/27/2007
830811,Luis Angie Deli Grocery Inc.  ,Medium Grocery Store,976,Prospect Ave, ,Bronx,NY,10459,2904,BRONX,40.82335,-73.90006,9/17/2007,12/14/2015
618166,M & F GROCERY CORP  ,Small Grocery Store,1202,SPOFFORD AVE, ,BRONX,NY,10474, ,BRONX,40.81382,-73.89078,6/18/2002,9/21/2005
1182069,M & Z Gourmet Deli Corp  ,Convenience Store,987,Westchester Ave, ,Bronx,NY,10459, ,BRONX,40.82335,-73.89454,4/7/2015,9/10/2020
1302849,Malema African Market  ,Large Grocery Store,946,Prospect Ave, ,Bronx,NY,10459,2904,BRONX,40.82251,-73.90038,11/29/2017,5/22/2019
1022266,Mama Maria Deli Grocery Corp  ,Convenience Store,706,Faile St, ,Bronx,NY,10474,5904,BRONX,40.81464,-73.88644,9/30/2011,5/17/2012
1050945,Mama Maria Deli Grocery Corp  ,Medium Grocery Store,706,Faile St, ,Bronx,NY,10474,5904,BRONX,40.81464,-73.88644,5/18/2012,12/17/2013
1013695,Mami's Fish Market Corp  ,Seafood Specialty,854D,E 163rd St, ,Bronx,NY,10459,3018,BRONX,40.82192,-73.90005,8/3/2011,3/18/2013
527997,MANIDA FOOD CENTER INC  ,Convenience Store,622,Manida St, ,Bronx,NY,10474,6403,BRONX,40.8125,-73.8878,5/20/2003,7/6/2020
973635,Manuel Loja GC  ,Fruits/Veg Specialty,1024,Westchester Ave, ,Bronx,NY,10459,2489,BRONX,40.82421,-73.89267,12/22/2010,12/9/2014
861543,Margarita's Grocery Store  ,Convenience Store,926,Intervale Ave,,Bronx,NY,10459,4226,BRONX,40.81996,-73.89648,8/19/2008,8/3/2021
861543,Margarita's Grocery Store  ,Convenience Store,926,Intervale Ave,,Bronx,NY,10459,4226,BRONX,40.81996,-73.89648,4/28/2025, 
1241647,Maria Food Market Corp.  ,Medium Grocery Store,920,Prospect Ave, ,Bronx,NY,10459,3958,BRONX,40.82175,-73.90072,7/7/2016, 
581286,MARIBEL GROCERY CORP  ,Small Grocery Store,941,INTERVALE AVE, ,BRONX,NY,10459, ,BRONX,40.82132,-73.89693,7/27/2004,9/19/2005
754450,MARKET MERCADO-FM  ,Farmers' Market, ,HUNTS POINT AVE SUBWAY PLZ, ,BRONX,NY,10474, ,BRONX,40.81435,-73.88566,5/20/2005,4/8/2008
379461,MARY'S GROCERY STORE  ,Small Grocery Store,874,Bryant Ave, ,Bronx,NY,10474,4702,BRONX,40.81918,-73.88667,9/16/1997,8/14/2005
814864,Mata E Cana Deli & Grocery  ,Small Grocery Store,911,E 156th St, ,Bronx,NY,10455,1832,BRONX,40.81718,-73.90134,3/23/2007,7/19/2009
960130,Mata E Cana Deli Grocery  ,Convenience Store,911,E 156th St,,Bronx,NY,10455,1832,BRONX,40.81702,-73.90092,10/18/2010,1/5/2024
960130,Mata E Cana Deli Grocery  ,Convenience Store,911,E 156th St,,Bronx,NY,10455,1832,BRONX,40.81702,-73.90092,12/11/2024, 
1315458,Mavelyn Deli Grocery Corp  ,Small Grocery Store,1034,Avenue Saint John, ,Bronx,NY,10455,3810,BRONX,40.81258,-73.90133,6/5/2018,2/17/2020
474483,MAY DELI GROCERY  ,Small Grocery Store,1000,HOE AVE, ,BRONX,NY,10459, ,BRONX,40.82333,-73.8904,7/17/2003,5/23/2007
1080073,Mealtime Inc  ,Small Grocery Store,1294,Westchester Avenue, ,Bronx,NY,10459, ,BRONX,40.8274,-73.88646,12/27/2012,5/16/2013
1113274,Medec African Market Inc  ,Small Grocery Store,1086,Southern Blvd, ,Bronx,NY,10459,2471,BRONX,40.82582,-73.89188,9/23/2013,5/5/2015
784852,Mejia Mini Market Corp  ,Small Grocery Store,1010,Longwood Ave,,Bronx,NY,10459,5106,BRONX,40.81657,-73.89696,7/14/2006, 
1027001,Metro Deli & Pizza Inc  ,Convenience Store,976,Longwood Ave, ,Bronx,NY,10459,5008,BRONX,40.81721,-73.89786,4/26/2012,1/1/2014
1027001,Metro Deli & Pizza Inc  ,Convenience Store,976,Longwood Ave, ,Bronx,NY,10459,5008,BRONX,40.81721,-73.89786,1/15/2014,4/1/2014
1512465,Mhany Food Box  ,Food Buying Co-op,739,Coster St,,Bronx,NY,10474,6445,BRONX,40.8152,-73.88776,8/12/2022, 
1208938,Mi Gente Grocery & Fruits Corp  ,Medium Grocery Store,908,E 163rd St, ,Bronx,NY,10459,4154,BRONX,40.82098,-73.89799,10/2/2015,11/17/2016
335657,MI JESUS TIENDA DE FRUTAS Y VEG  ,Combination Grocery/Other,1014,Longwood Ave, ,Bronx,NY,10459,5106,BRONX,40.81659,-73.89678,12/17/1996,8/31/2011
981201,Michelle Produce Fruits Vegetables Grocery  ,Convenience Store,928,Southern Blvd, ,Bronx,NY,10459,4506,BRONX,40.82047,-73.89188,2/3/2011,6/12/2013
1502735,"Mike & J Candy Grocery, Corp  ",Convenience Store,872,Hunts Point Ave,,Bronx,NY,10474,5614,BRONX,40.81887,-73.8891,6/13/2022,6/1/2025
1650805,"Mike & J Candy Grocery, Corp  ",Convenience Store,872,Hunts Point Ave, ,Bronx,NY,10474,5614,BRONX,40.81887,-73.8891,5/7/2025,9/17/2025
1668438,"Mike & J Candy Grocery, Corp  ",Convenience Store,872,Hunts Point Ave, ,Bronx,NY,10474,5614,BRONX,40.81887,-73.8891,8/26/2025, 
967764,Minerva Products & Vegetables  ,Small Grocery Store,571,Southern Blvd, ,Bronx,NY,10455,3704,BRONX,40.81257,-73.90269,9/21/2010,12/9/2014
824096,Mis Amigos Grocery  ,Small Grocery Store,600,Southern Blvd, ,Bronx,NY,10455,3732,BRONX,40.8126,-73.90231,6/27/2007,6/10/2009
1442429,Modina Fruits And Vegetables Corp  ,Small Grocery Store,966A,Westchester Ave,,Bronx,NY,10459,3205,BRONX,40.82279,-73.89545,4/21/2021,11/3/2022
456015,MODINA LIVE POULTRY INC  ,Meat/Poultry Specialty,966,Westchester Ave, ,Bronx,NY,10459,3205,BRONX,40.82278,-73.89551,6/3/1996,2/19/2021
456015,MODINA LIVE POULTRY INC  ,Meat/Poultry Specialty,966,Westchester Ave, ,Bronx,NY,10459,3205,BRONX,40.82278,-73.89551,7/15/2021,12/19/2022
1287335,Moe Prospect Deli And Grocery Inc.  ,Convenience Store,716,Prospect Ave, ,Bronx,NY,10455,2405,BRONX,40.81649,-73.90291,7/27/2017,2/25/2018
1250725,Moe's Gourmet Deli Plus Inc  ,Convenience Store,1007,E 163rd St,,Bronx,NY,10459,4336,BRONX,40.82114,-73.89304,9/27/2016,12/2/2018
1250725,Moe's Gourmet Deli Plus Inc  ,Convenience Store,1007,E 163rd St,,Bronx,NY,10459,4336,BRONX,40.82114,-73.89304,9/29/2025, 
1251375,Momita Grocery Inc  ,Convenience Store,911,Avenue Saint John, ,Bronx,NY,10455,2416,BRONX,40.81586,-73.90286,10/7/2016,3/24/2019
510565,"MONTELLANO FOOD CENTER, CORP  ",Small Grocery Store,716,Prospect Ave, ,Bronx,NY,10455,2405,BRONX,40.81671,-73.90278,11/4/1999,9/7/2011
1376334,Monther Food Mart And Deli Corp  ,Convenience Store,1078,E 165th St,,Bronx,NY,10459,2589,BRONX,40.825,-73.89072,10/8/2019,9/23/2025
678511,"MORELBA GROCERY STORE INC.,  ",Small Grocery Store,954,PROSPECT AVENUE, ,BRONX,NY,10459, ,BRONX,40.82255,-73.90039,6/22/1999,1/4/2010
982684,Mrd Gourmet Deli Corp  ,Convenience Store,1093A,Southern Blvd, ,Bronx,NY,10459,2417,BRONX,40.82595,-73.89199,12/8/2010,9/10/2012
1338652,Ms Grocery Food Corp  ,Convenience Store,1331,Seneca Ave, ,Bronx,NY,10474,4611,BRONX,40.81907,-73.88638,11/29/2018,11/16/2021
562013,NANDOS STORE  ,Convenience Store,1263,Spofford Ave, ,Bronx,NY,10474,5806,BRONX,40.81437,-73.88763,2/6/2001,9/21/2005
841403,NAS Famous Deli Inc  ,Small Grocery Store,901,Southern Blvd,Store #1,Bronx,NY,10459,4507,BRONX,40.81951,-73.89297,2/20/2008,10/25/2009
774363,National NR Corp  ,Combination Grocery/Other,944,Intervale Ave,Store #7,Bronx,NY,10459, ,BRONX,40.82119,-73.89681,12/21/2005,5/21/2019
1255700,Nelly's Deli Grocery Corp.  ,Small Grocery Store,1240,Spofford Ave, ,Bronx,NY,10474,5800,BRONX,40.81405,-73.88936,9/1/2016, 
882956,New Begining Restaurant Corp  ,Small Grocery Store,1294,Westchester Ave, ,Bronx,NY,10459,2611,BRONX,40.8274,-73.88646,3/12/2009,4/6/2011
1569215,"New Hope Grocery, Inc.  ",Convenience Store,944,Aldus St,,Bronx,NY,10459,3513,BRONX,40.82302,-73.89144,1/4/2024,9/2/2024
1604435,Novax Deli Corporation  ,Convenience Store,831,Dawson St,,Bronx,NY,10459,4112,BRONX,40.81887,-73.89876,8/27/2024, 
1208735,Nu Deli Corp  ,Convenience Store,1081,Southern Blvd, ,Bronx,NY,10459,2417,BRONX,40.82554,-73.89196,10/23/2015,9/20/2020
413483,OCEAN FISH MARKET  ,Seafood Specialty,859,E 149th St, ,Bronx,NY,10455,4610,BRONX,40.81186,-73.90382,7/16/2003,6/12/2013
544323,OCOA #2 FOOD MARKET  ,Small Grocery Store,860,SOUTHERN BLVD, ,BRONX,NY,10459, ,BRONX,40.81801,-73.89438,9/18/1986,1/4/2017
925503,Ocoena Deli Grocery Corp  ,Small Grocery Store,1331,Seneca Ave, ,Bronx,NY,10474,4611,BRONX,40.81912,-73.88621,12/14/2009,4/26/2017
659370,OH & SON PRODUCE CORP  ,Medium Grocery Store,1054,Southern Blvd, ,Bronx,NY,10459,3426,BRONX,40.82441,-73.89188,6/22/1995,8/24/2008
747500,Ohio Grocery Store Inc  ,Convenience Store,1048,Westchester Ave, ,Bronx,NY,10459,2410,BRONX,40.82466,-73.89182,6/17/2005,4/1/2007
278725,OLIMPIA FOOD CENTER INC  ,Small Grocery Store,798,Hunts Point Ave, ,Bronx,NY,10474,5920,BRONX,40.81663,-73.88794,3/27/2001,9/12/2010
1444523,Organic Southern Family Deli Corp  ,Convenience Store,860,Southern Blvd,,Bronx,NY,10459,5257,BRONX,40.81785,-73.89438,6/2/2021,11/23/2023
535488,ORLANDO GROCERY L.L.C.  ,Small Grocery Store,710,Beck St, ,Bronx,NY,10455,5104,BRONX,40.81505,-73.90005,3/14/2000,10/26/2010
855177,Orlando Market & Deli Inc.  ,Small Grocery Store,990,Leggett Ave,AKA 679 Fox St,Bronx,NY,10455, ,BRONX,40.81445,-73.89983,6/23/2008,10/5/2010
335552,P A B GROCERY CORP  ,Small Grocery Store,1142,E 165TH ST, ,BRONX,NY,10459, ,BRONX,40.8252,-73.88745,10/18/2001,9/29/2005
826287,Paloma Deli Grocery  ,Convenience Store,1240,Spofford Ave, ,Bronx,NY,10474,5800,BRONX,40.81403,-73.88926,8/1/2007,8/10/2016
967770,Paulino Deli Grocery Corp  ,Small Grocery Store,798,Hunts Point Ave,,Bronx,NY,10474,5920,BRONX,40.81654,-73.88766,9/13/2010,2/9/2021
967770,Paulino Deli Grocery Corp  ,Small Grocery Store,798,Hunts Point Ave,,Bronx,NY,10474,5920,BRONX,40.81654,-73.88766,9/23/2021, 
1399600,Peace And Love Deli Market Corp  ,Small Grocery Store,950,Longwood Ave,,Bronx,NY,10459,5008,BRONX,40.8175,-73.89854,2/19/2021, 
446866,PERIQUITO GROCERY  ,Small Grocery Store,926,Intervale Ave, ,Bronx,NY,10459,4226,BRONX,40.82,-73.89663,3/20/2003,2/8/2007
1517760,Perla Grocery Corp  ,Convenience Store,1142,E 165th St,,Bronx,NY,10459,2630,BRONX,40.82515,-73.88747,10/11/2022,11/14/2025
824389,Peteray Deli Grocery Corp  ,Small Grocery Store,1182,West Farm Rd, ,Bronx,NY,10459, ,BRONX,40.82612,-73.89322,7/3/2007,11/2/2010
1618824,Ponce Distributors  ,Meat/Poultry Specialty,355,Food Center Drive, ,Bronx,NY,10474, ,BRONX,40.80673,-73.87168,11/18/2024,8/27/2025
1502583,Primagro Llc  ,Small Grocery Store,902,Hunts Point Ave,,Bronx,NY,10474,5403,BRONX,40.81968,-73.88973,7/19/2022,12/14/2023
704993,PROSPECT DELI & GROCERY INC  ,Small Grocery Store,870,Prospect Ave, ,Bronx,NY,10459,3926,BRONX,40.82028,-73.90129,7/15/2004,4/30/2006
764454,Pupi's Deli Grocery Inc  ,Convenience Store,1095,Southern Blvd, ,Bronx,NY,10459,2417,BRONX,40.82618,-73.89196,2/7/2006,12/28/2008
1086081,Pura Vida Deli Grocery Corp  ,Small Grocery Store,907A,Southern Blvd, ,Bronx,NY,10459,4507,BRONX,40.8197,-73.89283,2/27/2013,9/28/2014
370343,QUETZAL DELI & GROCERY  ,Small Grocery Store,1023,Longwood Ave, ,Bronx,NY,10459,5113,BRONX,40.81652,-73.89651,1/16/2003,8/1/2005
370343,QUETZAL DELI & GROCERY  ,Small Grocery Store,1023,Longwood Ave, ,Bronx,NY,10459,5113,BRONX,40.81652,-73.89651,7/11/2006,4/28/2008
324409,R & E CORP/C-TOWN  ,Supermarket,809,Southern Blvd, ,Bronx,NY,10459,5202,BRONX,40.81696,-73.89581,2/28/1984, 
786966,R.P. Deli Grocery  ,Convenience Store,945,Aldus St,Frnt 2,Bronx,NY,10459,3512,BRONX,40.82313,-73.8914,5/17/2006,10/9/2019
467917,RAED DELI GROCERY CORP  ,Small Grocery Store,1126,Westchester Ave, ,Bronx,NY,10459,2505,BRONX,40.82568,-73.8899,5/6/2004,5/31/2005
1204213,Rafis Paninis House Deli & Grocery Corp  ,Combination Grocery/Other,998,Tiffany St, ,Bronx,NY,10459,3355,BRONX,40.82306,-73.89484,9/15/2015,1/11/2017
1614568,Rama  African Organic Food Corp.  ,Medium Grocery Store,984,Intervale Ave,Ste B,Bronx,NY,10459,3103,BRONX,40.82286,-73.89668,11/4/2024,11/24/2025
1670007,Rama African Organic Food Corp.  ,Small Grocery Store,984,Intervale Ave,Ste B,Bronx,NY,10459,3103,BRONX,40.82286,-73.89668,9/9/2025, 
996338,Real Deal Deli & Grocery Corp  ,Convenience Store,987,Westchester Ave,Frnt 3,Bronx,NY,10459,3399,BRONX,40.82336,-73.89458,3/31/2011,7/28/2013
1596008,Red Light And Tobacco  ,Convenience Store,980,Westchester Ave,,Bronx,NY,10459,4446,BRONX,40.82306,-73.89469,5/21/2024,8/18/2025
994365,Reyes Mexican Deli  ,Small Grocery Store,998,Longwood Ave Num6, ,Bronx,NY,10459,5127,BRONX,40.81694,-73.89732,3/24/2011,8/13/2020
1406984,Reyes Mexican Deli Inc  ,Convenience Store,998,Longwood Ave,#6,Bronx,NY,10459, ,BRONX,40.81687,-73.89747,8/14/2020,2/26/2024
334757,RICK'S CHICKS LIVE POUL MKT&MORE  ,Medium Grocery Store,1024,Leggett Ave, ,Bronx,NY,10455,2052,BRONX,40.81371,-73.89952,6/30/1994,3/18/2008
849132,Ricks Chicks Live Poultry Market & More Inc  ,Meat/Poultry Specialty,1024,Leggett Ave, ,Bronx,NY,10455,2052,BRONX,40.81371,-73.89952,5/7/2008,10/15/2008
269871,Rite Aid 3844,Combination Grocery/Other,950,Southern Blvd, ,Bronx,NY,10459,3402,BRONX,40.82201,-73.8915,7/30/1996,11/11/2025
920856,Rite Aid 7906,Combination Grocery/Other,840,Westchester Ave, ,Bronx,NY,10459,4001,BRONX,40.81974,-73.90136,10/16/2009,1/2/2023
1164780,Rite Care Pharmacy  ,Convenience Store,898,E 163rd St, ,Bronx,NY,10459,4108,BRONX,40.82098,-73.89828,2/18/2015,9/23/2019
1519466,Rite Care Pharmacy no,Convenience Store,898,E 163rd St,,Bronx,NY,10459,4108,BRONX,40.82086,-73.8983,10/17/2022,2/27/2023
1343261,"Robinson Deli & Grocery, Corp.  ",Convenience Store,950,Longwood Ave, ,Bronx,NY,10459,5008,BRONX,40.81752,-73.89832,11/16/2018,2/15/2021
463379,RODRIGUEZ GROCERY  ,Convenience Store,753,FOX ST, ,BRONX,NY,10455, ,BRONX,40.81573,-73.89832,9/14/1995, 
510040,RODRIGUEZ GROCERY STORE  ,Convenience Store,1006,INTERVALE AVE, ,BRONX,NY,10459, ,BRONX,40.8234,-73.89684,4/14/1998,4/5/2009
548957,ROQUITO DELI GROCERY  ,Small Grocery Store,1035,Westchester Ave, ,Bronx,NY,10459,2416,BRONX,40.82424,-73.89288,9/2/2003,6/15/2009
1082495,Rosa Perez GC  ,Fruits/Veg Specialty,1045,E 163rd St, ,Bronx,NY,10459,4510,BRONX,40.82105,-73.8913,12/6/2012,12/9/2014
1351810,Roselyn Deli Grocery Corp  ,Small Grocery Store,698,Beck St, ,Bronx,NY,10455,3451,BRONX,40.81497,-73.90041,3/19/2019,7/13/2025
1656698,Roselyn Deli Grocery Corp  ,Small Grocery Store,698,Beck St,,Bronx,NY,10455,3451,BRONX,40.81492,-73.90038,6/4/2025, 
1049118,Roxy Grocery & Convenience Corp  ,Convenience Store,935,E 163rd St,Frnt 1,Bronx,NY,10459,4204,BRONX,40.82103,-73.89655,7/6/2012,7/5/2015
1278691,Royal Deli Inc NO,Convenience Store,980,Intervale Ave,,Bronx,NY,10459,3173,BRONX,40.82269,-73.89668,7/31/2017,3/29/2022
1278691,Royal Deli Inc NO,Convenience Store,980,Intervale Ave,,Bronx,NY,10459,3173,BRONX,40.82269,-73.89668,9/8/2022,5/5/2025
1647554,Royal Deli Inc  ,Convenience Store,980,Intervale Ave, ,Bronx,NY,10459,3173,BRONX,40.82269,-73.89668,4/14/2025, 
1068749,Royal Food Market Corp  ,Medium Grocery Store,953,Westchester Ave, ,Bronx,NY,10459,3106,BRONX,40.8225,-73.89625,10/26/2012,1/11/2016
620952,RUIZ BROTHERS GROCERY CORP  ,Small Grocery Store,935,E 163RD ST, ,BRONX,NY,10459, ,BRONX,40.82103,-73.89655,7/13/2004,2/26/2006
1115324,S & A Grocery Corp  ,Convenience Store,1103,Intervale Ave, ,Bronx,NY,10459,2301,BRONX,40.82616,-73.89718,11/6/2013,11/24/2015
882413,S & S Express Deli Inc  ,Small Grocery Store,948,E 163rd St, ,Bronx,NY,10459,4209,BRONX,40.82096,-73.896,2/12/2009,11/3/2009
857602,S Won Provision Inc  ,Large Grocery Store,1054,Southern Blvd, ,Bronx,NY,10459,3426,BRONX,40.82438,-73.89188,8/25/2008,3/16/2018
857602,S Won Provision Inc  ,Large Grocery Store,1054,Southern Blvd, ,Bronx,NY,10459,3426,BRONX,40.82438,-73.89188,3/29/2018,12/20/2021
731457,S. M. DELI GROCERY STORE  ,Small Grocery Store,1095,Southern Blvd, ,Bronx,NY,10459,2417,BRONX,40.82618,-73.89196,1/5/2005,1/8/2006
1450103,S. Won Provision Inc/Southern Farm  ,Supermarket,1046,Southern Blvd,,Bronx,NY,10459,3484,BRONX,40.82415,-73.89169,6/4/2021, 
1275426,Sabor Latino Deli Supermarket Corp  ,Convenience Store,1000,Longwood Ave, ,Bronx,NY,10459,5169,BRONX,40.81687,-73.89719,5/9/2017,10/14/2020
1392435,Sabor Latino Deli Supermarket Corp  ,Medium Grocery Store,1000,Longwood Ave, ,Bronx,NY,10459,5169,BRONX,40.81676,-73.8973,3/18/2020,12/31/2024
1623590,Sabor Latino Deli Supermarket Corp  ,Medium Grocery Store,1000,Longwood Ave, ,Bronx,NY,10459,5169,BRONX,40.81678,-73.8973,11/7/2024,6/9/2025
1653429,Sabor Latino Deli Supermarket Corp  ,Medium Grocery Store,1000,Longwood Ave, ,Bronx,NY,10459,5169,BRONX,40.81678,-73.8973,5/19/2025, 
1135815,Sada Deli & Convenience Corp  ,Small Grocery Store,1106,Westchester Ave, ,Bronx,NY,10459,2505,BRONX,40.82539,-73.89044,10/10/2014,8/24/2015
1236304,Sal Quick Stop Deli Grocery Inc  ,Small Grocery Store,1030,Southern Blvd, ,Bronx,NY,10459,3426,BRONX,40.8239,-73.89182,3/15/2016,3/20/2017
935350,Salcedo Grocery & Deli Corp  ,Convenience Store,1318,Lafayette Ave, ,Bronx,NY,10474,7202,BRONX,40.81687,-73.88617,2/4/2010,8/29/2018
865307,Salcedo Grocery Store Deli  ,Convenience Store,1260,Westchester Ave, ,Bronx,NY,10459,2611,BRONX,40.827,-73.88737,9/15/2008,6/16/2021
1329116,Salcedo Supermarket Corp  ,Medium Grocery Store,1318,Lafayette Ave, ,Bronx,NY,10474,7202,BRONX,40.81686,-73.88643,9/10/2018,4/20/2025
1640361,Salcedo Supermarket Corp  ,Medium Grocery Store,1318,Lafayette Ave, ,Bronx,NY,10474,7202,BRONX,40.81677,-73.88625,2/26/2025, 
880383,Sam Stop Express Inc  ,Convenience Store,870,Hunts Point Ave, ,Bronx,NY,10474,5402,BRONX,40.81877,-73.88924,2/17/2009,10/20/2010
867461,Sam X Deli Grocery Inc  ,Convenience Store,948,E 163rd St, ,Bronx,NY,10459,4209,BRONX,40.82094,-73.8959,10/1/2008,2/11/2009
1604154,Sammay's Deli & Grocery Inc  ,Convenience Store,1131,W Farms Rd,,Bronx,NY,10459,2432,BRONX,40.82667,-73.8903,7/18/2024, 
1635462,Sammy Fish & Deli  ,Combination Grocery/Other,844,Hunts Point Ave,,Bronx,NY,10474,5406,BRONX,40.81763,-73.88835,4/2/2025,8/27/2025
1121210,Sammy's Deli & Grill Corp.  ,Small Grocery Store,1126,Westchester Ave, ,Bronx,NY,10459,2505,BRONX,40.82568,-73.8899,2/6/2014,7/8/2018
1267598,Samy Fish & Deli Inc.  ,Convenience Store,844,Hunts Point Ave, ,Bronx,NY,10474,5406,BRONX,40.8176,-73.8885,12/14/2016,9/3/2018
780523,SENECA GROCERY & DELI  ,Medium Grocery Store,1331,Seneca Ave, ,Bronx,NY,10474,4611,BRONX,40.81912,-73.88621,4/4/2006,7/15/2009
1001299,Sensacion Deli Grocery Corp  ,Medium Grocery Store,986,Rogers Place, ,Bronx,NY,10459, ,BRONX,40.82371,-73.89759,6/2/2011,11/6/2014
1008630,Serie 55 Supermarket Corp  ,Convenience Store,1000,Longwood Ave, ,Bronx,NY,10459,5169,BRONX,40.81684,-73.89721,6/8/2011,7/7/2016
822284,Seven Brothers Mini Market Corp  ,Medium Grocery Store,1000,Hoe Ave, ,Bronx,NY,10459, ,BRONX,40.82333,-73.8904,6/8/2007,8/1/2010
640005,SEVEN DAYS DELI AND GROCERY  ,Small Grocery Store,1083,Southern Blvd, ,Bronx,NY,10459,2417,BRONX,40.82559,-73.89199,9/30/2004,8/16/2005
945176,Simpson Deli and Grocery Inc  ,Small Grocery Store,1011,E 163rd St, ,Bronx,NY,10459,4308,BRONX,40.82103,-73.89269,4/19/2010,9/26/2013
779475,Simreen Packing Enterprises Inc  ,Meat/Poultry Specialty,1260,Westchester Ave, ,Bronx,NY,10459,2611,BRONX,40.827,-73.88737,2/20/2006,9/14/2008
779475,Simreen Packing Enterprises Inc  ,Meat/Poultry Specialty,1260,Westchester Ave, ,Bronx,NY,10459,2611,BRONX,40.827,-73.88737,9/16/2008, 
569084,SK Fruit Market Corp  ,Medium Grocery Store,1057,Southern Blvd,,Bronx,NY,10459,2417,BRONX,40.82483,-73.89213,5/22/1990, 
1386212,Skyline 1 Deli & Grocery Corp  ,Convenience Store,870,Prospect Ave,,Bronx,NY,10459,3926,BRONX,40.82028,-73.90134,2/10/2020,11/29/2024
1386212,Skyline 1 Deli & Grocery Corp  ,Convenience Store,870,Prospect Ave,,Bronx,NY,10459,3926,BRONX,40.82028,-73.90134,12/12/2024, 
1527986,Son Sonateca Grocery Store Corp.  ,Convenience Store,945,Aldus St,,Bronx,NY,10459,3512,BRONX,40.8232,-73.89144,1/19/2023, 
978987,South Bronx Mini Market  ,Large Grocery Store,945,East 163rd Street, ,Bronx,NY,10459,4219,BRONX,40.82102,-73.89617,3/29/2011,12/8/2013
738579,Southern Blvd Deli  ,Small Grocery Store,901,Southern Blvd, ,Bronx,NY,10459,4507,BRONX,40.81951,-73.89297,12/30/2004,11/15/2006
1242591,Southern Blvd Meat Market Corp./Sagal Food  ,Large Grocery Store,1087,Southern Blvd, ,Bronx,NY,10459,2417,BRONX,40.82586,-73.89198,3/31/2016, 
1507206,Southern Boulevard Gourmet Deli And Smoke Shop Cor  ,Convenience Store,1007,Southern Blvd,,Bronx,NY,10459,3429,BRONX,40.82304,-73.89198,9/13/2022,11/18/2024
882683,Southern Deli Grocery  ,Medium Grocery Store,596,Southern Blvd, ,Bronx,NY,10455,3715,BRONX,40.81258,-73.90244,3/16/2009,4/14/2015
287226,SOUTHERN DELI-GROCERY  ,Convenience Store,543,Southern Blvd, ,Bronx,NY,10455,3762,BRONX,40.81226,-73.90388,5/20/1999,1/7/2007
1331112,Southern Familygourmet Deli Corp  ,Convenience Store,860,Southern Blvd, ,Bronx,NY,10459,5257,BRONX,40.81792,-73.89451,10/1/2018,5/24/2021
1126278,Southern Fish Market  ,Combination Grocery/Other,1037,E 163rd St, ,Bronx,NY,10459,4510,BRONX,40.82103,-73.8914,2/6/2014,8/27/2025
586323,SOUTHERN FISH MARKET INC  ,Combination Grocery/Other,1037,E 163rd St, ,Bronx,NY,10459,4510,BRONX,40.82105,-73.89146,8/13/1992,1/7/2014
1297830,Spofford Ave Deli Grocery Corp.  ,Convenience Store,706,Faile St, ,Bronx,NY,10474,5904,BRONX,40.81478,-73.88652,9/13/2017,9/16/2020
1430654,St. John Market Inc.  ,Convenience Store,639,Southern Blvd,,Bronx,NY,10455,3602,BRONX,40.81314,-73.90113,3/22/2021,12/13/2023
309504,STEPHANIE GROCERY STORE  ,Small Grocery Store,699,BECK ST, ,BRONX,NY,10455, ,BRONX,40.81502,-73.90044,4/2/1996,8/2/2006
269449,SUPERIOR MARKET  ,Convenience Store,1000,Longwood Ave, ,Bronx,NY,10459,5169,BRONX,40.81684,-73.89721,5/5/1998,6/7/2011
885145,Sweet Deli & Grocery  ,Convenience Store,956,Intervale Ave, ,Bronx,NY,10459, ,BRONX,40.8217,-73.89684,3/3/2009,9/29/2014
885145,Sweet Deli & Grocery  ,Convenience Store,956,Intervale Ave, ,Bronx,NY,10459, ,BRONX,40.8217,-73.89684,3/18/2015,11/22/2019
1497635,Sweet Grocery & Candy Corp  ,Small Grocery Store,956,Intervale Ave,,Bronx,NY,10459,3116,BRONX,40.82167,-73.8967,6/15/2022, 
600202,TALNYS GROCERY & DELI  ,Small Grocery Store,976,Longwood Ave, ,Bronx,NY,10459,5008,BRONX,40.81721,-73.89786,9/24/1998,9/19/2005
415625,TENARES DELI GROCERY  ,Small Grocery Store,869,Longwood Ave, ,Bronx,NY,10459,4000,BRONX,40.81887,-73.90038,3/30/2004,9/28/2005
1096722,Timoteo Ballinas Green Cart  ,Fruits/Veg Specialty,992,Southern Blvd, ,Bronx,NY,10459, ,BRONX,40.82277,-73.89172,5/21/2013,5/5/2015
1585731,Tims Gourmet Corp  ,Convenience Store,901,Southern Blvd,,Bronx,NY,10459,4560,BRONX,40.81966,-73.89302,5/10/2024,5/20/2025
1121711,Today Express Deli Inc  ,Convenience Store,1951,Southern Blvd, ,Bronx,NY,10459, ,BRONX,40.82382,-73.89185,1/6/2014,5/5/2015
745808,Toledo Grocery Store Inc  ,Convenience Store,670,Barretto St, ,Bronx,NY,10474, ,BRONX,40.81381,-73.88914,3/17/2005,2/25/2020
1486958,Top Fruits And Vegetables Corp  ,Convenience Store,1057A,Southern Blvd,,Bronx,NY,10459,2417,BRONX,40.82471,-73.89201,3/10/2022,12/8/2023
1057810,Top Quality Deli Grocery Inc  ,Convenience Store,1019,Simpson St, ,Bronx,NY,10459,3353,BRONX,40.82226,-73.89296,5/29/2012,7/16/2015
328442,TOPLINE DELI GROCERY INC  ,Small Grocery Store,1011,E 163rd St, ,Bronx,NY,10459,4308,BRONX,40.82103,-73.89269,1/10/2002,9/7/2011
883637,Torres Food Market Inc  ,Convenience Store,831,Dawson St, ,Bronx,NY,10459,4112,BRONX,40.81867,-73.89883,3/13/2009,12/12/2013
307824,TORRES FRUIT'S VEGETABLES STAND  ,Fruits/Veg Specialty,916,Hunts Point Ave, ,Bronx,NY,10474,5403,BRONX,40.81952,-73.88972,3/20/1996,12/17/2007
650571,"TORRES MEAT & GROCERY, INC  ",Medium Grocery Store,950,Longwood Ave, ,Bronx,NY,10459,5008,BRONX,40.81764,-73.89854,10/17/2000,7/26/2015
447371,TRI-CORNERS GROCER STOE CORP  ,Medium Grocery Store,908,E 163rd St, ,Bronx,NY,10459,4154,BRONX,40.82095,-73.8979,4/1/2003,1/12/2011
910323,Troncoso Deli Grocery Corp  ,Small Grocery Store,590,Southern Blvd,Frnt 1,Bronx,NY,10455,3735,BRONX,40.81277,-73.90179,9/14/2009,12/27/2016
851450,Turca Grocery Corp. N/A,Convenience Store,1142,E 165th St,,Bronx,NY,10459,2630,BRONX,40.82514,-73.88747,5/12/2008,12/29/2019
851450,Turca Grocery Corp. N/A,Convenience Store,1142,E 165th St,,Bronx,NY,10459,2630,BRONX,40.82514,-73.88747,4/22/2021,8/28/2022
236945,TWIN DELI II INC  ,Medium Grocery Store,1007,E 163rd St, ,Bronx,NY,10459,4336,BRONX,40.82103,-73.89288,3/6/1998,9/13/2016
1093302,Ubaldo Guerrero Dba Mexicano Deli  ,Convenience Store,1302,Lafayette Ave, ,Bronx,NY,10474,7202,BRONX,40.81676,-73.88694,3/13/2013,3/16/2018
1608073,Ulises's Butcher Shop  ,Medium Grocery Store,956,Longwood Ave,,Bronx,NY,10459,5008,BRONX,40.81744,-73.89841,8/21/2024, 
1081722,V & V Deli Corp  ,Medium Grocery Store,699,Beck St, ,Bronx,NY,10455,3421,BRONX,40.81502,-73.90044,5/9/2013,5/16/2016
1246090,V & V Deli Corp  ,Small Grocery Store,699,Beck St, ,Bronx,NY,10455,3421,BRONX,40.81502,-73.90044,8/16/2016,9/19/2018
945714,Valencia Bakery  ,Bakery Specialty,801,Edgewater Rd, ,Bronx,NY,10474,4995,BRONX,40.81737,-73.88345,5/28/2010,4/27/2020
1473109,Valencia Bakery 1,Convenience Store,801,Edgewater Rd,,Bronx,NY,10474,4995,BRONX,40.81753,-73.88358,11/18/2021,9/23/2024
1473109,Valencia Bakery 1,Convenience Store,801,Edgewater Rd,,Bronx,NY,10474,4995,BRONX,40.81753,-73.88358,10/7/2024, 
1154750,Vegetable Fruit & Fish Market Inc  ,Medium Grocery Store,1264,Westchester Ave, ,Bronx,NY,10459,2611,BRONX,40.82701,-73.88737,11/6/2014, 
1127739,Victor Mini Market Inc.  ,Small Grocery Store,945,E 163rd St,Frnt 4,Bronx,NY,10459,4219,BRONX,40.82102,-73.89617,2/5/2014,8/24/2015
1068924,Villa Tapia Deli Grocery Corp  ,Small Grocery Store,663,Dawson Ave,aka 665 Dawson Ave,Bronx,NY,10455,2414,BRONX,40.81638,-73.90264,9/25/2012,11/9/2014
1119730,VR Vegetable N Grocery  ,Small Grocery Store,928,Southern Blvd, ,Bronx,NY,10459,4506,BRONX,40.82015,-73.89225,1/28/2014,9/26/2016
248582,W E GROCERY INC  ,Small Grocery Store,1017,Leggett Ave, ,Bronx,NY,10455,2012,BRONX,40.81403,-73.89951,6/13/2002,8/27/2012
248582,W E GROCERY INC  ,Small Grocery Store,1017,Leggett Ave, ,Bronx,NY,10455,2012,BRONX,40.81403,-73.89951,8/29/2012,1/27/2014
1057430,Walgreens 10911,Combination Grocery/Other,1041,Westchester Ave, ,Bronx,NY,10459,2416,BRONX,40.82429,-73.89278,5/2/2012,8/26/2020
650358,WASEEM GROCERY STORE  ,Small Grocery Store,1103,Intervale Ave, ,Bronx,NY,10459,2301,BRONX,40.82616,-73.89718,1/16/2003,11/25/2012
901135,Westchester Ave Grocery Corp  ,Small Grocery Store,957,Westchester Ave, ,Bronx,NY,10459,3106,BRONX,40.82261,-73.89603,6/24/2009,3/3/2010
875030,WESTCHESTER AVENUE DELI GROCERY CORP.  ,Small Grocery Store,1126,Westchester Ave, ,Bronx,NY,10459,2505,BRONX,40.82568,-73.8899,12/22/2008,1/23/2011
864045,Westchester Gourmet Deli Corp  ,Convenience Store,1106,Westchester Ave, ,Bronx,NY,10459,2505,BRONX,40.8253,-73.89054,9/3/2008,10/21/2009
1469642,Westchester Grocery Corp  ,Convenience Store,987,Westchester Ave,,Bronx,NY,10459,3399,BRONX,40.82359,-73.89437,12/21/2021,5/15/2023
1469642,Westchester Grocery Corp  ,Convenience Store,987,Westchester Ave,,Bronx,NY,10459,3399,BRONX,40.82359,-73.89437,5/18/2023, 
1379685,Willys Grocery Store Inc  ,Convenience Store,699,Beck St, ,Bronx,NY,10455,3421,BRONX,40.81505,-73.90033,1/2/2020,9/10/2024
1604701,Willys Grocery Store Inc  ,Convenience Store,699,Beck St, ,Bronx,NY,10455,3421,BRONX,40.81513,-73.90035,6/20/2024,11/18/2024
1640862,Yadiel Grocery Store Corp  ,Small Grocery Store,670,Barretto St,,Bronx,NY,10474,6343,BRONX,40.81393,-73.88908,5/21/2025, 
826152,Yaritsa Deli Grocery  ,Small Grocery Store,871,Longwood Ave, ,Bronx,NY,10459, ,BRONX,40.81902,-73.90069,8/21/2007,3/17/2010
1602487,Yedelin Deli & Grocery 3 Corp  ,Convenience Store,900,Hoe Ave,,Bronx,NY,10459,3657,BRONX,40.82156,-73.89015,9/16/2024, 
989031,Zaiad Deli &Grocery Inc  ,Small Grocery Store,1126,Westchester Ave, ,Bronx,NY,10459,2505,BRONX,40.82568,-73.8899,2/11/2011,3/16/2014
1223726,Ze Food Inc  ,Convenience Store,551,Southern Blvd, ,Bronx,NY,10455,3733,BRONX,40.81233,-73.90354,2/25/2016,9/26/2018
1111341,Westcher Avenue Grocery & Deli  ,Medium Grocery Store,1294,Westchester Avenue, ,Bronx,NY,10804, ,WESTCHESTER,40.82734,-73.88667,9/13/2013,12/9/2014
