acs_year,group,kappa_low,kappa_base,kappa_high
2020,Low (<$25K),0.4025,0.6245,0.8466
2020,Mid ($25-50K),0.3949,0.6214,0.848
2020,High (>$50K),0.3702,0.6069,0.8436
2020,CD2 overall,0.3869,0.6162,0.8456
2021,Low (<$25K),0.4025,0.6246,0.8467
2021,Mid ($25-50K),0.3948,0.6214,0.848
2021,High (>$50K),0.3699,0.6068,0.8437
2021,CD2 overall,0.3857,0.6156,0.8456
2022,Low (<$25K),0.4025,0.6246,0.8467
2022,Mid ($25-50K),0.3948,0.6214,0.848
2022,High (>$50K),0.3685,0.6061,0.8438
2022,CD2 overall,0.3832,0.6143,0.8454
2023,Low (<$25K),0.4025,0.6246,0.8466
2023,Mid ($25-50K),0.395,0.6215,0.848
2023,High (>$50K),0.3682,0.606,0.8437
2023,CD2 overall,0.3831,0.6142,0.8454
2024,Low (<$25K),0.4026,0.6247,0.8468
2024,Mid ($25-50K),0.3957,0.6218,0.848
2024,High (>$50K),0.3681,0.6059,0.8437
2024,CD2 overall,0.3838,0.6146,0.8455
