NAME,B19001_001E,B19001_002E,B19001_003E,B19001_004E,B19001_005E,B19001_006E,B19001_007E,B19001_008E,B19001_009E,B19001_010E,B19001_011E,B19001_012E,B19001_013E,B19001_014E,B19001_015E,B19001_016E,B19001_017E,state,county,tract,GEOID,year,n_low,n_mid,n_high,n_i_sum
"Census Tract 199, Bronx County, New York",3145,506,248,176,498,79,139,107,154,73,257,255,322,87,193,18,33,36,005,019900,36005019900,2020,1428,552,1165,3145
"Census Tract 200, Bronx County, New York",1466,160,92,66,172,38,74,111,109,68,80,91,150,50,53,70,82,36,005,020000,36005020000,2020,490,400,576,1466
"Census Tract 201, Bronx County, New York",1288,170,40,123,27,53,95,67,232,109,119,79,89,31,0,21,33,36,005,020100,36005020100,2020,360,556,372,1288
"Census Tract 202, Bronx County, New York",875,68,75,78,71,49,22,55,45,29,47,125,113,48,17,17,16,36,005,020200,36005020200,2020,292,200,383,875
"Census Tract 204, Bronx County, New York",994,74,64,40,20,52,11,35,23,45,129,125,142,99,56,53,26,36,005,020400,36005020400,2020,198,166,630,994
"Census Tract 205.01, Bronx County, New York",2697,739,391,216,177,68,165,97,46,11,102,252,229,131,0,73,0,36,005,020501,36005020501,2020,1523,387,787,2697
"Census Tract 205.02, Bronx County, New York",995,287,97,61,78,46,0,31,64,0,43,42,33,100,57,38,18,36,005,020502,36005020502,2020,523,141,331,995
"Census Tract 206.01, Bronx County, New York",864,122,82,40,28,85,28,11,0,78,88,53,88,94,16,28,23,36,005,020601,36005020601,2020,272,202,390,864
"Census Tract 209, Bronx County, New York",1848,371,112,137,114,74,75,44,145,93,143,200,193,101,34,12,0,36,005,020900,36005020900,2020,734,431,683,1848
"Census Tract 210.01, Bronx County, New York",3666,423,153,249,98,57,196,67,185,116,316,359,376,620,166,117,168,36,005,021001,36005021001,2020,923,621,2122,3666
"Census Tract 210.02, Bronx County, New York",3263,261,166,114,149,31,68,192,34,167,452,319,381,641,113,143,32,36,005,021002,36005021002,2020,690,492,2081,3263
"Census Tract 211, Bronx County, New York",1803,286,194,106,23,203,190,110,212,69,89,66,81,109,28,28,9,36,005,021100,36005021100,2020,609,784,410,1803
"Census Tract 212, Bronx County, New York",2323,109,142,149,105,51,100,103,80,106,176,265,233,568,74,45,17,36,005,021200,36005021200,2020,505,440,1378,2323
"Census Tract 213.01, Bronx County, New York",409,26,24,44,63,39,14,0,9,13,49,49,37,10,24,8,0,36,005,021301,36005021301,2020,157,75,177,409
"Census Tract 213.02, Bronx County, New York",2406,490,476,261,159,121,428,63,32,60,31,85,118,82,0,0,0,36,005,021302,36005021302,2020,1386,704,316,2406
"Census Tract 215.01, Bronx County, New York",1319,103,131,125,95,93,26,89,23,64,128,54,68,99,83,25,113,36,005,021501,36005021501,2020,454,295,570,1319
"Census Tract 215.02, Bronx County, New York",2112,439,224,150,124,118,91,109,279,100,126,111,82,13,61,85,0,36,005,021502,36005021502,2020,937,697,478,2112
"Census Tract 216.01, Bronx County, New York",1468,177,56,115,103,146,117,55,83,71,121,102,93,71,80,27,51,36,005,021601,36005021601,2020,451,472,545,1468
"Census Tract 216.02, Bronx County, New York",2200,144,91,36,126,22,63,76,120,195,300,300,288,182,127,77,53,36,005,021602,36005021602,2020,397,476,1327,2200
"Census Tract 217, Bronx County, New York",1610,184,164,123,120,36,37,127,97,106,118,146,188,18,81,54,11,36,005,021700,36005021700,2020,591,403,616,1610
"Census Tract 218, Bronx County, New York",2265,189,62,368,65,167,25,150,86,125,115,316,312,146,80,47,12,36,005,021800,36005021800,2020,684,553,1028,2265
"Census Tract 219, Bronx County, New York",379,46,60,46,37,18,0,11,30,35,29,30,16,10,5,6,0,36,005,021900,36005021900,2020,189,94,96,379
"Census Tract 220, Bronx County, New York",620,86,1,77,79,49,17,20,37,45,29,73,58,21,10,0,18,36,005,022000,36005022000,2020,243,168,209,620
"Census Tract 221.01, Bronx County, New York",1258,227,99,53,59,20,101,19,120,39,228,112,52,94,11,24,0,36,005,022101,36005022101,2020,438,299,521,1258
"Census Tract 221.02, Bronx County, New York",1593,142,139,166,122,148,87,124,36,170,186,49,109,115,0,0,0,36,005,022102,36005022102,2020,569,565,459,1593
"Census Tract 222, Bronx County, New York",1007,45,43,118,33,68,17,69,43,12,158,159,91,63,37,47,4,36,005,022200,36005022200,2020,239,209,559,1007
"Census Tract 223, Bronx County, New York",1993,434,199,258,43,136,162,245,75,24,108,74,118,103,0,14,0,36,005,022300,36005022300,2020,934,642,417,1993
"Census Tract 224.01, Bronx County, New York",1047,102,18,65,17,48,40,105,111,24,56,140,231,20,26,31,13,36,005,022401,36005022401,2020,202,328,517,1047
"Census Tract 224.03, Bronx County, New York",1230,102,145,8,92,57,95,22,49,22,65,93,174,126,161,19,0,36,005,022403,36005022403,2020,347,245,638,1230
"Census Tract 224.04, Bronx County, New York",1839,171,25,132,48,96,52,80,37,46,265,222,323,134,58,78,72,36,005,022404,36005022404,2020,376,311,1152,1839
"Census Tract 225, Bronx County, New York",2220,224,122,70,130,92,196,149,40,209,160,327,352,38,62,0,49,36,005,022500,36005022500,2020,546,686,988,2220
"Census Tract 227.01, Bronx County, New York",1934,291,156,372,150,22,86,66,69,49,93,261,213,72,0,28,6,36,005,022701,36005022701,2020,969,292,673,1934
"Census Tract 227.02, Bronx County, New York",538,93,15,29,100,49,0,20,95,0,31,14,58,6,9,0,19,36,005,022702,36005022702,2020,237,164,137,538
"Census Tract 227.03, Bronx County, New York",659,43,13,71,6,29,15,38,25,27,24,116,165,58,0,24,5,36,005,022703,36005022703,2020,133,134,392,659
"Census Tract 228, Bronx County, New York",2457,51,102,90,113,66,66,65,116,174,390,257,354,268,57,110,178,36,005,022800,36005022800,2020,356,487,1614,2457
"Census Tract 229.01, Bronx County, New York",1927,356,318,156,28,47,52,41,128,141,83,185,123,141,57,50,21,36,005,022901,36005022901,2020,858,409,660,1927
"Census Tract 229.02, Bronx County, New York",1110,199,87,98,50,65,33,27,27,48,105,95,37,0,60,179,0,36,005,022902,36005022902,2020,434,200,476,1110
"Census Tract 197, Bronx County, New York",2415,389,472,293,59,53,112,215,96,104,134,151,177,30,46,78,6,36,005,019700,36005019700,2020,1213,580,622,2415
"Census Tract 230, Bronx County, New York",1020,133,85,79,11,82,14,14,2,119,70,78,178,35,29,83,8,36,005,023000,36005023000,2020,308,231,481,1020
"Census Tract 231, Bronx County, New York",427,54,20,49,9,39,23,11,23,55,27,68,18,18,13,0,0,36,005,023100,36005023100,2020,132,151,144,427
"Census Tract 232, Bronx County, New York",777,46,64,22,41,38,41,23,6,90,82,49,83,22,94,51,25,36,005,023200,36005023200,2020,173,198,406,777
"Census Tract 233.01, Bronx County, New York",1601,368,159,35,89,109,70,37,29,100,165,133,149,75,0,83,0,36,005,023301,36005023301,2020,651,345,605,1601
"Census Tract 233.02, Bronx County, New York",913,172,81,57,15,27,59,38,74,32,94,74,121,37,11,0,21,36,005,023302,36005023302,2020,325,230,358,913
"Census Tract 235.01, Bronx County, New York",1187,185,108,176,93,19,112,0,51,22,138,182,83,8,10,0,0,36,005,023501,36005023501,2020,562,204,421,1187
"Census Tract 235.02, Bronx County, New York",1486,254,149,111,57,23,128,32,148,13,152,180,92,89,37,0,21,36,005,023502,36005023502,2020,571,344,571,1486
"Census Tract 236, Bronx County, New York",542,132,54,29,8,9,23,14,10,9,24,52,42,47,37,22,30,36,005,023600,36005023600,2020,223,65,254,542
"Census Tract 237.03, Bronx County, New York",1593,490,127,107,77,67,127,36,66,38,22,74,219,76,53,14,0,36,005,023703,36005023703,2020,801,334,458,1593
"Census Tract 237.04, Bronx County, New York",1232,246,81,211,81,49,16,91,81,52,72,146,27,38,41,0,0,36,005,023704,36005023704,2020,619,289,324,1232
"Census Tract 238, Bronx County, New York",756,70,13,0,49,15,46,47,38,23,72,105,59,100,32,67,20,36,005,023800,36005023800,2020,132,169,455,756
"Census Tract 239, Bronx County, New York",2371,279,227,171,232,75,76,104,242,199,125,278,261,102,0,0,0,36,005,023900,36005023900,2020,909,696,766,2371
"Census Tract 240, Bronx County, New York",1290,156,77,120,70,111,48,14,17,62,105,108,38,160,42,90,72,36,005,024000,36005024000,2020,423,252,615,1290
"Census Tract 241, Bronx County, New York",2274,335,386,189,37,49,111,177,174,121,181,256,146,49,14,24,25,36,005,024100,36005024100,2020,947,632,695,2274
"Census Tract 243, Bronx County, New York",1918,376,239,116,184,59,158,24,37,80,166,224,149,69,0,10,27,36,005,024300,36005024300,2020,915,358,645,1918
"Census Tract 244, Bronx County, New York",820,63,42,30,31,38,11,50,16,49,104,100,108,32,29,49,68,36,005,024400,36005024400,2020,166,164,490,820
"Census Tract 245.01, Bronx County, New York",1396,179,251,164,83,61,59,76,66,38,129,83,133,0,24,50,0,36,005,024501,36005024501,2020,677,300,419,1396
"Census Tract 245.02, Bronx County, New York",1203,127,165,66,104,129,51,25,47,0,82,65,114,142,31,47,8,36,005,024502,36005024502,2020,462,252,489,1203
"Census Tract 246, Bronx County, New York",748,61,30,30,22,11,19,11,31,25,53,107,124,58,74,27,65,36,005,024600,36005024600,2020,143,97,508,748
"Census Tract 247, Bronx County, New York",751,29,51,29,29,29,54,33,56,53,34,92,180,28,29,18,7,36,005,024700,36005024700,2020,138,225,388,751
"Census Tract 248, Bronx County, New York",1142,72,40,14,40,43,114,9,55,8,79,97,192,108,146,91,34,36,005,024800,36005024800,2020,166,229,747,1142
"Census Tract 249, Bronx County, New York",0,0,0,0,0,0,0,0,0,0,0,0,0,0,0,0,0,36,005,024900,36005024900,2020,0,0,0,0
"Census Tract 250, Bronx County, New York",983,35,0,23,37,53,15,17,23,57,102,91,156,43,77,143,111,36,005,025000,36005025000,2020,95,165,723,983
"Census Tract 251, Bronx County, New York",2180,99,203,90,117,158,117,183,172,160,87,123,271,263,12,108,17,36,005,025100,36005025100,2020,509,790,881,2180
"Census Tract 252, Bronx County, New York",936,26,23,7,45,42,45,46,20,25,97,115,104,99,48,118,76,36,005,025200,36005025200,2020,101,178,657,936
"Census Tract 253, Bronx County, New York",1877,294,162,137,148,80,45,104,36,109,175,268,167,50,84,18,0,36,005,025300,36005025300,2020,741,374,762,1877
"Census Tract 254, Bronx County, New York",771,48,22,98,27,32,24,27,49,49,44,48,92,51,51,85,24,36,005,025400,36005025400,2020,195,181,395,771
"Census Tract 255, Bronx County, New York",2398,273,226,192,199,73,37,100,92,112,474,135,295,136,12,0,42,36,005,025500,36005025500,2020,890,414,1094,2398
"Census Tract 256, Bronx County, New York",612,0,28,5,134,43,40,5,18,52,59,29,34,71,70,16,8,36,005,025600,36005025600,2020,167,158,287,612
"Census Tract 257, Bronx County, New York",699,97,31,60,18,51,13,65,0,30,88,40,163,9,9,1,24,36,005,025700,36005025700,2020,206,159,334,699
"Census Tract 261, Bronx County, New York",1108,206,31,21,32,70,38,69,30,34,109,104,144,107,11,56,46,36,005,026100,36005026100,2020,290,241,577,1108
"Census Tract 263, Bronx County, New York",2341,545,222,210,28,322,74,66,35,143,158,160,118,73,116,22,49,36,005,026300,36005026300,2020,1005,640,696,2341
"Census Tract 264, Bronx County, New York",1995,67,99,62,34,56,194,277,117,77,161,193,145,138,0,168,207,36,005,026400,36005026400,2020,262,721,1012,1995
"Census Tract 265, Bronx County, New York",2140,166,249,135,178,23,75,59,91,107,249,310,175,105,66,145,7,36,005,026500,36005026500,2020,728,355,1057,2140
"Census Tract 266.01, Bronx County, New York",1363,101,53,27,46,53,52,104,101,86,90,91,228,193,44,41,53,36,005,026601,36005026601,2020,227,396,740,1363
"Census Tract 266.02, Bronx County, New York",2469,132,296,156,54,159,113,31,61,70,280,196,463,255,48,155,0,36,005,026602,36005026602,2020,638,434,1397,2469
"Census Tract 267.01, Bronx County, New York",1281,121,144,98,71,51,61,57,44,36,116,32,261,48,96,27,18,36,005,026701,36005026701,2020,434,249,598,1281
"Census Tract 267.02, Bronx County, New York",2787,367,222,234,229,143,78,142,40,170,227,190,63,93,500,34,55,36,005,026702,36005026702,2020,1052,573,1162,2787
"Census Tract 269, Bronx County, New York",1735,235,476,20,135,108,0,95,80,36,102,162,106,71,37,32,40,36,005,026900,36005026900,2020,866,319,550,1735
"Census Tract 273, Bronx County, New York",2879,359,75,540,99,99,89,103,102,141,207,290,250,166,223,85,51,36,005,027300,36005027300,2020,1073,534,1272,2879
"Census Tract 274.01, Bronx County, New York",1733,7,24,102,198,67,22,39,52,57,76,160,130,249,161,181,208,36,005,027401,36005027401,2020,331,237,1165,1733
"Census Tract 274.02, Bronx County, New York",1265,88,62,38,32,21,13,7,16,71,51,77,182,104,118,237,148,36,005,027402,36005027402,2020,220,128,917,1265
"Census Tract 276, Bronx County, New York",146,93,4,0,0,0,0,45,4,0,0,0,0,0,0,0,0,36,005,027600,36005027600,2020,97,49,0,146
"Census Tract 277, Bronx County, New York",1816,217,233,122,189,149,71,15,13,0,199,227,203,48,27,88,15,36,005,027700,36005027700,2020,761,248,807,1816
"Census Tract 279, Bronx County, New York",2760,48,40,94,257,54,123,215,159,206,183,234,390,403,81,109,164,36,005,027900,36005027900,2020,439,757,1564,2760
"Census Tract 237.02, Bronx County, New York",414,47,30,44,12,21,5,26,15,13,31,29,31,70,23,5,12,36,005,023702,36005023702,2020,133,80,201,414
"Census Tract 281, Bronx County, New York",1746,78,190,102,138,9,31,99,79,83,93,187,160,184,81,161,71,36,005,028100,36005028100,2020,508,301,937,1746
"Census Tract 283, Bronx County, New York",838,118,168,77,49,32,0,0,24,19,65,64,10,110,56,46,0,36,005,028300,36005028300,2020,412,75,351,838
"Census Tract 284, Bronx County, New York",0,0,0,0,0,0,0,0,0,0,0,0,0,0,0,0,0,36,005,028400,36005028400,2020,0,0,0,0
"Census Tract 285, Bronx County, New York",1697,134,109,84,35,25,80,44,19,128,131,211,230,191,78,179,19,36,005,028500,36005028500,2020,362,296,1039,1697
"Census Tract 286, Bronx County, New York",470,41,0,7,4,66,4,0,5,12,12,60,119,85,19,11,25,36,005,028600,36005028600,2020,52,87,331,470
"Census Tract 287, Bronx County, New York",1227,65,84,43,78,2,30,18,80,62,162,76,183,58,147,103,36,36,005,028700,36005028700,2020,270,192,765,1227
"Census Tract 288, Bronx County, New York",1074,34,59,153,14,20,0,2,35,0,43,145,169,122,93,40,145,36,005,028800,36005028800,2020,260,57,757,1074
"Census Tract 289, Bronx County, New York",1824,157,125,152,68,108,58,66,86,111,216,154,133,163,63,75,89,36,005,028900,36005028900,2020,502,429,893,1824
"Census Tract 293.01, Bronx County, New York",861,23,18,17,10,19,31,6,21,25,65,48,102,38,61,110,267,36,005,029301,36005029301,2020,68,102,691,861
"Census Tract 293.02, Bronx County, New York",2666,82,168,95,105,95,58,52,22,0,67,179,305,422,270,356,390,36,005,029302,36005029302,2020,450,227,1989,2666
"Census Tract 295, Bronx County, New York",2115,43,21,40,58,208,35,42,35,19,73,248,376,244,170,267,236,36,005,029500,36005029500,2020,162,339,1614,2115
"Census Tract 296, Bronx County, New York",838,88,46,14,39,0,64,3,6,174,110,55,88,38,67,12,34,36,005,029600,36005029600,2020,187,247,404,838
"Census Tract 297, Bronx County, New York",1793,36,56,119,43,47,36,21,0,151,118,104,276,195,80,307,204,36,005,029700,36005029700,2020,254,255,1284,1793
"Census Tract 300, Bronx County, New York",2505,133,122,256,23,122,86,22,72,16,302,202,327,294,157,107,264,36,005,030000,36005030000,2020,534,318,1653,2505
"Census Tract 301, Bronx County, New York",635,60,31,26,47,7,27,5,21,5,25,69,51,56,56,69,80,36,005,030100,36005030100,2020,164,65,406,635
"Census Tract 302.01, Bronx County, New York",1572,81,63,22,130,52,131,113,119,51,223,85,187,114,78,123,0,36,005,030201,36005030201,2020,296,466,810,1572
"Census Tract 302.02, Bronx County, New York",2456,81,69,43,74,145,306,64,33,83,174,537,573,144,66,49,15,36,005,030202,36005030202,2020,267,631,1558,2456
"Census Tract 307.01, Bronx County, New York",2357,65,42,41,85,15,54,75,53,40,22,141,153,344,119,280,828,36,005,030701,36005030701,2020,233,237,1887,2357
"Census Tract 309, Bronx County, New York",1427,31,36,82,48,17,47,58,179,0,69,107,49,97,132,115,360,36,005,030900,36005030900,2020,197,301,929,1427
"Census Tract 310, Bronx County, New York",1308,66,17,4,38,9,10,0,10,15,146,90,236,258,170,123,116,36,005,031000,36005031000,2020,125,44,1139,1308
"Census Tract 312, Bronx County, New York",560,13,0,13,7,19,20,25,4,13,45,58,75,89,59,58,62,36,005,031200,36005031200,2020,33,81,446,560
"Census Tract 314, Bronx County, New York",632,4,15,6,24,8,33,6,65,23,19,69,90,79,43,106,42,36,005,031400,36005031400,2020,49,135,448,632
"Census Tract 316, Bronx County, New York",684,31,13,49,10,11,4,5,5,36,129,37,100,47,62,82,63,36,005,031600,36005031600,2020,103,61,520,684
"Census Tract 318, Bronx County, New York",565,1,17,35,11,43,0,12,0,9,11,45,51,13,90,84,143,36,005,031800,36005031800,2020,64,64,437,565
"Census Tract 319, Bronx County, New York",0,0,0,0,0,0,0,0,0,0,0,0,0,0,0,0,0,36,005,031900,36005031900,2020,0,0,0,0
"Census Tract 323, Bronx County, New York",2592,143,21,121,34,34,81,356,52,0,181,73,391,477,126,360,142,36,005,032300,36005032300,2020,319,523,1750,2592
"Census Tract 324, Bronx County, New York",1189,278,113,139,131,10,51,86,26,54,12,71,102,29,0,37,50,36,005,032400,36005032400,2020,661,227,301,1189
"Census Tract 326, Bronx County, New York",1037,122,22,19,11,33,0,32,0,8,45,93,281,117,72,58,124,36,005,032600,36005032600,2020,174,73,790,1037
"Census Tract 328, Bronx County, New York",1475,146,188,69,69,94,79,74,53,60,154,89,244,51,24,55,26,36,005,032800,36005032800,2020,472,360,643,1475
"Census Tract 330, Bronx County, New York",2132,349,259,65,31,75,69,166,133,131,105,231,193,229,18,70,8,36,005,033000,36005033000,2020,704,574,854,2132
"Census Tract 332.01, Bronx County, New York",2551,223,459,121,338,121,73,87,109,67,163,293,83,236,37,61,80,36,005,033201,36005033201,2020,1141,457,953,2551
"Census Tract 332.02, Bronx County, New York",1645,248,228,12,33,67,80,45,165,11,127,155,157,105,91,80,41,36,005,033202,36005033202,2020,521,368,756,1645
"Census Tract 334, Bronx County, New York",4,0,0,0,0,0,0,0,0,0,4,0,0,0,0,0,0,36,005,033400,36005033400,2020,0,0,4,4
"Census Tract 335, Bronx County, New York",703,36,7,29,17,34,4,31,6,8,23,28,95,46,66,153,120,36,005,033500,36005033500,2020,89,83,531,703
"Census Tract 336.01, Bronx County, New York",2123,393,146,46,73,160,54,115,290,245,33,156,159,221,15,0,17,36,005,033601,36005033601,2020,658,864,601,2123
"Census Tract 336.02, Bronx County, New York",676,58,32,92,0,0,61,67,0,0,178,49,19,107,13,0,0,36,005,033602,36005033602,2020,182,128,366,676
"Census Tract 337, Bronx County, New York",934,5,28,12,53,30,31,45,0,14,33,70,132,79,87,104,211,36,005,033700,36005033700,2020,98,120,716,934
"Census Tract 338.01, Bronx County, New York",791,52,0,16,58,38,39,0,10,16,56,173,154,85,67,13,14,36,005,033801,36005033801,2020,126,103,562,791
"Census Tract 338.02, Bronx County, New York",551,11,12,22,54,11,67,81,0,11,103,83,41,33,22,0,0,36,005,033802,36005033802,2020,99,170,282,551
"Census Tract 340, Bronx County, New York",1821,90,60,37,160,85,51,140,98,61,249,261,214,116,71,104,24,36,005,034000,36005034000,2020,347,435,1039,1821
"Census Tract 342, Bronx County, New York",601,40,32,0,22,0,22,24,0,28,40,158,53,45,49,42,46,36,005,034200,36005034200,2020,94,74,433,601
"Census Tract 343, Bronx County, New York",570,0,8,0,32,42,20,20,7,14,46,45,168,72,17,48,31,36,005,034300,36005034300,2020,40,103,427,570
"Census Tract 344, Bronx County, New York",626,47,7,0,33,82,29,16,0,39,51,54,54,68,36,87,23,36,005,034400,36005034400,2020,87,166,373,626
"Census Tract 345, Bronx County, New York",1287,110,43,16,75,21,48,69,0,13,43,108,127,76,188,233,117,36,005,034500,36005034500,2020,244,151,892,1287
"Census Tract 348, Bronx County, New York",2078,390,18,126,162,54,70,167,102,0,209,173,214,118,131,76,68,36,005,034800,36005034800,2020,696,393,989,2078
"Census Tract 350, Bronx County, New York",715,17,13,50,40,6,28,26,61,16,24,113,94,56,37,127,7,36,005,035000,36005035000,2020,120,137,458,715
"Census Tract 351, Bronx County, New York",1267,50,111,33,23,54,43,0,38,10,120,93,219,218,76,33,146,36,005,035100,36005035100,2020,217,145,905,1267
"Census Tract 356, Bronx County, New York",705,63,0,6,3,2,52,29,40,9,14,96,109,56,21,103,102,36,005,035600,36005035600,2020,72,132,501,705
"Census Tract 358, Bronx County, New York",2816,39,107,424,35,160,83,155,97,61,52,334,278,228,144,407,212,36,005,035800,36005035800,2020,605,556,1655,2816
"Census Tract 359, Bronx County, New York",781,99,66,83,114,59,74,31,37,40,40,28,60,30,14,6,0,36,005,035900,36005035900,2020,362,241,178,781
"Census Tract 360, Bronx County, New York",943,36,5,46,0,32,46,80,18,36,21,99,159,95,73,83,114,36,005,036000,36005036000,2020,87,212,644,943
"Census Tract 361, Bronx County, New York",2071,638,277,118,123,109,79,146,49,20,134,78,67,13,57,35,128,36,005,036100,36005036100,2020,1156,403,512,2071
"Census Tract 363, Bronx County, New York",2369,439,399,111,361,85,45,100,0,0,172,206,224,147,18,62,0,36,005,036300,36005036300,2020,1310,230,829,2369
"Census Tract 364, Bronx County, New York",868,55,35,7,84,29,117,25,18,22,40,46,108,120,81,51,30,36,005,036400,36005036400,2020,181,211,476,868
"Census Tract 365.01, Bronx County, New York",1371,120,183,93,39,133,84,123,103,31,73,113,132,74,70,0,0,36,005,036501,36005036501,2020,435,474,462,1371
"Census Tract 365.02, Bronx County, New York",758,94,98,97,57,39,45,41,13,7,101,21,58,47,19,0,21,36,005,036502,36005036502,2020,346,145,267,758
"Census Tract 367, Bronx County, New York",632,68,128,45,18,60,63,26,0,8,0,70,80,37,0,23,6,36,005,036700,36005036700,2020,259,157,216,632
"Census Tract 368, Bronx County, New York",570,55,26,4,54,21,23,32,20,0,29,36,64,33,39,64,70,36,005,036800,36005036800,2020,139,96,335,570
"Census Tract 369.01, Bronx County, New York",766,155,155,72,45,20,115,56,0,13,19,44,14,40,6,12,0,36,005,036901,36005036901,2020,427,204,135,766
"Census Tract 369.02, Bronx County, New York",779,222,135,117,13,31,5,7,38,44,45,34,28,21,39,0,0,36,005,036902,36005036902,2020,487,125,167,779
"Census Tract 370, Bronx County, New York",700,42,8,37,6,33,21,10,26,59,36,86,94,57,63,53,69,36,005,037000,36005037000,2020,93,149,458,700
"Census Tract 371, Bronx County, New York",1795,214,445,128,190,41,64,42,19,78,78,283,46,91,19,32,25,36,005,037100,36005037100,2020,977,244,574,1795
"Census Tract 372, Bronx County, New York",829,44,56,63,19,57,53,55,52,29,20,111,102,66,65,8,29,36,005,037200,36005037200,2020,182,246,401,829
"Census Tract 373, Bronx County, New York",1899,378,269,257,35,45,65,20,99,106,78,161,111,135,14,103,23,36,005,037300,36005037300,2020,939,335,625,1899
"Census Tract 374, Bronx County, New York",1494,265,123,125,107,98,56,208,34,19,110,178,84,44,29,9,5,36,005,037400,36005037400,2020,620,415,459,1494
"Census Tract 375.04, Bronx County, New York",1220,269,103,107,130,85,48,129,78,46,49,72,31,23,25,25,0,36,005,037504,36005037504,2020,609,386,225,1220
"Census Tract 376, Bronx County, New York",775,110,41,11,43,1,31,35,16,47,31,121,75,54,115,4,40,36,005,037600,36005037600,2020,205,130,440,775
"Census Tract 378, Bronx County, New York",1070,122,91,9,102,74,41,61,78,30,67,125,147,64,0,30,29,36,005,037800,36005037800,2020,324,284,462,1070
"Census Tract 379, Bronx County, New York",1514,202,208,112,177,62,129,27,77,38,25,207,108,83,25,34,0,36,005,037900,36005037900,2020,699,333,482,1514
"Census Tract 380, Bronx County, New York",1975,318,119,237,100,72,99,191,54,36,164,143,208,106,50,78,0,36,005,038000,36005038000,2020,774,452,749,1975
"Census Tract 381, Bronx County, New York",2513,277,165,75,128,152,273,138,77,278,280,183,201,195,17,0,74,36,005,038100,36005038100,2020,645,918,950,2513
"Census Tract 382, Bronx County, New York",971,61,29,96,161,81,20,10,49,20,55,58,132,50,32,59,58,36,005,038200,36005038200,2020,347,180,444,971
"Census Tract 383.01, Bronx County, New York",1641,239,116,54,30,183,14,57,125,113,130,137,202,111,94,36,0,36,005,038301,36005038301,2020,439,492,710,1641
"Census Tract 383.03, Bronx County, New York",1282,228,264,149,122,64,53,5,65,75,20,44,51,68,0,74,0,36,005,038303,36005038303,2020,763,262,257,1282
"Census Tract 383.04, Bronx County, New York",795,388,53,13,80,47,69,32,18,9,32,0,54,0,0,0,0,36,005,038304,36005038304,2020,534,175,86,795
"Census Tract 385, Bronx County, New York",1635,382,271,90,137,105,57,72,52,163,53,101,86,0,33,0,33,36,005,038500,36005038500,2020,880,449,306,1635
"Census Tract 386, Bronx County, New York",2834,25,281,105,118,302,195,48,58,55,206,390,277,473,138,72,91,36,005,038600,36005038600,2020,529,658,1647,2834
"Census Tract 387, Bronx County, New York",1259,144,92,71,56,27,143,110,102,40,160,166,66,60,12,0,10,36,005,038700,36005038700,2020,363,422,474,1259
"Census Tract 388, Bronx County, New York",925,73,32,18,36,33,8,29,72,17,57,144,180,99,35,23,69,36,005,038800,36005038800,2020,159,159,607,925
"Census Tract 389, Bronx County, New York",1821,456,122,89,59,87,43,148,107,148,143,152,135,105,27,0,0,36,005,038900,36005038900,2020,726,533,562,1821
"Census Tract 390, Bronx County, New York",1093,129,30,30,17,86,66,22,105,102,48,75,102,148,100,26,7,36,005,039000,36005039000,2020,206,381,506,1093
"Census Tract 391, Bronx County, New York",2756,248,542,235,194,128,127,0,83,97,296,204,262,82,38,156,64,36,005,039100,36005039100,2020,1219,435,1102,2756
"Census Tract 392, Bronx County, New York",635,57,12,23,18,40,38,60,36,0,75,82,57,16,18,28,75,36,005,039200,36005039200,2020,110,174,351,635
"Census Tract 393, Bronx County, New York",3057,637,534,303,142,151,125,51,221,31,100,178,340,180,0,42,22,36,005,039300,36005039300,2020,1616,579,862,3057
"Census Tract 394, Bronx County, New York",1677,163,60,110,153,0,111,11,62,68,150,181,243,155,107,78,25,36,005,039400,36005039400,2020,486,252,939,1677
"Census Tract 395, Bronx County, New York",1592,435,223,72,66,69,41,68,100,42,77,141,133,63,38,15,9,36,005,039500,36005039500,2020,796,320,476,1592
"Census Tract 396, Bronx County, New York",1381,111,148,139,7,29,141,99,82,99,45,137,74,93,109,60,8,36,005,039600,36005039600,2020,405,450,526,1381
"Census Tract 397, Bronx County, New York",548,112,51,42,37,19,33,50,17,78,14,36,32,27,0,0,0,36,005,039700,36005039700,2020,242,197,109,548
"Census Tract 398, Bronx County, New York",1209,116,77,153,33,29,57,23,10,34,147,55,186,62,79,29,119,36,005,039800,36005039800,2020,379,153,677,1209
"Census Tract 399.01, Bronx County, New York",1705,195,226,154,68,73,39,176,46,81,190,186,211,40,8,12,0,36,005,039901,36005039901,2020,643,415,647,1705
"Census Tract 399.02, Bronx County, New York",1701,253,145,58,50,52,111,63,182,162,198,128,141,61,59,38,0,36,005,039902,36005039902,2020,506,570,625,1701
"Census Tract 401, Bronx County, New York",1832,314,167,116,214,238,46,122,81,42,155,66,154,26,81,10,0,36,005,040100,36005040100,2020,811,529,492,1832
"Census Tract 403.02, Bronx County, New York",1580,192,311,106,32,58,97,125,104,60,172,25,152,68,78,0,0,36,005,040302,36005040302,2020,641,444,495,1580
"Census Tract 403.03, Bronx County, New York",1357,151,48,128,128,110,60,144,42,42,137,115,107,31,44,32,38,36,005,040303,36005040303,2020,455,398,504,1357
"Census Tract 403.04, Bronx County, New York",1202,155,178,112,101,46,67,37,10,43,92,77,129,68,60,27,0,36,005,040304,36005040304,2020,546,203,453,1202
"Census Tract 404, Bronx County, New York",1100,109,24,19,0,0,59,59,0,71,0,125,168,201,136,75,54,36,005,040400,36005040400,2020,152,189,759,1100
"Census Tract 405.01, Bronx County, New York",1339,163,93,96,76,15,85,173,28,118,140,135,107,50,21,19,20,36,005,040501,36005040501,2020,428,419,492,1339
"Census Tract 405.02, Bronx County, New York",2365,321,254,94,136,92,82,75,35,315,343,124,206,69,27,133,59,36,005,040502,36005040502,2020,805,599,961,2365
"Census Tract 406, Bronx County, New York",1290,115,109,60,73,116,47,32,114,120,53,159,63,124,35,58,12,36,005,040600,36005040600,2020,357,429,504,1290
"Census Tract 407.01, Bronx County, New York",1217,112,131,100,78,59,64,46,178,58,115,111,65,31,63,0,6,36,005,040701,36005040701,2020,421,405,391,1217
"Census Tract 407.02, Bronx County, New York",2754,365,213,395,173,217,299,120,67,87,216,108,232,137,36,53,36,36,005,040702,36005040702,2020,1146,790,818,2754
"Census Tract 408, Bronx County, New York",1733,228,219,114,171,34,133,19,66,96,160,275,28,56,19,55,60,36,005,040800,36005040800,2020,732,348,653,1733
"Census Tract 409, Bronx County, New York",1375,20,25,70,98,31,94,162,48,41,85,120,226,167,12,117,59,36,005,040900,36005040900,2020,213,376,786,1375
"Census Tract 411, Bronx County, New York",1285,244,85,39,37,73,31,179,96,7,50,141,142,46,53,0,62,36,005,041100,36005041100,2020,405,386,494,1285
"Census Tract 413, Bronx County, New York",3069,190,202,147,248,40,79,104,135,141,343,375,479,226,205,114,41,36,005,041300,36005041300,2020,787,499,1783,3069
"Census Tract 414, Bronx County, New York",1787,94,24,118,30,180,130,31,102,60,220,57,140,197,192,125,87,36,005,041400,36005041400,2020,266,503,1018,1787
"Census Tract 415, Bronx County, New York",2425,197,309,106,154,128,117,29,222,12,455,152,287,93,32,52,80,36,005,041500,36005041500,2020,766,508,1151,2425
"Census Tract 418, Bronx County, New York",1208,169,0,121,15,40,63,15,50,39,111,173,145,64,50,56,97,36,005,041800,36005041800,2020,305,207,696,1208
"Census Tract 419, Bronx County, New York",2465,383,250,182,95,188,170,120,122,65,161,253,225,50,86,63,52,36,005,041900,36005041900,2020,910,665,890,2465
"Census Tract 420, Bronx County, New York",1654,337,168,83,41,156,98,70,76,57,95,152,97,58,93,36,37,36,005,042000,36005042000,2020,629,457,568,1654
"Census Tract 421, Bronx County, New York",2038,269,221,108,83,59,158,95,82,58,150,306,228,38,47,85,51,36,005,042100,36005042100,2020,681,452,905,2038
"Census Tract 422, Bronx County, New York",1153,78,29,59,25,52,27,49,89,157,42,184,164,25,74,99,0,36,005,042200,36005042200,2020,191,374,588,1153
"Census Tract 423, Bronx County, New York",1289,159,36,40,123,51,18,147,43,84,62,55,138,144,105,84,0,36,005,042300,36005042300,2020,358,343,588,1289
"Census Tract 424, Bronx County, New York",798,58,27,5,41,7,6,67,0,44,5,89,181,126,60,30,52,36,005,042400,36005042400,2020,131,124,543,798
"Census Tract 425, Bronx County, New York",2050,221,117,180,100,170,210,110,7,90,94,139,216,192,163,41,0,36,005,042500,36005042500,2020,618,587,845,2050
"Census Tract 426, Bronx County, New York",2178,171,79,0,0,24,152,43,0,168,79,153,367,461,128,140,213,36,005,042600,36005042600,2020,250,387,1541,2178
"Census Tract 428, Bronx County, New York",762,48,22,38,12,17,7,9,12,33,22,53,133,32,86,50,188,36,005,042800,36005042800,2020,120,78,564,762
"Census Tract 429.01, Bronx County, New York",1319,28,237,177,87,71,84,12,31,67,93,124,27,159,45,59,18,36,005,042901,36005042901,2020,529,265,525,1319
"Census Tract 429.02, Bronx County, New York",1648,160,197,180,131,67,28,70,132,90,139,81,205,64,50,41,13,36,005,042902,36005042902,2020,668,387,593,1648
"Census Tract 430, Bronx County, New York",1217,79,180,17,85,23,39,33,65,11,44,323,67,104,0,60,87,36,005,043000,36005043000,2020,361,171,685,1217
"Census Tract 431.01, Bronx County, New York",1757,70,300,80,68,145,203,138,80,67,92,112,236,88,32,0,46,36,005,043101,36005043101,2020,518,633,606,1757
"Census Tract 431.02, Bronx County, New York",1756,146,146,134,153,302,84,110,114,30,92,128,151,135,0,31,0,36,005,043102,36005043102,2020,579,640,537,1756
"Census Tract 434, Bronx County, New York",1364,186,82,30,14,52,33,15,0,60,87,133,78,167,286,83,58,36,005,043400,36005043400,2020,312,160,892,1364
"Census Tract 435.01, Bronx County, New York",336,72,12,44,5,17,51,14,25,40,32,13,5,6,0,0,0,36,005,043501,36005043501,2020,133,147,56,336
"Census Tract 435.02, Bronx County, New York",0,0,0,0,0,0,0,0,0,0,0,0,0,0,0,0,0,36,005,043502,36005043502,2020,0,0,0,0
"Census Tract 435.03, Bronx County, New York",0,0,0,0,0,0,0,0,0,0,0,0,0,0,0,0,0,36,005,043503,36005043503,2020,0,0,0,0
"Census Tract 436, Bronx County, New York",700,131,25,30,0,0,0,2,45,29,62,80,106,88,19,54,29,36,005,043600,36005043600,2020,186,76,438,700
"Census Tract 442, Bronx County, New York",1312,412,103,0,0,47,31,104,13,0,135,150,139,16,40,49,73,36,005,044200,36005044200,2020,515,195,602,1312
"Census Tract 444, Bronx County, New York",1435,24,182,41,22,32,25,120,17,44,82,119,219,224,155,88,41,36,005,044400,36005044400,2020,269,238,928,1435
"Census Tract 448, Bronx County, New York",661,5,6,22,7,0,92,18,5,33,6,75,57,95,99,53,88,36,005,044800,36005044800,2020,40,148,473,661
"Census Tract 449.01, Bronx County, New York",766,22,39,14,24,27,13,12,20,87,40,116,89,70,35,31,127,36,005,044901,36005044901,2020,99,159,508,766
"Census Tract 449.02, Bronx County, New York",882,76,5,19,63,31,21,0,43,52,22,115,124,108,42,106,55,36,005,044902,36005044902,2020,163,147,572,882
"Census Tract 451.01, Bronx County, New York",859,11,19,16,46,23,9,38,16,0,235,67,183,52,67,21,56,36,005,045101,36005045101,2020,92,86,681,859
"Census Tract 451.02, Bronx County, New York",855,5,12,29,54,14,14,29,16,17,51,126,184,72,65,87,80,36,005,045102,36005045102,2020,100,90,665,855
"Census Tract 456, Bronx County, New York",1077,12,0,43,31,47,63,68,49,0,65,81,152,73,111,99,183,36,005,045600,36005045600,2020,86,227,764,1077
"Census Tract 458, Bronx County, New York",2036,334,267,54,310,281,27,44,149,63,182,34,154,0,0,0,137,36,005,045800,36005045800,2020,965,564,507,2036
"Census Tract 460, Bronx County, New York",1001,140,164,28,46,39,13,112,34,46,13,37,184,31,47,45,22,36,005,046000,36005046000,2020,378,244,379,1001
"Census Tract 462.03, Bronx County, New York",3193,96,175,342,142,336,502,0,59,101,154,248,536,307,165,0,30,36,005,046203,36005046203,2020,755,998,1440,3193
"Census Tract 462.04, Bronx County, New York",2424,168,0,0,55,0,146,206,130,0,139,300,434,404,154,288,0,36,005,046204,36005046204,2020,223,482,1719,2424
"Census Tract 462.05, Bronx County, New York",1909,146,82,201,0,142,99,32,265,39,303,92,261,247,0,0,0,36,005,046205,36005046205,2020,429,577,903,1909
"Census Tract 462.06, Bronx County, New York",1998,71,154,78,124,99,156,270,0,182,76,133,193,38,154,237,33,36,005,046206,36005046206,2020,427,707,864,1998
"Census Tract 462.07, Bronx County, New York",2977,137,145,135,215,317,39,93,116,53,516,225,592,221,173,0,0,36,005,046207,36005046207,2020,632,618,1727,2977
"Census Tract 462.08, Bronx County, New York",1460,89,34,93,12,88,0,31,0,0,82,334,87,134,103,319,54,36,005,046208,36005046208,2020,228,119,1113,1460
"Census Tract 462.09, Bronx County, New York",1447,101,133,256,134,36,22,32,150,0,0,159,30,129,189,76,0,36,005,046209,36005046209,2020,624,240,583,1447
"Census Tract 484.01, Bronx County, New York",1272,37,50,53,87,0,86,39,8,0,70,182,136,109,115,207,93,36,005,048401,36005048401,2020,227,133,912,1272
"Census Tract 484.02, Bronx County, New York",0,0,0,0,0,0,0,0,0,0,0,0,0,0,0,0,0,36,005,048402,36005048402,2020,0,0,0,0
"Census Tract 504, Bronx County, New York",0,0,0,0,0,0,0,0,0,0,0,0,0,0,0,0,0,36,005,050400,36005050400,2020,0,0,0,0
"Census Tract 516.01, Bronx County, New York",1874,29,41,20,57,88,144,0,78,91,84,127,154,194,99,434,234,36,005,051601,36005051601,2020,147,401,1326,1874
"Census Tract 516.02, Bronx County, New York",0,0,0,0,0,0,0,0,0,0,0,0,0,0,0,0,0,36,005,051602,36005051602,2020,0,0,0,0
"Census Tract 1, Bronx County, New York",0,0,0,0,0,0,0,0,0,0,0,0,0,0,0,0,0,36,005,000100,36005000100,2020,0,0,0,0
"Census Tract 2, Bronx County, New York",1340,94,9,68,91,92,73,0,131,0,50,123,71,262,95,37,144,36,005,000200,36005000200,2020,262,296,782,1340
"Census Tract 4, Bronx County, New York",2110,46,44,124,55,0,12,28,63,40,107,292,365,163,391,241,139,36,005,000400,36005000400,2020,269,143,1698,2110
"Census Tract 16, Bronx County, New York",2153,82,257,303,89,78,281,93,89,151,133,199,146,86,47,51,68,36,005,001600,36005001600,2020,731,692,730,2153
"Census Tract 19.01, Bronx County, New York",784,87,81,29,13,11,26,44,31,5,39,87,157,78,14,18,64,36,005,001901,36005001901,2020,210,117,457,784
"Census Tract 19.02, Bronx County, New York",329,48,12,3,9,14,25,4,11,28,38,32,21,29,26,0,29,36,005,001902,36005001902,2020,72,82,175,329
"Census Tract 19.03, Bronx County, New York",0,0,0,0,0,0,0,0,0,0,0,0,0,0,0,0,0,36,005,001903,36005001903,2020,0,0,0,0
"Census Tract 19.04, Bronx County, New York",0,0,0,0,0,0,0,0,0,0,0,0,0,0,0,0,0,36,005,001904,36005001904,2020,0,0,0,0
"Census Tract 20.01, Bronx County, New York",1654,656,117,88,163,76,84,65,37,0,93,175,25,75,0,0,0,36,005,002001,36005002001,2020,1024,262,368,1654
"Census Tract 20.02, Bronx County, New York",1865,406,154,123,66,0,60,77,0,96,12,111,192,439,8,73,48,36,005,002002,36005002002,2020,749,233,883,1865
"Census Tract 23, Bronx County, New York",1874,391,298,150,106,93,164,92,92,59,201,61,110,25,0,32,0,36,005,002300,36005002300,2020,945,500,429,1874
"Census Tract 24, Bronx County, New York",0,0,0,0,0,0,0,0,0,0,0,0,0,0,0,0,0,36,005,002400,36005002400,2020,0,0,0,0
"Census Tract 25, Bronx County, New York",1932,538,180,96,87,107,116,105,99,102,154,217,10,30,85,6,0,36,005,002500,36005002500,2020,901,529,502,1932
"Census Tract 27.01, Bronx County, New York",1027,234,194,196,98,58,50,0,75,41,15,29,11,13,13,0,0,36,005,002701,36005002701,2020,722,224,81,1027
"Census Tract 27.02, Bronx County, New York",1470,505,260,29,48,99,86,67,88,13,13,37,149,27,25,24,0,36,005,002702,36005002702,2020,842,353,275,1470
"Census Tract 28, Bronx County, New York",2401,84,58,80,88,132,96,267,76,140,407,532,174,184,83,0,0,36,005,002800,36005002800,2020,310,711,1380,2401
"Census Tract 31, Bronx County, New York",687,32,7,69,54,118,21,22,44,38,58,50,80,29,49,16,0,36,005,003100,36005003100,2020,162,243,282,687
"Census Tract 33, Bronx County, New York",1208,292,193,43,109,76,95,26,67,24,63,11,90,42,13,55,9,36,005,003300,36005003300,2020,637,288,283,1208
"Census Tract 35, Bronx County, New York",1374,179,152,144,32,265,89,79,35,14,128,34,121,19,64,0,19,36,005,003500,36005003500,2020,507,482,385,1374
"Census Tract 37, Bronx County, New York",145,44,13,13,0,0,11,0,0,5,54,5,0,0,0,0,0,36,005,003700,36005003700,2020,70,16,59,145
"Census Tract 38, Bronx County, New York",333,34,15,37,51,0,22,0,0,0,13,14,55,43,20,21,8,36,005,003800,36005003800,2020,137,22,174,333
"Census Tract 39, Bronx County, New York",2241,313,563,190,106,109,0,91,96,89,71,49,132,180,0,49,203,36,005,003900,36005003900,2020,1172,385,684,2241
"Census Tract 40.01, Bronx County, New York",489,39,5,14,29,5,41,53,12,0,32,74,51,24,31,32,47,36,005,004001,36005004001,2020,87,111,291,489
"Census Tract 41, Bronx County, New York",2254,554,405,138,105,67,44,294,149,68,66,43,179,79,39,0,24,36,005,004100,36005004100,2020,1202,622,430,2254
"Census Tract 42, Bronx County, New York",2875,362,222,170,156,140,127,31,11,19,117,159,613,672,0,76,0,36,005,004200,36005004200,2020,910,328,1637,2875
"Census Tract 43, Bronx County, New York",2129,324,362,248,106,69,120,51,206,16,82,126,194,23,155,11,36,36,005,004300,36005004300,2020,1040,462,627,2129
"Census Tract 44, Bronx County, New York",1599,510,254,198,60,59,118,44,61,36,14,10,61,78,0,96,0,36,005,004400,36005004400,2020,1022,318,259,1599
"Census Tract 46, Bronx County, New York",697,121,128,65,47,26,16,30,45,33,20,72,5,54,35,0,0,36,005,004600,36005004600,2020,361,150,186,697
"Census Tract 48, Bronx County, New York",1455,262,92,95,137,75,118,36,93,59,26,82,206,61,56,48,9,36,005,004800,36005004800,2020,586,381,488,1455
"Census Tract 50.01, Bronx County, New York",1379,242,143,85,128,96,130,60,34,49,49,126,83,21,58,55,20,36,005,005001,36005005001,2020,598,369,412,1379
"Census Tract 50.02, Bronx County, New York",1994,272,166,198,34,188,166,145,110,53,98,165,248,22,23,24,82,36,005,005002,36005005002,2020,670,662,662,1994
"Census Tract 51, Bronx County, New York",2151,503,255,285,228,73,102,98,158,104,158,167,20,0,0,0,0,36,005,005100,36005005100,2020,1271,535,345,2151
"Census Tract 52, Bronx County, New York",828,192,118,136,33,55,4,41,22,30,10,96,40,9,24,6,12,36,005,005200,36005005200,2020,479,152,197,828
"Census Tract 53, Bronx County, New York",1786,495,258,294,123,111,182,53,28,15,90,84,7,8,32,6,0,36,005,005300,36005005300,2020,1170,389,227,1786
"Census Tract 54, Bronx County, New York",1713,245,251,93,83,33,116,77,91,129,24,233,73,82,86,87,10,36,005,005400,36005005400,2020,672,446,595,1713
"Census Tract 56, Bronx County, New York",886,185,137,23,30,32,58,14,31,26,79,73,77,57,5,40,19,36,005,005600,36005005600,2020,375,161,350,886
"Census Tract 59.02, Bronx County, New York",1109,137,88,78,164,67,64,47,43,23,48,112,63,43,88,21,23,36,005,005902,36005005902,2020,467,244,398,1109
"Census Tract 60, Bronx County, New York",370,15,39,25,30,8,51,31,24,50,34,0,5,24,7,0,27,36,005,006000,36005006000,2020,109,164,97,370
"Census Tract 61, Bronx County, New York",2071,121,191,115,71,22,90,50,109,201,155,122,499,51,98,144,32,36,005,006100,36005006100,2020,498,472,1101,2071
"Census Tract 62, Bronx County, New York",2506,416,304,179,234,212,83,313,0,93,147,342,58,55,0,20,50,36,005,006200,36005006200,2020,1133,701,672,2506
"Census Tract 63.01, Bronx County, New York",1941,155,212,79,139,72,74,50,123,170,137,52,198,124,72,55,229,36,005,006301,36005006301,2020,585,489,867,1941
"Census Tract 63.02, Bronx County, New York",0,0,0,0,0,0,0,0,0,0,0,0,0,0,0,0,0,36,005,006302,36005006302,2020,0,0,0,0
"Census Tract 64, Bronx County, New York",1389,376,91,19,143,21,61,41,61,21,139,87,196,84,19,0,30,36,005,006400,36005006400,2020,629,205,555,1389
"Census Tract 65, Bronx County, New York",1921,524,130,134,189,223,103,110,84,5,69,76,110,121,27,0,16,36,005,006500,36005006500,2020,977,525,419,1921
"Census Tract 67, Bronx County, New York",2468,493,518,378,83,275,82,22,43,46,60,75,183,51,97,42,20,36,005,006700,36005006700,2020,1472,468,528,2468
"Census Tract 68, Bronx County, New York",978,107,83,71,77,37,32,67,20,0,73,183,101,30,59,38,0,36,005,006800,36005006800,2020,338,156,484,978
"Census Tract 69, Bronx County, New York",2844,791,304,77,0,117,177,83,170,172,196,185,139,203,15,76,139,36,005,006900,36005006900,2020,1172,719,953,2844
"Census Tract 70, Bronx County, New York",1285,136,82,34,110,80,66,87,1,29,176,58,107,61,177,27,54,36,005,007000,36005007000,2020,362,263,660,1285
"Census Tract 71, Bronx County, New York",1074,219,52,26,60,28,38,63,67,40,10,121,108,92,9,93,48,36,005,007100,36005007100,2020,357,236,481,1074
"Census Tract 72, Bronx County, New York",1729,241,112,122,44,124,45,117,66,55,174,102,151,202,24,93,57,36,005,007200,36005007200,2020,519,407,803,1729
"Census Tract 73, Bronx County, New York",1434,402,218,68,113,135,72,52,28,24,38,145,107,32,0,0,0,36,005,007300,36005007300,2020,801,311,322,1434
"Census Tract 74, Bronx County, New York",1330,160,142,129,90,68,13,57,24,12,106,104,116,83,87,123,16,36,005,007400,36005007400,2020,521,174,635,1330
"Census Tract 75, Bronx County, New York",2235,422,267,198,155,117,117,144,21,76,204,105,243,92,17,17,40,36,005,007500,36005007500,2020,1042,475,718,2235
"Census Tract 76, Bronx County, New York",1780,214,110,85,123,74,85,87,37,92,143,148,256,94,72,92,68,36,005,007600,36005007600,2020,532,375,873,1780
"Census Tract 77, Bronx County, New York",575,34,62,27,13,48,10,49,38,24,95,36,46,28,36,17,12,36,005,007700,36005007700,2020,136,169,270,575
"Census Tract 78, Bronx County, New York",2211,84,112,105,95,96,118,123,26,53,226,175,182,289,182,259,86,36,005,007800,36005007800,2020,396,416,1399,2211
"Census Tract 79, Bronx County, New York",2345,581,330,65,68,25,348,46,201,107,32,95,201,68,127,51,0,36,005,007900,36005007900,2020,1044,727,574,2345
"Census Tract 83, Bronx County, New York",2187,341,192,137,105,32,113,182,162,96,60,251,194,92,61,75,94,36,005,008300,36005008300,2020,775,585,827,2187
"Census Tract 84, Bronx County, New York",982,44,6,79,0,28,14,144,3,123,29,104,193,63,29,99,24,36,005,008400,36005008400,2020,129,312,541,982
"Census Tract 85, Bronx County, New York",2128,282,290,214,123,192,139,44,56,54,119,146,230,194,11,0,34,36,005,008500,36005008500,2020,909,485,734,2128
"Census Tract 86, Bronx County, New York",1537,413,138,175,143,84,0,39,120,25,81,34,84,22,79,17,83,36,005,008600,36005008600,2020,869,268,400,1537
"Census Tract 87, Bronx County, New York",2056,388,216,355,79,122,114,102,118,60,78,130,114,105,45,10,20,36,005,008700,36005008700,2020,1038,516,502,2056
"Census Tract 89, Bronx County, New York",1217,145,130,141,205,65,18,57,70,8,113,12,130,71,28,15,9,36,005,008900,36005008900,2020,621,218,378,1217
"Census Tract 90, Bronx County, New York",1178,200,176,46,56,132,101,10,20,71,100,41,51,83,40,21,30,36,005,009000,36005009000,2020,478,334,366,1178
"Census Tract 92, Bronx County, New York",1879,178,116,126,130,63,148,67,73,76,126,151,257,127,35,92,114,36,005,009200,36005009200,2020,550,427,902,1879
"Census Tract 93.01, Bronx County, New York",1684,224,180,164,115,17,14,165,176,38,108,123,168,42,42,108,0,36,005,009301,36005009301,2020,683,410,591,1684
"Census Tract 93.02, Bronx County, New York",0,0,0,0,0,0,0,0,0,0,0,0,0,0,0,0,0,36,005,009302,36005009302,2020,0,0,0,0
"Census Tract 96, Bronx County, New York",800,111,47,25,57,55,13,0,26,41,88,54,171,36,26,27,23,36,005,009600,36005009600,2020,240,135,425,800
"Census Tract 98, Bronx County, New York",1595,114,107,94,43,44,21,74,116,74,70,155,183,213,106,115,66,36,005,009800,36005009800,2020,358,329,908,1595
"Census Tract 110, Bronx County, New York",0,0,0,0,0,0,0,0,0,0,0,0,0,0,0,0,0,36,005,011000,36005011000,2020,0,0,0,0
"Census Tract 115.02, Bronx County, New York",1348,220,271,150,96,125,58,23,16,120,54,24,126,30,6,0,29,36,005,011502,36005011502,2020,737,342,269,1348
"Census Tract 117.01, Bronx County, New York",474,108,33,14,79,0,0,35,16,22,59,20,72,6,0,10,0,36,005,011701,36005011701,2020,234,73,167,474
"Census Tract 117.02, Bronx County, New York",0,0,0,0,0,0,0,0,0,0,0,0,0,0,0,0,0,36,005,011702,36005011702,2020,0,0,0,0
"Census Tract 118, Bronx County, New York",1596,46,86,88,25,61,41,9,23,72,59,194,209,148,144,166,225,36,005,011800,36005011800,2020,245,206,1145,1596
"Census Tract 119, Bronx County, New York",1763,333,176,137,97,127,126,78,51,45,127,137,133,67,19,89,21,36,005,011900,36005011900,2020,743,427,593,1763
"Census Tract 121.01, Bronx County, New York",941,148,65,48,46,32,38,64,35,65,25,100,118,38,36,27,56,36,005,012101,36005012101,2020,307,234,400,941
"Census Tract 121.02, Bronx County, New York",533,40,120,43,82,84,18,1,14,34,4,15,1,36,41,0,0,36,005,012102,36005012102,2020,285,151,97,533
"Census Tract 123, Bronx County, New York",1510,219,217,112,60,11,103,120,149,37,89,91,109,9,27,35,122,36,005,012300,36005012300,2020,608,420,482,1510
"Census Tract 125, Bronx County, New York",1260,230,19,37,181,0,89,127,14,32,100,89,133,71,90,25,23,36,005,012500,36005012500,2020,467,262,531,1260
"Census Tract 127.01, Bronx County, New York",732,126,47,31,25,28,107,10,47,19,57,96,66,49,9,6,9,36,005,012701,36005012701,2020,229,211,292,732
"Census Tract 129.01, Bronx County, New York",1590,174,276,68,137,149,123,100,29,78,134,84,70,101,27,40,0,36,005,012901,36005012901,2020,655,479,456,1590
"Census Tract 130, Bronx County, New York",461,12,18,6,89,0,10,16,5,10,45,18,36,35,22,87,52,36,005,013000,36005013000,2020,125,41,295,461
"Census Tract 131, Bronx County, New York",2098,473,344,125,72,79,52,137,141,0,117,93,353,25,56,9,22,36,005,013100,36005013100,2020,1014,409,675,2098
"Census Tract 132, Bronx County, New York",2596,161,56,11,109,33,0,63,56,32,72,317,174,207,409,541,355,36,005,013200,36005013200,2020,337,184,2075,2596
"Census Tract 133, Bronx County, New York",2276,480,120,176,156,19,77,45,115,75,236,447,69,176,14,0,71,36,005,013300,36005013300,2020,932,331,1013,2276
"Census Tract 135, Bronx County, New York",1473,434,112,71,86,78,64,56,123,98,35,70,66,50,60,22,48,36,005,013500,36005013500,2020,703,419,351,1473
"Census Tract 138, Bronx County, New York",1152,57,128,36,28,21,67,24,24,66,68,109,149,82,162,54,77,36,005,013800,36005013800,2020,249,202,701,1152
"Census Tract 141, Bronx County, New York",2527,493,310,275,89,107,207,133,123,79,82,168,209,107,73,36,36,36,005,014100,36005014100,2020,1167,649,711,2527
"Census Tract 143, Bronx County, New York",649,146,131,34,30,32,54,16,22,57,70,21,3,25,8,0,0,36,005,014300,36005014300,2020,341,181,127,649
"Census Tract 144, Bronx County, New York",2393,679,403,162,214,86,50,93,139,46,120,33,50,122,80,50,66,36,005,014400,36005014400,2020,1458,414,521,2393
"Census Tract 145, Bronx County, New York",2355,358,208,189,110,163,131,482,79,48,199,80,63,30,155,39,21,36,005,014500,36005014500,2020,865,903,587,2355
"Census Tract 147.01, Bronx County, New York",2026,466,173,137,211,45,184,111,335,40,107,72,56,44,45,0,0,36,005,014701,36005014701,2020,987,715,324,2026
"Census Tract 147.02, Bronx County, New York",1893,279,262,225,36,133,44,45,114,85,49,275,298,24,0,24,0,36,005,014702,36005014702,2020,802,421,670,1893
"Census Tract 149, Bronx County, New York",1484,279,202,163,151,41,132,64,30,43,129,40,123,25,15,47,0,36,005,014900,36005014900,2020,795,310,379,1484
"Census Tract 151, Bronx County, New York",2027,248,137,212,285,275,42,68,12,89,119,214,201,103,0,22,0,36,005,015100,36005015100,2020,882,486,659,2027
"Census Tract 152, Bronx County, New York",962,48,21,31,54,34,19,35,47,12,73,64,172,173,51,72,56,36,005,015200,36005015200,2020,154,147,661,962
"Census Tract 153, Bronx County, New York",1645,322,160,102,136,22,172,3,18,64,336,55,111,32,17,49,46,36,005,015300,36005015300,2020,720,279,646,1645
"Census Tract 155, Bronx County, New York",1082,168,100,125,108,50,107,19,106,13,9,96,50,89,15,27,0,36,005,015500,36005015500,2020,501,295,286,1082
"Census Tract 157, Bronx County, New York",1650,265,196,174,36,93,85,133,66,62,70,94,103,42,57,107,67,36,005,015700,36005015700,2020,671,439,540,1650
"Census Tract 158, Bronx County, New York",441,72,10,0,7,38,19,11,6,0,46,68,25,46,35,16,42,36,005,015800,36005015800,2020,89,74,278,441
"Census Tract 159, Bronx County, New York",772,193,188,27,0,44,22,0,0,7,19,65,115,54,5,14,19,36,005,015900,36005015900,2020,408,73,291,772
"Census Tract 160, Bronx County, New York",1488,82,68,42,45,17,14,27,74,0,105,129,332,141,162,107,143,36,005,016000,36005016000,2020,237,132,1119,1488
"Census Tract 161, Bronx County, New York",1880,351,312,328,85,93,36,108,71,38,118,38,138,36,85,43,0,36,005,016100,36005016100,2020,1076,346,458,1880
"Census Tract 162, Bronx County, New York",537,13,25,24,53,12,5,35,4,22,8,24,82,59,26,69,76,36,005,016200,36005016200,2020,115,78,344,537
"Census Tract 163, Bronx County, New York",0,0,0,0,0,0,0,0,0,0,0,0,0,0,0,0,0,36,005,016300,36005016300,2020,0,0,0,0
"Census Tract 164, Bronx County, New York",415,42,32,24,0,0,0,10,12,11,38,47,71,34,34,34,26,36,005,016400,36005016400,2020,98,33,284,415
"Census Tract 165, Bronx County, New York",320,35,35,26,29,55,21,0,10,0,45,17,28,15,0,0,4,36,005,016500,36005016500,2020,125,86,109,320
"Census Tract 166, Bronx County, New York",776,20,4,48,30,41,18,30,29,0,44,49,184,56,53,89,81,36,005,016600,36005016600,2020,102,118,556,776
"Census Tract 167, Bronx County, New York",1085,168,127,50,18,137,86,36,19,48,12,81,155,75,51,22,0,36,005,016700,36005016700,2020,363,326,396,1085
"Census Tract 169, Bronx County, New York",541,44,59,26,28,12,28,44,29,72,34,76,18,23,31,11,6,36,005,016900,36005016900,2020,157,185,199,541
"Census Tract 171, Bronx County, New York",0,0,0,0,0,0,0,0,0,0,0,0,0,0,0,0,0,36,005,017100,36005017100,2020,0,0,0,0
"Census Tract 173, Bronx County, New York",2094,312,662,49,97,57,17,153,108,25,229,92,116,46,67,64,0,36,005,017300,36005017300,2020,1120,360,614,2094
"Census Tract 175, Bronx County, New York",2858,405,537,263,281,170,101,141,0,216,88,79,440,97,40,0,0,36,005,017500,36005017500,2020,1486,628,744,2858
"Census Tract 177.01, Bronx County, New York",1223,200,171,155,86,15,80,10,83,53,12,156,69,77,0,14,42,36,005,017701,36005017701,2020,612,241,370,1223
"Census Tract 177.02, Bronx County, New York",1539,260,68,76,138,48,121,39,103,14,137,114,91,169,58,73,30,36,005,017702,36005017702,2020,542,325,672,1539
"Census Tract 179.01, Bronx County, New York",1605,235,101,179,36,33,155,39,159,20,119,221,196,33,34,37,8,36,005,017901,36005017901,2020,551,406,648,1605
"Census Tract 179.02, Bronx County, New York",1252,184,133,86,44,40,132,0,81,15,179,139,156,13,7,43,0,36,005,017902,36005017902,2020,447,268,537,1252
"Census Tract 181.01, Bronx County, New York",1009,147,36,216,66,1,0,0,47,128,67,76,118,25,53,29,0,36,005,018101,36005018101,2020,465,176,368,1009
"Census Tract 181.02, Bronx County, New York",2100,267,531,81,138,99,151,69,44,32,158,196,89,130,61,24,30,36,005,018102,36005018102,2020,1017,395,688,2100
"Census Tract 183.01, Bronx County, New York",2074,225,197,147,134,54,102,144,85,45,116,209,200,133,82,109,92,36,005,018301,36005018301,2020,703,430,941,2074
"Census Tract 183.02, Bronx County, New York",1406,76,62,115,12,95,124,49,129,72,103,277,121,106,16,23,26,36,005,018302,36005018302,2020,265,469,672,1406
"Census Tract 184, Bronx County, New York",1438,84,55,58,10,38,45,37,31,11,41,162,112,341,177,208,28,36,005,018400,36005018400,2020,207,162,1069,1438
"Census Tract 185.01, Bronx County, New York",1115,285,66,28,36,52,60,37,58,146,240,57,7,0,0,14,29,36,005,018501,36005018501,2020,415,353,347,1115
"Census Tract 185.02, Bronx County, New York",2023,279,348,255,186,57,24,137,182,113,48,171,162,61,0,0,0,36,005,018502,36005018502,2020,1068,513,442,2023
"Census Tract 189, Bronx County, New York",2753,416,276,285,192,211,49,131,145,73,199,304,222,182,0,40,28,36,005,018900,36005018900,2020,1169,609,975,2753
"Census Tract 193, Bronx County, New York",2440,537,140,150,229,122,98,116,148,58,230,128,395,47,0,0,42,36,005,019300,36005019300,2020,1056,542,842,2440
"Census Tract 194, Bronx County, New York",718,74,28,30,4,42,18,15,19,35,30,143,75,43,34,58,70,36,005,019400,36005019400,2020,136,129,453,718
"Census Tract 195, Bronx County, New York",2572,391,215,166,173,252,183,187,118,116,155,345,93,92,27,28,31,36,005,019500,36005019500,2020,945,856,771,2572
