GEOID,NAME,source,B19001_001E,B19001_002E,B19001_003E,B19001_004E,B19001_005E,B19001_006E,B19001_007E,B19001_008E,B19001_009E,B19001_010E,B19001_011E,B19001_012E,B19001_013E,B19001_014E,B19001_015E,B19001_016E,B19001_017E,n_low,n_mid,n_high,n_i_sum,year
36005000100,"Census Tract 1, Bronx, NY",censusreporter:acs2024_5yr,0.0,0.0,0.0,0.0,0.0,0.0,0.0,0.0,0.0,0.0,0.0,0.0,0.0,0.0,0.0,0.0,0.0,0.0,0.0,0.0,0.0,2024
36005000200,"Census Tract 2, Bronx, NY",censusreporter:acs2024_5yr,1416.0,65.0,27.0,0.0,43.0,0.0,96.0,0.0,0.0,0.0,43.0,112.0,181.0,233.0,155.0,136.0,325.0,135.0,96.0,1185.0,1416.0,2024
36005000400,"Census Tract 4, Bronx, NY",censusreporter:acs2024_5yr,2218.0,94.0,89.0,23.0,19.0,11.0,21.0,21.0,53.0,53.0,243.0,74.0,346.0,242.0,54.0,662.0,213.0,225.0,159.0,1834.0,2218.0,2024
36005001600,"Census Tract 16, Bronx, NY",censusreporter:acs2024_5yr,2083.0,149.0,145.0,97.0,161.0,92.0,40.0,149.0,88.0,81.0,169.0,165.0,277.0,112.0,83.0,73.0,202.0,552.0,450.0,1081.0,2083.0,2024
36005001901,"Census Tract 19.01, Bronx, NY",censusreporter:acs2024_5yr,1149.0,73.0,53.0,130.0,77.0,45.0,87.0,18.0,12.0,43.0,48.0,121.0,81.0,155.0,30.0,50.0,126.0,333.0,205.0,611.0,1149.0,2024
36005001902,"Census Tract 19.02, Bronx, NY",censusreporter:acs2024_5yr,624.0,147.0,19.0,8.0,36.0,0.0,0.0,0.0,32.0,101.0,0.0,55.0,41.0,0.0,24.0,139.0,22.0,210.0,133.0,281.0,624.0,2024
36005001903,"Census Tract 19.03, Bronx, NY",censusreporter:acs2024_5yr,0.0,0.0,0.0,0.0,0.0,0.0,0.0,0.0,0.0,0.0,0.0,0.0,0.0,0.0,0.0,0.0,0.0,0.0,0.0,0.0,0.0,2024
36005001904,"Census Tract 19.04, Bronx, NY",censusreporter:acs2024_5yr,0.0,0.0,0.0,0.0,0.0,0.0,0.0,0.0,0.0,0.0,0.0,0.0,0.0,0.0,0.0,0.0,0.0,0.0,0.0,0.0,0.0,2024
36005002001,"Census Tract 20.01, Bronx, NY",censusreporter:acs2024_5yr,1729.0,291.0,343.0,200.0,117.0,156.0,0.0,57.0,181.0,17.0,35.0,101.0,129.0,39.0,63.0,0.0,0.0,951.0,411.0,367.0,1729.0,2024
36005002002,"Census Tract 20.02, Bronx, NY",censusreporter:acs2024_5yr,1808.0,211.0,516.0,291.0,74.0,31.0,0.0,0.0,73.0,64.0,21.0,0.0,231.0,80.0,196.0,0.0,20.0,1092.0,168.0,548.0,1808.0,2024
36005002300,"Census Tract 23, Bronx, NY",censusreporter:acs2024_5yr,1904.0,654.0,233.0,161.0,137.0,81.0,80.0,72.0,31.0,55.0,22.0,154.0,76.0,104.0,0.0,44.0,0.0,1185.0,319.0,400.0,1904.0,2024
36005002400,"Census Tract 24, Bronx, NY",censusreporter:acs2024_5yr,0.0,0.0,0.0,0.0,0.0,0.0,0.0,0.0,0.0,0.0,0.0,0.0,0.0,0.0,0.0,0.0,0.0,0.0,0.0,0.0,0.0,2024
36005002500,"Census Tract 25, Bronx, NY",censusreporter:acs2024_5yr,1872.0,172.0,210.0,127.0,192.0,99.0,109.0,192.0,143.0,94.0,240.0,130.0,94.0,47.0,0.0,23.0,0.0,701.0,637.0,534.0,1872.0,2024
36005002701,"Census Tract 27.01, Bronx, NY",censusreporter:acs2024_5yr,1197.0,215.0,265.0,105.0,129.0,15.0,125.0,75.0,27.0,61.0,0.0,78.0,45.0,42.0,15.0,0.0,0.0,714.0,303.0,180.0,1197.0,2024
36005002702,"Census Tract 27.02, Bronx, NY",censusreporter:acs2024_5yr,1528.0,365.0,164.0,92.0,89.0,20.0,95.0,170.0,46.0,38.0,139.0,51.0,27.0,34.0,137.0,24.0,37.0,710.0,369.0,449.0,1528.0,2024
36005002800,"Census Tract 28, Bronx, NY",censusreporter:acs2024_5yr,2806.0,114.0,33.0,94.0,158.0,63.0,122.0,141.0,192.0,328.0,175.0,210.0,579.0,171.0,78.0,188.0,160.0,399.0,846.0,1561.0,2806.0,2024
36005003100,"Census Tract 31, Bronx, NY",censusreporter:acs2024_5yr,1162.0,27.0,38.0,28.0,27.0,90.0,83.0,159.0,85.0,11.0,42.0,238.0,201.0,98.0,11.0,24.0,0.0,120.0,428.0,614.0,1162.0,2024
36005003300,"Census Tract 33, Bronx, NY",censusreporter:acs2024_5yr,1243.0,247.0,166.0,110.0,25.0,57.0,32.0,0.0,73.0,33.0,63.0,53.0,46.0,111.0,13.0,142.0,72.0,548.0,195.0,500.0,1243.0,2024
36005003500,"Census Tract 35, Bronx, NY",censusreporter:acs2024_5yr,1428.0,224.0,72.0,37.0,24.0,119.0,34.0,335.0,30.0,27.0,166.0,58.0,94.0,67.0,24.0,16.0,101.0,357.0,545.0,526.0,1428.0,2024
36005003700,"Census Tract 37, Bronx, NY",censusreporter:acs2024_5yr,149.0,21.0,0.0,0.0,0.0,0.0,0.0,8.0,32.0,8.0,26.0,22.0,22.0,10.0,0.0,0.0,0.0,21.0,48.0,80.0,149.0,2024
36005003800,"Census Tract 38, Bronx, NY",censusreporter:acs2024_5yr,392.0,35.0,23.0,0.0,39.0,9.0,0.0,19.0,47.0,0.0,35.0,32.0,27.0,38.0,39.0,12.0,37.0,97.0,75.0,220.0,392.0,2024
36005003900,"Census Tract 39, Bronx, NY",censusreporter:acs2024_5yr,2197.0,205.0,654.0,209.0,0.0,192.0,92.0,0.0,0.0,24.0,173.0,74.0,79.0,143.0,154.0,134.0,64.0,1068.0,308.0,821.0,2197.0,2024
36005004001,"Census Tract 40.01, Bronx, NY",censusreporter:acs2024_5yr,489.0,9.0,0.0,5.0,32.0,26.0,1.0,53.0,12.0,0.0,24.0,52.0,72.0,35.0,39.0,66.0,63.0,46.0,92.0,351.0,489.0,2024
36005004100,"Census Tract 41, Bronx, NY",censusreporter:acs2024_5yr,2468.0,737.0,572.0,225.0,219.0,77.0,14.0,0.0,236.0,0.0,89.0,41.0,72.0,0.0,46.0,28.0,112.0,1753.0,327.0,388.0,2468.0,2024
36005004200,"Census Tract 42, Bronx, NY",censusreporter:acs2024_5yr,2839.0,173.0,287.0,48.0,99.0,132.0,191.0,36.0,81.0,201.0,283.0,175.0,467.0,161.0,278.0,112.0,115.0,607.0,641.0,1591.0,2839.0,2024
36005004300,"Census Tract 43, Bronx, NY",censusreporter:acs2024_5yr,2230.0,471.0,496.0,112.0,45.0,59.0,117.0,58.0,77.0,0.0,105.0,250.0,206.0,68.0,49.0,88.0,29.0,1124.0,311.0,795.0,2230.0,2024
36005004400,"Census Tract 44, Bronx, NY",censusreporter:acs2024_5yr,1539.0,325.0,238.0,108.0,114.0,34.0,81.0,52.0,48.0,93.0,46.0,19.0,96.0,88.0,30.0,53.0,114.0,785.0,308.0,446.0,1539.0,2024
36005004600,"Census Tract 46, Bronx, NY",censusreporter:acs2024_5yr,664.0,145.0,68.0,47.0,59.0,7.0,33.0,37.0,47.0,11.0,35.0,63.0,25.0,67.0,20.0,0.0,0.0,319.0,135.0,210.0,664.0,2024
36005004800,"Census Tract 48, Bronx, NY",censusreporter:acs2024_5yr,1498.0,305.0,44.0,76.0,124.0,142.0,42.0,55.0,13.0,127.0,89.0,55.0,177.0,128.0,101.0,20.0,0.0,549.0,379.0,570.0,1498.0,2024
36005005001,"Census Tract 50.01, Bronx, NY",censusreporter:acs2024_5yr,1406.0,188.0,127.0,80.0,109.0,107.0,121.0,51.0,46.0,80.0,72.0,109.0,122.0,97.0,28.0,42.0,27.0,504.0,405.0,497.0,1406.0,2024
36005005002,"Census Tract 50.02, Bronx, NY",censusreporter:acs2024_5yr,1880.0,207.0,203.0,115.0,140.0,197.0,87.0,120.0,0.0,72.0,86.0,210.0,264.0,38.0,31.0,0.0,110.0,665.0,476.0,739.0,1880.0,2024
36005005100,"Census Tract 51, Bronx, NY",censusreporter:acs2024_5yr,2930.0,556.0,264.0,131.0,448.0,295.0,109.0,125.0,340.0,0.0,0.0,186.0,81.0,98.0,0.0,239.0,58.0,1399.0,869.0,662.0,2930.0,2024
36005005200,"Census Tract 52, Bronx, NY",censusreporter:acs2024_5yr,813.0,128.0,72.0,43.0,80.0,21.0,32.0,34.0,8.0,73.0,127.0,63.0,95.0,37.0,0.0,0.0,0.0,323.0,168.0,322.0,813.0,2024
36005005300,"Census Tract 53, Bronx, NY",censusreporter:acs2024_5yr,1614.0,459.0,266.0,64.0,229.0,60.0,70.0,84.0,98.0,24.0,75.0,147.0,24.0,0.0,0.0,14.0,0.0,1018.0,336.0,260.0,1614.0,2024
36005005400,"Census Tract 54, Bronx, NY",censusreporter:acs2024_5yr,1756.0,129.0,129.0,100.0,12.0,128.0,57.0,128.0,77.0,59.0,94.0,304.0,142.0,144.0,82.0,108.0,63.0,370.0,449.0,937.0,1756.0,2024
36005005600,"Census Tract 56, Bronx, NY",censusreporter:acs2024_5yr,1006.0,43.0,136.0,133.0,71.0,32.0,55.0,0.0,49.0,50.0,68.0,51.0,90.0,38.0,51.0,49.0,90.0,383.0,186.0,437.0,1006.0,2024
36005005902,"Census Tract 59.02, Bronx, NY",censusreporter:acs2024_5yr,1288.0,60.0,167.0,32.0,70.0,0.0,132.0,64.0,56.0,45.0,51.0,69.0,236.0,61.0,0.0,127.0,118.0,329.0,297.0,662.0,1288.0,2024
36005006000,"Census Tract 60, Bronx, NY",censusreporter:acs2024_5yr,386.0,35.0,43.0,5.0,0.0,7.0,17.0,8.0,11.0,0.0,50.0,9.0,118.0,40.0,20.0,9.0,14.0,83.0,43.0,260.0,386.0,2024
36005006100,"Census Tract 61, Bronx, NY",censusreporter:acs2024_5yr,1875.0,143.0,26.0,79.0,150.0,56.0,16.0,32.0,3.0,76.0,89.0,280.0,541.0,219.0,94.0,60.0,11.0,398.0,183.0,1294.0,1875.0,2024
36005006200,"Census Tract 62, Bronx, NY",censusreporter:acs2024_5yr,2544.0,498.0,295.0,69.0,201.0,335.0,71.0,66.0,17.0,257.0,126.0,234.0,194.0,0.0,170.0,0.0,11.0,1063.0,746.0,735.0,2544.0,2024
36005006301,"Census Tract 63.01, Bronx, NY",censusreporter:acs2024_5yr,3045.0,434.0,178.0,336.0,24.0,11.0,28.0,0.0,53.0,281.0,180.0,359.0,203.0,146.0,59.0,155.0,598.0,972.0,373.0,1700.0,3045.0,2024
36005006302,"Census Tract 63.02, Bronx, NY",censusreporter:acs2024_5yr,0.0,0.0,0.0,0.0,0.0,0.0,0.0,0.0,0.0,0.0,0.0,0.0,0.0,0.0,0.0,0.0,0.0,0.0,0.0,0.0,0.0,2024
36005006400,"Census Tract 64, Bronx, NY",censusreporter:acs2024_5yr,1574.0,330.0,152.0,0.0,103.0,54.0,51.0,73.0,126.0,174.0,148.0,88.0,120.0,34.0,48.0,31.0,42.0,585.0,478.0,511.0,1574.0,2024
36005006500,"Census Tract 65, Bronx, NY",censusreporter:acs2024_5yr,2245.0,509.0,339.0,234.0,111.0,85.0,19.0,39.0,145.0,55.0,0.0,284.0,164.0,124.0,37.0,83.0,17.0,1193.0,343.0,709.0,2245.0,2024
36005006700,"Census Tract 67, Bronx, NY",censusreporter:acs2024_5yr,2640.0,376.0,326.0,351.0,121.0,121.0,327.0,68.0,161.0,76.0,106.0,257.0,93.0,0.0,0.0,210.0,47.0,1174.0,753.0,713.0,2640.0,2024
36005006800,"Census Tract 68, Bronx, NY",censusreporter:acs2024_5yr,893.0,105.0,23.0,94.0,35.0,120.0,94.0,139.0,64.0,0.0,18.0,24.0,96.0,35.0,9.0,6.0,31.0,257.0,417.0,219.0,893.0,2024
36005006900,"Census Tract 69, Bronx, NY",censusreporter:acs2024_5yr,2705.0,652.0,413.0,110.0,0.0,341.0,252.0,129.0,150.0,0.0,142.0,154.0,179.0,130.0,0.0,0.0,53.0,1175.0,872.0,658.0,2705.0,2024
36005007000,"Census Tract 70, Bronx, NY",censusreporter:acs2024_5yr,1447.0,312.0,29.0,136.0,0.0,40.0,91.0,114.0,9.0,10.0,137.0,95.0,128.0,79.0,89.0,114.0,64.0,477.0,264.0,706.0,1447.0,2024
36005007100,"Census Tract 71, Bronx, NY",censusreporter:acs2024_5yr,1530.0,404.0,182.0,36.0,163.0,93.0,87.0,23.0,25.0,47.0,35.0,102.0,76.0,48.0,77.0,81.0,51.0,785.0,275.0,470.0,1530.0,2024
36005007200,"Census Tract 72, Bronx, NY",censusreporter:acs2024_5yr,1625.0,183.0,101.0,53.0,45.0,38.0,49.0,17.0,159.0,55.0,142.0,176.0,160.0,88.0,115.0,84.0,160.0,382.0,318.0,925.0,1625.0,2024
36005007300,"Census Tract 73, Bronx, NY",censusreporter:acs2024_5yr,1602.0,470.0,33.0,17.0,133.0,149.0,112.0,194.0,40.0,151.0,76.0,46.0,65.0,13.0,0.0,103.0,0.0,653.0,646.0,303.0,1602.0,2024
36005007400,"Census Tract 74, Bronx, NY",censusreporter:acs2024_5yr,1429.0,167.0,64.0,55.0,12.0,134.0,39.0,17.0,150.0,35.0,2.0,83.0,192.0,137.0,110.0,90.0,142.0,298.0,375.0,756.0,1429.0,2024
36005007500,"Census Tract 75, Bronx, NY",censusreporter:acs2024_5yr,2430.0,398.0,319.0,181.0,142.0,34.0,165.0,187.0,14.0,38.0,265.0,204.0,41.0,182.0,96.0,102.0,62.0,1040.0,438.0,952.0,2430.0,2024
36005007600,"Census Tract 76, Bronx, NY",censusreporter:acs2024_5yr,1822.0,236.0,80.0,102.0,116.0,126.0,30.0,109.0,36.0,35.0,142.0,205.0,198.0,87.0,63.0,129.0,128.0,534.0,336.0,952.0,1822.0,2024
36005007700,"Census Tract 77, Bronx, NY",censusreporter:acs2024_5yr,601.0,115.0,12.0,12.0,0.0,0.0,65.0,0.0,60.0,28.0,76.0,82.0,39.0,42.0,10.0,60.0,0.0,139.0,153.0,309.0,601.0,2024
36005007800,"Census Tract 78, Bronx, NY",censusreporter:acs2024_5yr,1932.0,251.0,98.0,119.0,159.0,124.0,12.0,0.0,55.0,208.0,70.0,75.0,255.0,43.0,106.0,239.0,118.0,627.0,399.0,906.0,1932.0,2024
36005007900,"Census Tract 79, Bronx, NY",censusreporter:acs2024_5yr,2225.0,580.0,9.0,94.0,42.0,198.0,0.0,163.0,114.0,139.0,283.0,119.0,136.0,152.0,36.0,121.0,39.0,725.0,614.0,886.0,2225.0,2024
36005008300,"Census Tract 83, Bronx, NY",censusreporter:acs2024_5yr,2213.0,297.0,242.0,29.0,153.0,124.0,0.0,41.0,128.0,169.0,230.0,115.0,132.0,201.0,111.0,53.0,188.0,721.0,462.0,1030.0,2213.0,2024
36005008400,"Census Tract 84, Bronx, NY",censusreporter:acs2024_5yr,1023.0,20.0,30.0,31.0,41.0,0.0,0.0,34.0,182.0,16.0,136.0,85.0,172.0,25.0,45.0,49.0,157.0,122.0,232.0,669.0,1023.0,2024
36005008500,"Census Tract 85, Bronx, NY",censusreporter:acs2024_5yr,2189.0,171.0,229.0,200.0,99.0,175.0,58.0,106.0,92.0,93.0,51.0,165.0,297.0,233.0,103.0,42.0,75.0,699.0,524.0,966.0,2189.0,2024
36005008600,"Census Tract 86, Bronx, NY",censusreporter:acs2024_5yr,1550.0,371.0,228.0,168.0,117.0,123.0,46.0,0.0,36.0,152.0,105.0,135.0,55.0,0.0,0.0,0.0,14.0,884.0,357.0,309.0,1550.0,2024
36005008700,"Census Tract 87, Bronx, NY",censusreporter:acs2024_5yr,2091.0,262.0,157.0,216.0,177.0,82.0,45.0,94.0,250.0,176.0,36.0,248.0,141.0,30.0,33.0,123.0,21.0,812.0,647.0,632.0,2091.0,2024
36005008900,"Census Tract 89, Bronx, NY",censusreporter:acs2024_5yr,1346.0,93.0,248.0,28.0,161.0,33.0,76.0,115.0,125.0,146.0,18.0,169.0,84.0,15.0,0.0,0.0,35.0,530.0,495.0,321.0,1346.0,2024
36005009000,"Census Tract 90, Bronx, NY",censusreporter:acs2024_5yr,1281.0,205.0,170.0,86.0,79.0,42.0,0.0,81.0,106.0,42.0,242.0,41.0,74.0,8.0,34.0,37.0,34.0,540.0,271.0,470.0,1281.0,2024
36005009200,"Census Tract 92, Bronx, NY",censusreporter:acs2024_5yr,1872.0,64.0,64.0,154.0,46.0,191.0,76.0,141.0,94.0,37.0,127.0,208.0,226.0,70.0,70.0,160.0,144.0,328.0,539.0,1005.0,1872.0,2024
36005009301,"Census Tract 93.01, Bronx, NY",censusreporter:acs2024_5yr,1912.0,281.0,48.0,67.0,84.0,43.0,83.0,83.0,109.0,153.0,233.0,38.0,213.0,89.0,23.0,303.0,62.0,480.0,471.0,961.0,1912.0,2024
36005009302,"Census Tract 93.02, Bronx, NY",censusreporter:acs2024_5yr,0.0,0.0,0.0,0.0,0.0,0.0,0.0,0.0,0.0,0.0,0.0,0.0,0.0,0.0,0.0,0.0,0.0,0.0,0.0,0.0,0.0,2024
36005009600,"Census Tract 96, Bronx, NY",censusreporter:acs2024_5yr,818.0,134.0,95.0,56.0,12.0,24.0,26.0,0.0,39.0,37.0,70.0,73.0,71.0,76.0,16.0,51.0,38.0,297.0,126.0,395.0,818.0,2024
36005009800,"Census Tract 98, Bronx, NY",censusreporter:acs2024_5yr,1669.0,96.0,46.0,59.0,28.0,50.0,0.0,90.0,105.0,26.0,231.0,67.0,103.0,479.0,113.0,88.0,88.0,229.0,271.0,1169.0,1669.0,2024
36005011000,"Census Tract 110, Bronx, NY",censusreporter:acs2024_5yr,0.0,0.0,0.0,0.0,0.0,0.0,0.0,0.0,0.0,0.0,0.0,0.0,0.0,0.0,0.0,0.0,0.0,0.0,0.0,0.0,0.0,2024
36005011502,"Census Tract 115.02, Bronx, NY",censusreporter:acs2024_5yr,1513.0,160.0,85.0,181.0,161.0,147.0,121.0,56.0,54.0,78.0,155.0,42.0,102.0,0.0,144.0,7.0,20.0,587.0,456.0,470.0,1513.0,2024
36005011701,"Census Tract 117.01, Bronx, NY",censusreporter:acs2024_5yr,474.0,90.0,10.0,17.0,49.0,0.0,19.0,70.0,68.0,22.0,45.0,16.0,37.0,0.0,10.0,21.0,0.0,166.0,179.0,129.0,474.0,2024
36005011702,"Census Tract 117.02, Bronx, NY",censusreporter:acs2024_5yr,0.0,0.0,0.0,0.0,0.0,0.0,0.0,0.0,0.0,0.0,0.0,0.0,0.0,0.0,0.0,0.0,0.0,0.0,0.0,0.0,0.0,2024
36005011800,"Census Tract 118, Bronx, NY",censusreporter:acs2024_5yr,1517.0,100.0,60.0,19.0,48.0,51.0,39.0,33.0,12.0,164.0,73.0,62.0,173.0,126.0,74.0,283.0,200.0,227.0,299.0,991.0,1517.0,2024
36005011900,"Census Tract 119, Bronx, NY",censusreporter:acs2024_5yr,1875.0,206.0,110.0,155.0,112.0,70.0,130.0,106.0,65.0,17.0,56.0,265.0,113.0,107.0,55.0,285.0,23.0,583.0,388.0,904.0,1875.0,2024
36005012101,"Census Tract 121.01, Bronx, NY",censusreporter:acs2024_5yr,1057.0,242.0,107.0,68.0,22.0,27.0,64.0,24.0,57.0,62.0,108.0,25.0,105.0,41.0,22.0,61.0,22.0,439.0,234.0,384.0,1057.0,2024
36005012102,"Census Tract 121.02, Bronx, NY",censusreporter:acs2024_5yr,572.0,85.0,142.0,0.0,45.0,50.0,45.0,0.0,0.0,58.0,20.0,42.0,18.0,26.0,0.0,40.0,1.0,272.0,153.0,147.0,572.0,2024
36005012300,"Census Tract 123, Bronx, NY",censusreporter:acs2024_5yr,1772.0,322.0,236.0,51.0,104.0,73.0,38.0,153.0,13.0,129.0,131.0,144.0,114.0,35.0,79.0,6.0,144.0,713.0,406.0,653.0,1772.0,2024
36005012500,"Census Tract 125, Bronx, NY",censusreporter:acs2024_5yr,1449.0,93.0,52.0,122.0,90.0,78.0,16.0,0.0,96.0,53.0,195.0,224.0,96.0,37.0,53.0,189.0,55.0,357.0,243.0,849.0,1449.0,2024
36005012701,"Census Tract 127.01, Bronx, NY",censusreporter:acs2024_5yr,745.0,56.0,83.0,58.0,64.0,66.0,52.0,45.0,0.0,16.0,34.0,77.0,66.0,28.0,63.0,37.0,0.0,261.0,179.0,305.0,745.0,2024
36005012901,"Census Tract 129.01, Bronx, NY",censusreporter:acs2024_5yr,1744.0,224.0,285.0,122.0,189.0,0.0,10.0,55.0,178.0,34.0,67.0,221.0,171.0,179.0,9.0,0.0,0.0,820.0,277.0,647.0,1744.0,2024
36005013000,"Census Tract 130, Bronx, NY",censusreporter:acs2024_5yr,472.0,6.0,0.0,28.0,0.0,94.0,16.0,7.0,16.0,0.0,81.0,18.0,42.0,30.0,6.0,51.0,77.0,34.0,133.0,305.0,472.0,2024
36005013100,"Census Tract 131, Bronx, NY",censusreporter:acs2024_5yr,2225.0,463.0,302.0,378.0,134.0,0.0,31.0,43.0,183.0,101.0,18.0,126.0,154.0,82.0,121.0,52.0,37.0,1277.0,358.0,590.0,2225.0,2024
36005013200,"Census Tract 132, Bronx, NY",censusreporter:acs2024_5yr,2605.0,194.0,0.0,20.0,100.0,20.0,34.0,103.0,232.0,70.0,75.0,159.0,180.0,339.0,188.0,465.0,426.0,314.0,459.0,1832.0,2605.0,2024
36005013300,"Census Tract 133, Bronx, NY",censusreporter:acs2024_5yr,2269.0,809.0,130.0,17.0,104.0,135.0,206.0,196.0,199.0,58.0,53.0,48.0,157.0,34.0,28.0,95.0,0.0,1060.0,794.0,415.0,2269.0,2024
36005013500,"Census Tract 135, Bronx, NY",censusreporter:acs2024_5yr,1534.0,237.0,275.0,107.0,76.0,184.0,38.0,36.0,46.0,121.0,13.0,197.0,13.0,175.0,0.0,16.0,0.0,695.0,425.0,414.0,1534.0,2024
36005013800,"Census Tract 138, Bronx, NY",censusreporter:acs2024_5yr,1255.0,195.0,0.0,9.0,14.0,47.0,7.0,45.0,31.0,34.0,44.0,177.0,115.0,57.0,143.0,196.0,141.0,218.0,164.0,873.0,1255.0,2024
36005014100,"Census Tract 141, Bronx, NY",censusreporter:acs2024_5yr,3034.0,248.0,428.0,168.0,326.0,130.0,101.0,205.0,119.0,45.0,135.0,287.0,320.0,116.0,87.0,158.0,161.0,1170.0,600.0,1264.0,3034.0,2024
36005014300,"Census Tract 143, Bronx, NY",censusreporter:acs2024_5yr,743.0,202.0,204.0,65.0,11.0,0.0,19.0,33.0,0.0,17.0,115.0,21.0,0.0,12.0,44.0,0.0,0.0,482.0,69.0,192.0,743.0,2024
36005014400,"Census Tract 144, Bronx, NY",censusreporter:acs2024_5yr,2428.0,437.0,370.0,165.0,107.0,129.0,65.0,76.0,45.0,129.0,87.0,49.0,204.0,258.0,155.0,68.0,84.0,1079.0,444.0,905.0,2428.0,2024
36005014500,"Census Tract 145, Bronx, NY",censusreporter:acs2024_5yr,2433.0,544.0,268.0,139.0,215.0,209.0,43.0,176.0,339.0,29.0,314.0,64.0,91.0,0.0,0.0,0.0,2.0,1166.0,796.0,471.0,2433.0,2024
36005014701,"Census Tract 147.01, Bronx, NY",censusreporter:acs2024_5yr,2009.0,233.0,503.0,171.0,0.0,21.0,60.0,221.0,236.0,277.0,39.0,167.0,0.0,20.0,0.0,61.0,0.0,907.0,815.0,287.0,2009.0,2024
36005014702,"Census Tract 147.02, Bronx, NY",censusreporter:acs2024_5yr,1924.0,281.0,467.0,97.0,172.0,75.0,66.0,65.0,64.0,52.0,117.0,188.0,236.0,0.0,44.0,0.0,0.0,1017.0,322.0,585.0,1924.0,2024
36005014900,"Census Tract 149, Bronx, NY",censusreporter:acs2024_5yr,1546.0,417.0,130.0,55.0,71.0,16.0,62.0,125.0,0.0,64.0,27.0,91.0,142.0,89.0,104.0,0.0,153.0,673.0,267.0,606.0,1546.0,2024
36005015100,"Census Tract 151, Bronx, NY",censusreporter:acs2024_5yr,2117.0,176.0,258.0,85.0,151.0,280.0,241.0,41.0,8.0,56.0,58.0,174.0,332.0,103.0,50.0,33.0,71.0,670.0,626.0,821.0,2117.0,2024
36005015200,"Census Tract 152, Bronx, NY",censusreporter:acs2024_5yr,986.0,35.0,40.0,15.0,7.0,16.0,85.0,50.0,16.0,0.0,97.0,74.0,173.0,131.0,107.0,80.0,60.0,97.0,167.0,722.0,986.0,2024
36005015300,"Census Tract 153, Bronx, NY",censusreporter:acs2024_5yr,1781.0,254.0,253.0,19.0,144.0,136.0,120.0,83.0,33.0,0.0,88.0,292.0,148.0,88.0,29.0,77.0,17.0,670.0,372.0,739.0,1781.0,2024
36005015500,"Census Tract 155, Bronx, NY",censusreporter:acs2024_5yr,1064.0,201.0,103.0,79.0,23.0,0.0,21.0,55.0,60.0,68.0,149.0,14.0,133.0,17.0,122.0,0.0,19.0,406.0,204.0,454.0,1064.0,2024
36005015700,"Census Tract 157, Bronx, NY",censusreporter:acs2024_5yr,2321.0,234.0,150.0,51.0,37.0,274.0,167.0,41.0,165.0,69.0,258.0,253.0,270.0,107.0,153.0,20.0,72.0,472.0,716.0,1133.0,2321.0,2024
36005015800,"Census Tract 158, Bronx, NY",censusreporter:acs2024_5yr,534.0,85.0,14.0,11.0,6.0,25.0,0.0,9.0,22.0,0.0,0.0,71.0,106.0,34.0,9.0,37.0,105.0,116.0,56.0,362.0,534.0,2024
36005015900,"Census Tract 159, Bronx, NY",censusreporter:acs2024_5yr,1023.0,86.0,123.0,200.0,66.0,133.0,11.0,9.0,45.0,8.0,44.0,45.0,109.0,84.0,35.0,0.0,25.0,475.0,206.0,342.0,1023.0,2024
36005016000,"Census Tract 160, Bronx, NY",censusreporter:acs2024_5yr,1521.0,131.0,0.0,88.0,90.0,34.0,27.0,80.0,10.0,77.0,56.0,88.0,208.0,150.0,97.0,145.0,240.0,309.0,228.0,984.0,1521.0,2024
36005016100,"Census Tract 161, Bronx, NY",censusreporter:acs2024_5yr,2224.0,661.0,260.0,108.0,204.0,97.0,35.0,82.0,108.0,114.0,130.0,178.0,34.0,30.0,19.0,164.0,0.0,1233.0,436.0,555.0,2224.0,2024
36005016200,"Census Tract 162, Bronx, NY",censusreporter:acs2024_5yr,509.0,17.0,0.0,0.0,20.0,0.0,8.0,0.0,6.0,31.0,24.0,48.0,69.0,48.0,39.0,35.0,164.0,37.0,45.0,427.0,509.0,2024
36005016300,"Census Tract 163, Bronx, NY",censusreporter:acs2024_5yr,0.0,0.0,0.0,0.0,0.0,0.0,0.0,0.0,0.0,0.0,0.0,0.0,0.0,0.0,0.0,0.0,0.0,0.0,0.0,0.0,0.0,2024
36005016400,"Census Tract 164, Bronx, NY",censusreporter:acs2024_5yr,392.0,50.0,16.0,22.0,14.0,8.0,22.0,26.0,0.0,0.0,0.0,66.0,24.0,20.0,24.0,59.0,41.0,102.0,56.0,234.0,392.0,2024
36005016500,"Census Tract 165, Bronx, NY",censusreporter:acs2024_5yr,376.0,14.0,15.0,0.0,51.0,0.0,12.0,0.0,10.0,41.0,46.0,13.0,56.0,32.0,24.0,62.0,0.0,80.0,63.0,233.0,376.0,2024
36005016600,"Census Tract 166, Bronx, NY",censusreporter:acs2024_5yr,802.0,59.0,0.0,14.0,0.0,21.0,15.0,11.0,43.0,5.0,33.0,31.0,102.0,200.0,34.0,134.0,100.0,73.0,95.0,634.0,802.0,2024
36005016700,"Census Tract 167, Bronx, NY",censusreporter:acs2024_5yr,1154.0,123.0,86.0,17.0,143.0,37.0,119.0,6.0,37.0,110.0,83.0,129.0,122.0,43.0,26.0,43.0,30.0,369.0,309.0,476.0,1154.0,2024
36005016900,"Census Tract 169, Bronx, NY",censusreporter:acs2024_5yr,607.0,102.0,45.0,28.0,29.0,22.0,0.0,22.0,69.0,0.0,165.0,73.0,17.0,8.0,0.0,27.0,0.0,204.0,113.0,290.0,607.0,2024
36005017100,"Census Tract 171, Bronx, NY",censusreporter:acs2024_5yr,0.0,0.0,0.0,0.0,0.0,0.0,0.0,0.0,0.0,0.0,0.0,0.0,0.0,0.0,0.0,0.0,0.0,0.0,0.0,0.0,0.0,2024
36005017300,"Census Tract 173, Bronx, NY",censusreporter:acs2024_5yr,2276.0,471.0,322.0,270.0,59.0,0.0,52.0,48.0,87.0,41.0,20.0,180.0,119.0,356.0,171.0,80.0,0.0,1122.0,228.0,926.0,2276.0,2024
36005017500,"Census Tract 175, Bronx, NY",censusreporter:acs2024_5yr,2975.0,823.0,577.0,129.0,123.0,84.0,199.0,214.0,62.0,146.0,78.0,322.0,127.0,43.0,0.0,48.0,0.0,1652.0,705.0,618.0,2975.0,2024
36005017701,"Census Tract 177.01, Bronx, NY",censusreporter:acs2024_5yr,1462.0,111.0,151.0,56.0,0.0,0.0,68.0,24.0,21.0,144.0,82.0,297.0,162.0,57.0,194.0,61.0,34.0,318.0,257.0,887.0,1462.0,2024
36005017702,"Census Tract 177.02, Bronx, NY",censusreporter:acs2024_5yr,1675.0,213.0,203.0,15.0,103.0,0.0,160.0,142.0,77.0,26.0,272.0,0.0,100.0,10.0,162.0,137.0,55.0,534.0,405.0,736.0,1675.0,2024
36005017901,"Census Tract 179.01, Bronx, NY",censusreporter:acs2024_5yr,1688.0,185.0,144.0,23.0,15.0,44.0,0.0,258.0,120.0,71.0,155.0,164.0,222.0,105.0,81.0,31.0,70.0,367.0,493.0,828.0,1688.0,2024
36005017902,"Census Tract 179.02, Bronx, NY",censusreporter:acs2024_5yr,1216.0,48.0,54.0,5.0,113.0,60.0,75.0,150.0,195.0,40.0,55.0,145.0,131.0,0.0,23.0,80.0,42.0,220.0,520.0,476.0,1216.0,2024
36005018101,"Census Tract 181.01, Bronx, NY",censusreporter:acs2024_5yr,1084.0,215.0,71.0,61.0,53.0,15.0,0.0,52.0,0.0,0.0,261.0,87.0,20.0,81.0,29.0,104.0,35.0,400.0,67.0,617.0,1084.0,2024
36005018102,"Census Tract 181.02, Bronx, NY",censusreporter:acs2024_5yr,2150.0,275.0,468.0,191.0,39.0,47.0,136.0,42.0,52.0,68.0,51.0,190.0,278.0,136.0,53.0,92.0,32.0,973.0,345.0,832.0,2150.0,2024
36005018301,"Census Tract 183.01, Bronx, NY",censusreporter:acs2024_5yr,1934.0,147.0,189.0,158.0,184.0,56.0,76.0,56.0,61.0,142.0,60.0,121.0,156.0,104.0,139.0,148.0,137.0,678.0,391.0,865.0,1934.0,2024
36005018302,"Census Tract 183.02, Bronx, NY",censusreporter:acs2024_5yr,1452.0,147.0,8.0,144.0,62.0,15.0,39.0,79.0,25.0,40.0,68.0,226.0,437.0,55.0,47.0,60.0,0.0,361.0,198.0,893.0,1452.0,2024
36005018400,"Census Tract 184, Bronx, NY",censusreporter:acs2024_5yr,1340.0,68.0,122.0,0.0,38.0,29.0,0.0,31.0,35.0,78.0,98.0,34.0,155.0,100.0,176.0,250.0,126.0,228.0,173.0,939.0,1340.0,2024
36005018501,"Census Tract 185.01, Bronx, NY",censusreporter:acs2024_5yr,1466.0,225.0,240.0,68.0,52.0,53.0,0.0,18.0,0.0,99.0,183.0,146.0,81.0,130.0,40.0,131.0,0.0,585.0,170.0,711.0,1466.0,2024
36005018502,"Census Tract 185.02, Bronx, NY",censusreporter:acs2024_5yr,2106.0,402.0,370.0,86.0,85.0,188.0,102.0,0.0,37.0,21.0,202.0,165.0,209.0,148.0,15.0,58.0,18.0,943.0,348.0,815.0,2106.0,2024
36005018900,"Census Tract 189, Bronx, NY",censusreporter:acs2024_5yr,3050.0,431.0,235.0,73.0,69.0,91.0,89.0,44.0,69.0,91.0,443.0,286.0,601.0,82.0,195.0,158.0,93.0,808.0,384.0,1858.0,3050.0,2024
36005019300,"Census Tract 193, Bronx, NY",censusreporter:acs2024_5yr,2519.0,255.0,204.0,38.0,0.0,240.0,296.0,24.0,92.0,184.0,148.0,359.0,419.0,120.0,140.0,0.0,0.0,497.0,836.0,1186.0,2519.0,2024
36005019400,"Census Tract 194, Bronx, NY",censusreporter:acs2024_5yr,696.0,46.0,0.0,21.0,23.0,8.0,24.0,30.0,8.0,12.0,11.0,40.0,106.0,171.0,50.0,46.0,100.0,90.0,82.0,524.0,696.0,2024
36005019500,"Census Tract 195, Bronx, NY",censusreporter:acs2024_5yr,2703.0,440.0,38.0,219.0,246.0,121.0,31.0,158.0,57.0,167.0,298.0,211.0,324.0,89.0,107.0,153.0,44.0,943.0,534.0,1226.0,2703.0,2024
36005019700,"Census Tract 197, Bronx, NY",censusreporter:acs2024_5yr,2528.0,270.0,651.0,47.0,260.0,205.0,15.0,30.0,223.0,26.0,118.0,144.0,199.0,43.0,71.0,141.0,85.0,1228.0,499.0,801.0,2528.0,2024
36005019900,"Census Tract 199, Bronx, NY",censusreporter:acs2024_5yr,3185.0,462.0,206.0,135.0,253.0,451.0,118.0,69.0,98.0,95.0,212.0,345.0,211.0,302.0,73.0,155.0,0.0,1056.0,831.0,1298.0,3185.0,2024
36005020000,"Census Tract 200, Bronx, NY",censusreporter:acs2024_5yr,1430.0,228.0,20.0,39.0,152.0,39.0,57.0,48.0,84.0,121.0,24.0,131.0,89.0,141.0,28.0,82.0,147.0,439.0,349.0,642.0,1430.0,2024
36005020100,"Census Tract 201, Bronx, NY",censusreporter:acs2024_5yr,1406.0,267.0,40.0,196.0,23.0,105.0,168.0,56.0,17.0,0.0,240.0,22.0,119.0,112.0,0.0,41.0,0.0,526.0,346.0,534.0,1406.0,2024
36005020200,"Census Tract 202, Bronx, NY",censusreporter:acs2024_5yr,975.0,62.0,28.0,127.0,31.0,64.0,31.0,19.0,64.0,10.0,198.0,95.0,73.0,63.0,68.0,28.0,14.0,248.0,188.0,539.0,975.0,2024
36005020400,"Census Tract 204, Bronx, NY",censusreporter:acs2024_5yr,988.0,67.0,63.0,67.0,82.0,96.0,0.0,35.0,0.0,11.0,114.0,111.0,111.0,132.0,46.0,39.0,14.0,279.0,142.0,567.0,988.0,2024
36005020501,"Census Tract 205.01, Bronx, NY",censusreporter:acs2024_5yr,2681.0,564.0,442.0,49.0,200.0,91.0,32.0,223.0,11.0,166.0,299.0,45.0,273.0,121.0,0.0,32.0,133.0,1255.0,523.0,903.0,2681.0,2024
36005020502,"Census Tract 205.02, Bronx, NY",censusreporter:acs2024_5yr,1040.0,213.0,112.0,22.0,26.0,80.0,11.0,64.0,20.0,55.0,121.0,63.0,12.0,94.0,83.0,27.0,37.0,373.0,230.0,437.0,1040.0,2024
36005020601,"Census Tract 206.01, Bronx, NY",censusreporter:acs2024_5yr,937.0,61.0,135.0,37.0,31.0,7.0,0.0,33.0,0.0,0.0,78.0,52.0,103.0,134.0,134.0,40.0,92.0,264.0,40.0,633.0,937.0,2024
36005020900,"Census Tract 209, Bronx, NY",censusreporter:acs2024_5yr,1944.0,241.0,165.0,180.0,88.0,88.0,121.0,125.0,56.0,102.0,57.0,330.0,167.0,91.0,118.0,0.0,15.0,674.0,492.0,778.0,1944.0,2024
36005021001,"Census Tract 210.01, Bronx, NY",censusreporter:acs2024_5yr,3563.0,272.0,210.0,163.0,272.0,197.0,306.0,183.0,97.0,51.0,119.0,485.0,475.0,202.0,140.0,348.0,43.0,917.0,834.0,1812.0,3563.0,2024
36005021002,"Census Tract 210.02, Bronx, NY",censusreporter:acs2024_5yr,3158.0,239.0,110.0,147.0,189.0,126.0,186.0,143.0,104.0,48.0,152.0,193.0,365.0,208.0,541.0,271.0,136.0,685.0,607.0,1866.0,3158.0,2024
36005021100,"Census Tract 211, Bronx, NY",censusreporter:acs2024_5yr,2002.0,131.0,149.0,97.0,254.0,14.0,196.0,5.0,45.0,70.0,228.0,222.0,158.0,179.0,0.0,92.0,162.0,631.0,330.0,1041.0,2002.0,2024
36005021200,"Census Tract 212, Bronx, NY",censusreporter:acs2024_5yr,2325.0,120.0,82.0,103.0,142.0,195.0,69.0,59.0,208.0,57.0,84.0,283.0,209.0,328.0,296.0,51.0,39.0,447.0,588.0,1290.0,2325.0,2024
36005021301,"Census Tract 213.01, Bronx, NY",censusreporter:acs2024_5yr,447.0,36.0,91.0,11.0,30.0,23.0,16.0,19.0,16.0,22.0,20.0,61.0,19.0,52.0,17.0,14.0,0.0,168.0,96.0,183.0,447.0,2024
36005021302,"Census Tract 213.02, Bronx, NY",censusreporter:acs2024_5yr,2324.0,323.0,310.0,199.0,69.0,25.0,68.0,270.0,82.0,193.0,133.0,28.0,237.0,204.0,19.0,54.0,110.0,901.0,638.0,785.0,2324.0,2024
36005021501,"Census Tract 215.01, Bronx, NY",censusreporter:acs2024_5yr,1348.0,185.0,51.0,111.0,23.0,88.0,183.0,84.0,82.0,47.0,101.0,113.0,59.0,30.0,35.0,66.0,90.0,370.0,484.0,494.0,1348.0,2024
36005021502,"Census Tract 215.02, Bronx, NY",censusreporter:acs2024_5yr,2322.0,857.0,228.0,41.0,339.0,98.0,30.0,34.0,48.0,0.0,96.0,254.0,114.0,168.0,0.0,0.0,15.0,1465.0,210.0,647.0,2322.0,2024
36005021601,"Census Tract 216.01, Bronx, NY",censusreporter:acs2024_5yr,1582.0,268.0,67.0,74.0,83.0,109.0,232.0,58.0,12.0,24.0,83.0,146.0,162.0,196.0,13.0,37.0,18.0,492.0,435.0,655.0,1582.0,2024
36005021602,"Census Tract 216.02, Bronx, NY",censusreporter:acs2024_5yr,2345.0,122.0,92.0,61.0,113.0,33.0,70.0,218.0,142.0,128.0,304.0,395.0,307.0,125.0,110.0,49.0,76.0,388.0,591.0,1366.0,2345.0,2024
36005021700,"Census Tract 217, Bronx, NY",censusreporter:acs2024_5yr,1939.0,354.0,89.0,144.0,64.0,222.0,21.0,158.0,186.0,111.0,138.0,180.0,47.0,95.0,0.0,93.0,37.0,651.0,698.0,590.0,1939.0,2024
36005021800,"Census Tract 218, Bronx, NY",censusreporter:acs2024_5yr,2329.0,171.0,214.0,138.0,0.0,95.0,233.0,40.0,176.0,0.0,94.0,211.0,412.0,292.0,43.0,148.0,62.0,523.0,544.0,1262.0,2329.0,2024
36005021900,"Census Tract 219, Bronx, NY",censusreporter:acs2024_5yr,489.0,33.0,53.0,23.0,22.0,18.0,12.0,54.0,4.0,56.0,71.0,29.0,21.0,18.0,37.0,11.0,27.0,131.0,144.0,214.0,489.0,2024
36005022000,"Census Tract 220, Bronx, NY",censusreporter:acs2024_5yr,650.0,198.0,104.0,1.0,39.0,5.0,47.0,81.0,6.0,4.0,17.0,49.0,53.0,2.0,0.0,10.0,34.0,342.0,143.0,165.0,650.0,2024
36005022101,"Census Tract 221.01, Bronx, NY",censusreporter:acs2024_5yr,1339.0,173.0,24.0,90.0,10.0,141.0,46.0,63.0,41.0,58.0,108.0,221.0,57.0,205.0,54.0,48.0,0.0,297.0,349.0,693.0,1339.0,2024
36005022102,"Census Tract 221.02, Bronx, NY",censusreporter:acs2024_5yr,1681.0,147.0,207.0,95.0,207.0,103.0,107.0,61.0,77.0,0.0,87.0,104.0,64.0,237.0,54.0,113.0,18.0,656.0,348.0,677.0,1681.0,2024
36005022200,"Census Tract 222, Bronx, NY",censusreporter:acs2024_5yr,1089.0,98.0,46.0,85.0,53.0,45.0,72.0,13.0,113.0,52.0,90.0,57.0,80.0,83.0,65.0,101.0,36.0,282.0,295.0,512.0,1089.0,2024
36005022300,"Census Tract 223, Bronx, NY",censusreporter:acs2024_5yr,2103.0,303.0,128.0,76.0,176.0,93.0,96.0,142.0,15.0,377.0,286.0,197.0,154.0,14.0,28.0,0.0,18.0,683.0,723.0,697.0,2103.0,2024
36005022401,"Census Tract 224.01, Bronx, NY",censusreporter:acs2024_5yr,965.0,185.0,0.0,44.0,9.0,46.0,26.0,39.0,36.0,72.0,79.0,69.0,38.0,146.0,18.0,90.0,68.0,238.0,219.0,508.0,965.0,2024
36005022403,"Census Tract 224.03, Bronx, NY",censusreporter:acs2024_5yr,1154.0,89.0,18.0,37.0,79.0,61.0,51.0,25.0,47.0,0.0,85.0,93.0,164.0,131.0,100.0,112.0,62.0,223.0,184.0,747.0,1154.0,2024
36005022404,"Census Tract 224.04, Bronx, NY",censusreporter:acs2024_5yr,1875.0,112.0,69.0,126.0,103.0,83.0,77.0,59.0,66.0,58.0,100.0,203.0,270.0,189.0,79.0,140.0,141.0,410.0,343.0,1122.0,1875.0,2024
36005022500,"Census Tract 225, Bronx, NY",censusreporter:acs2024_5yr,2225.0,134.0,274.0,62.0,105.0,144.0,132.0,50.0,56.0,152.0,230.0,104.0,161.0,219.0,286.0,79.0,37.0,575.0,534.0,1116.0,2225.0,2024
36005022701,"Census Tract 227.01, Bronx, NY",censusreporter:acs2024_5yr,2025.0,160.0,47.0,310.0,156.0,181.0,61.0,167.0,157.0,44.0,65.0,174.0,194.0,180.0,1.0,27.0,101.0,673.0,610.0,742.0,2025.0,2024
36005022702,"Census Tract 227.02, Bronx, NY",censusreporter:acs2024_5yr,545.0,58.0,99.0,44.0,30.0,29.0,19.0,35.0,48.0,0.0,33.0,60.0,79.0,11.0,0.0,0.0,0.0,231.0,131.0,183.0,545.0,2024
36005022703,"Census Tract 227.03, Bronx, NY",censusreporter:acs2024_5yr,695.0,75.0,51.0,93.0,32.0,12.0,14.0,0.0,19.0,8.0,36.0,50.0,163.0,65.0,43.0,24.0,10.0,251.0,53.0,391.0,695.0,2024
36005022800,"Census Tract 228, Bronx, NY",censusreporter:acs2024_5yr,2381.0,171.0,51.0,58.0,25.0,112.0,10.0,85.0,28.0,0.0,337.0,234.0,235.0,336.0,129.0,432.0,138.0,305.0,235.0,1841.0,2381.0,2024
36005022901,"Census Tract 229.01, Bronx, NY",censusreporter:acs2024_5yr,1970.0,229.0,226.0,202.0,174.0,0.0,33.0,0.0,16.0,89.0,268.0,119.0,131.0,110.0,102.0,207.0,64.0,831.0,138.0,1001.0,1970.0,2024
36005022902,"Census Tract 229.02, Bronx, NY",censusreporter:acs2024_5yr,1186.0,63.0,83.0,52.0,145.0,67.0,30.0,105.0,42.0,45.0,144.0,65.0,64.0,53.0,58.0,170.0,0.0,343.0,289.0,554.0,1186.0,2024
36005023000,"Census Tract 230, Bronx, NY",censusreporter:acs2024_5yr,965.0,21.0,22.0,142.0,21.0,29.0,84.0,68.0,50.0,0.0,144.0,127.0,115.0,33.0,17.0,14.0,78.0,206.0,231.0,528.0,965.0,2024
36005023100,"Census Tract 231, Bronx, NY",censusreporter:acs2024_5yr,404.0,39.0,58.0,12.0,19.0,30.0,27.0,20.0,8.0,0.0,0.0,58.0,86.0,31.0,0.0,12.0,4.0,128.0,85.0,191.0,404.0,2024
36005023200,"Census Tract 232, Bronx, NY",censusreporter:acs2024_5yr,867.0,115.0,67.0,40.0,29.0,29.0,16.0,48.0,51.0,36.0,19.0,124.0,122.0,60.0,29.0,37.0,45.0,251.0,180.0,436.0,867.0,2024
36005023301,"Census Tract 233.01, Bronx, NY",censusreporter:acs2024_5yr,1622.0,300.0,204.0,142.0,31.0,8.0,86.0,111.0,0.0,140.0,165.0,220.0,107.0,11.0,10.0,21.0,66.0,677.0,345.0,600.0,1622.0,2024
36005023302,"Census Tract 233.02, Bronx, NY",censusreporter:acs2024_5yr,1082.0,161.0,18.0,70.0,0.0,118.0,0.0,0.0,10.0,24.0,51.0,115.0,228.0,141.0,50.0,45.0,51.0,249.0,152.0,681.0,1082.0,2024
36005023501,"Census Tract 235.01, Bronx, NY",censusreporter:acs2024_5yr,1211.0,422.0,98.0,87.0,41.0,10.0,6.0,120.0,9.0,40.0,0.0,38.0,66.0,157.0,0.0,99.0,18.0,648.0,185.0,378.0,1211.0,2024
36005023502,"Census Tract 235.02, Bronx, NY",censusreporter:acs2024_5yr,1703.0,182.0,193.0,90.0,277.0,17.0,33.0,36.0,94.0,92.0,37.0,52.0,180.0,205.0,24.0,83.0,108.0,742.0,272.0,689.0,1703.0,2024
36005023600,"Census Tract 236, Bronx, NY",censusreporter:acs2024_5yr,566.0,27.0,35.0,16.0,7.0,22.0,31.0,53.0,21.0,35.0,42.0,30.0,43.0,69.0,21.0,84.0,30.0,85.0,162.0,319.0,566.0,2024
36005023702,"Census Tract 237.02, Bronx, NY",censusreporter:acs2024_5yr,317.0,33.0,26.0,34.0,18.0,27.0,21.0,0.0,30.0,9.0,0.0,20.0,20.0,8.0,0.0,56.0,15.0,111.0,87.0,119.0,317.0,2024
36005023703,"Census Tract 237.03, Bronx, NY",censusreporter:acs2024_5yr,1835.0,480.0,174.0,90.0,114.0,46.0,86.0,54.0,56.0,163.0,197.0,65.0,206.0,87.0,17.0,0.0,0.0,858.0,405.0,572.0,1835.0,2024
36005023704,"Census Tract 237.04, Bronx, NY",censusreporter:acs2024_5yr,1392.0,182.0,78.0,127.0,158.0,12.0,156.0,112.0,116.0,94.0,12.0,67.0,96.0,38.0,74.0,46.0,24.0,545.0,490.0,357.0,1392.0,2024
36005023800,"Census Tract 238, Bronx, NY",censusreporter:acs2024_5yr,802.0,56.0,24.0,32.0,16.0,43.0,39.0,61.0,22.0,20.0,52.0,69.0,93.0,80.0,80.0,47.0,68.0,128.0,185.0,489.0,802.0,2024
36005023900,"Census Tract 239, Bronx, NY",censusreporter:acs2024_5yr,2583.0,382.0,399.0,29.0,234.0,29.0,155.0,92.0,0.0,93.0,67.0,187.0,370.0,186.0,177.0,92.0,91.0,1044.0,369.0,1170.0,2583.0,2024
36005024000,"Census Tract 240, Bronx, NY",censusreporter:acs2024_5yr,1319.0,0.0,35.0,87.0,78.0,60.0,59.0,23.0,21.0,65.0,52.0,201.0,91.0,132.0,176.0,92.0,147.0,200.0,228.0,891.0,1319.0,2024
36005024100,"Census Tract 241, Bronx, NY",censusreporter:acs2024_5yr,2309.0,628.0,377.0,141.0,49.0,153.0,68.0,0.0,163.0,22.0,23.0,69.0,171.0,445.0,0.0,0.0,0.0,1195.0,406.0,708.0,2309.0,2024
36005024300,"Census Tract 243, Bronx, NY",censusreporter:acs2024_5yr,2007.0,522.0,162.0,57.0,181.0,69.0,108.0,153.0,33.0,52.0,218.0,86.0,152.0,28.0,74.0,92.0,20.0,922.0,415.0,670.0,2007.0,2024
36005024400,"Census Tract 244, Bronx, NY",censusreporter:acs2024_5yr,830.0,55.0,24.0,33.0,9.0,12.0,0.0,19.0,20.0,78.0,43.0,92.0,152.0,94.0,87.0,35.0,77.0,121.0,129.0,580.0,830.0,2024
36005024501,"Census Tract 245.01, Bronx, NY",censusreporter:acs2024_5yr,1630.0,305.0,245.0,12.0,22.0,0.0,100.0,69.0,35.0,125.0,110.0,170.0,180.0,84.0,47.0,69.0,57.0,584.0,329.0,717.0,1630.0,2024
36005024502,"Census Tract 245.02, Bronx, NY",censusreporter:acs2024_5yr,1256.0,143.0,128.0,0.0,20.0,83.0,149.0,0.0,18.0,55.0,19.0,175.0,107.0,41.0,124.0,111.0,83.0,291.0,305.0,660.0,1256.0,2024
36005024600,"Census Tract 246, Bronx, NY",censusreporter:acs2024_5yr,774.0,18.0,6.0,0.0,21.0,74.0,0.0,39.0,34.0,18.0,41.0,40.0,121.0,205.0,36.0,59.0,62.0,45.0,165.0,564.0,774.0,2024
36005024700,"Census Tract 247, Bronx, NY",censusreporter:acs2024_5yr,735.0,47.0,52.0,26.0,50.0,10.0,75.0,23.0,71.0,24.0,39.0,109.0,82.0,66.0,27.0,16.0,18.0,175.0,203.0,357.0,735.0,2024
36005024800,"Census Tract 248, Bronx, NY",censusreporter:acs2024_5yr,1250.0,48.0,55.0,69.0,41.0,61.0,27.0,104.0,27.0,16.0,162.0,93.0,134.0,140.0,67.0,54.0,152.0,213.0,235.0,802.0,1250.0,2024
36005024900,"Census Tract 249, Bronx, NY",censusreporter:acs2024_5yr,0.0,0.0,0.0,0.0,0.0,0.0,0.0,0.0,0.0,0.0,0.0,0.0,0.0,0.0,0.0,0.0,0.0,0.0,0.0,0.0,0.0,2024
36005025000,"Census Tract 250, Bronx, NY",censusreporter:acs2024_5yr,905.0,63.0,9.0,10.0,0.0,6.0,33.0,55.0,27.0,28.0,53.0,127.0,30.0,135.0,68.0,141.0,120.0,82.0,149.0,674.0,905.0,2024
36005025100,"Census Tract 251, Bronx, NY",censusreporter:acs2024_5yr,2314.0,150.0,257.0,172.0,135.0,206.0,175.0,141.0,30.0,148.0,154.0,0.0,84.0,225.0,301.0,37.0,99.0,714.0,700.0,900.0,2314.0,2024
36005025200,"Census Tract 252, Bronx, NY",censusreporter:acs2024_5yr,921.0,20.0,7.0,32.0,14.0,0.0,19.0,0.0,0.0,29.0,139.0,133.0,132.0,146.0,76.0,86.0,88.0,73.0,48.0,800.0,921.0,2024
36005025300,"Census Tract 253, Bronx, NY",censusreporter:acs2024_5yr,1862.0,350.0,159.0,76.0,68.0,49.0,148.0,47.0,102.0,21.0,89.0,80.0,227.0,251.0,71.0,124.0,0.0,653.0,367.0,842.0,1862.0,2024
36005025400,"Census Tract 254, Bronx, NY",censusreporter:acs2024_5yr,833.0,61.0,23.0,14.0,37.0,60.0,0.0,7.0,6.0,0.0,78.0,49.0,159.0,67.0,56.0,89.0,127.0,135.0,73.0,625.0,833.0,2024
36005025500,"Census Tract 255, Bronx, NY",censusreporter:acs2024_5yr,2311.0,250.0,319.0,124.0,56.0,75.0,216.0,34.0,43.0,58.0,232.0,295.0,151.0,146.0,206.0,106.0,0.0,749.0,426.0,1136.0,2311.0,2024
36005025600,"Census Tract 256, Bronx, NY",censusreporter:acs2024_5yr,626.0,36.0,5.0,0.0,47.0,103.0,0.0,1.0,6.0,17.0,83.0,104.0,68.0,25.0,40.0,40.0,51.0,88.0,127.0,411.0,626.0,2024
36005025700,"Census Tract 257, Bronx, NY",censusreporter:acs2024_5yr,656.0,156.0,65.0,8.0,15.0,62.0,15.0,15.0,0.0,23.0,43.0,66.0,34.0,66.0,62.0,0.0,26.0,244.0,115.0,297.0,656.0,2024
36005026100,"Census Tract 261, Bronx, NY",censusreporter:acs2024_5yr,1126.0,231.0,0.0,69.0,12.0,24.0,1.0,87.0,87.0,0.0,62.0,40.0,155.0,66.0,72.0,145.0,75.0,312.0,199.0,615.0,1126.0,2024
36005026300,"Census Tract 263, Bronx, NY",censusreporter:acs2024_5yr,2248.0,219.0,201.0,179.0,124.0,120.0,39.0,179.0,134.0,94.0,177.0,122.0,234.0,208.0,152.0,66.0,0.0,723.0,566.0,959.0,2248.0,2024
36005026400,"Census Tract 264, Bronx, NY",censusreporter:acs2024_5yr,2227.0,169.0,14.0,92.0,0.0,79.0,96.0,146.0,138.0,19.0,323.0,89.0,395.0,28.0,223.0,143.0,273.0,275.0,478.0,1474.0,2227.0,2024
36005026500,"Census Tract 265, Bronx, NY",censusreporter:acs2024_5yr,2181.0,138.0,103.0,49.0,6.0,167.0,39.0,10.0,81.0,100.0,215.0,426.0,393.0,168.0,165.0,0.0,121.0,296.0,397.0,1488.0,2181.0,2024
36005026601,"Census Tract 266.01, Bronx, NY",censusreporter:acs2024_5yr,1400.0,223.0,90.0,24.0,95.0,101.0,31.0,16.0,10.0,95.0,76.0,116.0,204.0,43.0,156.0,18.0,102.0,432.0,253.0,715.0,1400.0,2024
36005026602,"Census Tract 266.02, Bronx, NY",censusreporter:acs2024_5yr,2532.0,254.0,119.0,177.0,58.0,97.0,12.0,255.0,66.0,114.0,192.0,274.0,236.0,272.0,67.0,215.0,124.0,608.0,544.0,1380.0,2532.0,2024
36005026701,"Census Tract 267.01, Bronx, NY",censusreporter:acs2024_5yr,1290.0,106.0,141.0,10.0,60.0,11.0,80.0,20.0,97.0,56.0,180.0,108.0,133.0,162.0,71.0,46.0,9.0,317.0,264.0,709.0,1290.0,2024
36005026702,"Census Tract 267.02, Bronx, NY",censusreporter:acs2024_5yr,2546.0,179.0,204.0,196.0,51.0,105.0,112.0,43.0,85.0,19.0,81.0,181.0,276.0,266.0,106.0,616.0,26.0,630.0,364.0,1552.0,2546.0,2024
36005026900,"Census Tract 269, Bronx, NY",censusreporter:acs2024_5yr,1926.0,303.0,449.0,71.0,58.0,152.0,54.0,58.0,65.0,22.0,30.0,107.0,259.0,97.0,136.0,45.0,20.0,881.0,351.0,694.0,1926.0,2024
36005027300,"Census Tract 273, Bronx, NY",censusreporter:acs2024_5yr,2979.0,382.0,205.0,22.0,264.0,161.0,204.0,26.0,76.0,90.0,476.0,182.0,391.0,172.0,115.0,167.0,46.0,873.0,557.0,1549.0,2979.0,2024
36005027401,"Census Tract 274.01, Bronx, NY",censusreporter:acs2024_5yr,1840.0,71.0,30.0,39.0,83.0,70.0,0.0,13.0,11.0,81.0,114.0,174.0,225.0,117.0,93.0,257.0,462.0,223.0,175.0,1442.0,1840.0,2024
36005027402,"Census Tract 274.02, Bronx, NY",censusreporter:acs2024_5yr,1316.0,65.0,65.0,35.0,8.0,101.0,0.0,6.0,18.0,49.0,0.0,84.0,175.0,147.0,48.0,204.0,311.0,173.0,174.0,969.0,1316.0,2024
36005027600,"Census Tract 276, Bronx, NY",censusreporter:acs2024_5yr,31.0,8.0,0.0,0.0,0.0,0.0,0.0,0.0,0.0,3.0,0.0,0.0,0.0,0.0,0.0,20.0,0.0,8.0,3.0,20.0,31.0,2024
36005027700,"Census Tract 277, Bronx, NY",censusreporter:acs2024_5yr,1790.0,180.0,164.0,167.0,121.0,115.0,72.0,54.0,22.0,0.0,123.0,65.0,261.0,58.0,59.0,245.0,84.0,632.0,263.0,895.0,1790.0,2024
36005027900,"Census Tract 279, Bronx, NY",censusreporter:acs2024_5yr,3017.0,91.0,23.0,156.0,174.0,122.0,119.0,198.0,49.0,171.0,153.0,340.0,306.0,235.0,364.0,367.0,149.0,444.0,659.0,1914.0,3017.0,2024
36005028100,"Census Tract 281, Bronx, NY",censusreporter:acs2024_5yr,1673.0,41.0,38.0,204.0,99.0,39.0,111.0,10.0,103.0,74.0,78.0,114.0,325.0,123.0,44.0,122.0,148.0,382.0,337.0,954.0,1673.0,2024
36005028300,"Census Tract 283, Bronx, NY",censusreporter:acs2024_5yr,1044.0,339.0,288.0,55.0,52.0,42.0,0.0,0.0,0.0,12.0,0.0,15.0,97.0,49.0,32.0,54.0,9.0,734.0,54.0,256.0,1044.0,2024
36005028400,"Census Tract 284, Bronx, NY",censusreporter:acs2024_5yr,0.0,0.0,0.0,0.0,0.0,0.0,0.0,0.0,0.0,0.0,0.0,0.0,0.0,0.0,0.0,0.0,0.0,0.0,0.0,0.0,0.0,2024
36005028500,"Census Tract 285, Bronx, NY",censusreporter:acs2024_5yr,1799.0,78.0,62.0,76.0,98.0,55.0,24.0,14.0,91.0,106.0,114.0,228.0,315.0,161.0,122.0,152.0,103.0,314.0,290.0,1195.0,1799.0,2024
36005028600,"Census Tract 286, Bronx, NY",censusreporter:acs2024_5yr,532.0,4.0,40.0,0.0,0.0,21.0,62.0,46.0,7.0,54.0,22.0,22.0,69.0,104.0,28.0,25.0,28.0,44.0,190.0,298.0,532.0,2024
36005028700,"Census Tract 287, Bronx, NY",censusreporter:acs2024_5yr,1244.0,0.0,18.0,61.0,35.0,0.0,30.0,109.0,4.0,137.0,213.0,79.0,82.0,170.0,134.0,55.0,117.0,114.0,280.0,850.0,1244.0,2024
36005028800,"Census Tract 288, Bronx, NY",censusreporter:acs2024_5yr,1046.0,72.0,43.0,28.0,15.0,0.0,0.0,32.0,0.0,29.0,47.0,117.0,179.0,133.0,52.0,230.0,69.0,158.0,61.0,827.0,1046.0,2024
36005028900,"Census Tract 289, Bronx, NY",censusreporter:acs2024_5yr,1861.0,73.0,72.0,11.0,19.0,72.0,126.0,151.0,94.0,79.0,176.0,260.0,223.0,181.0,141.0,106.0,77.0,175.0,522.0,1164.0,1861.0,2024
36005029301,"Census Tract 293.01, Bronx, NY",censusreporter:acs2024_5yr,939.0,47.0,17.0,21.0,7.0,15.0,14.0,0.0,37.0,24.0,25.0,13.0,124.0,76.0,88.0,125.0,306.0,92.0,90.0,757.0,939.0,2024
36005029302,"Census Tract 293.02, Bronx, NY",censusreporter:acs2024_5yr,2652.0,56.0,0.0,25.0,48.0,41.0,71.0,178.0,59.0,58.0,67.0,184.0,311.0,162.0,362.0,366.0,664.0,129.0,407.0,2116.0,2652.0,2024
36005029500,"Census Tract 295, Bronx, NY",censusreporter:acs2024_5yr,2014.0,67.0,0.0,24.0,23.0,18.0,86.0,27.0,0.0,169.0,110.0,274.0,263.0,155.0,103.0,274.0,421.0,114.0,300.0,1600.0,2014.0,2024
36005029600,"Census Tract 296, Bronx, NY",censusreporter:acs2024_5yr,1098.0,140.0,100.0,0.0,9.0,18.0,6.0,64.0,54.0,18.0,168.0,144.0,125.0,85.0,50.0,42.0,75.0,249.0,160.0,689.0,1098.0,2024
36005029700,"Census Tract 297, Bronx, NY",censusreporter:acs2024_5yr,1887.0,24.0,8.0,30.0,11.0,45.0,92.0,152.0,18.0,34.0,159.0,117.0,241.0,122.0,122.0,238.0,474.0,73.0,341.0,1473.0,1887.0,2024
36005030000,"Census Tract 300, Bronx, NY",censusreporter:acs2024_5yr,2560.0,105.0,119.0,125.0,93.0,25.0,53.0,56.0,139.0,42.0,233.0,241.0,331.0,97.0,183.0,357.0,361.0,442.0,315.0,1803.0,2560.0,2024
36005030100,"Census Tract 301, Bronx, NY",censusreporter:acs2024_5yr,692.0,36.0,24.0,10.0,27.0,42.0,8.0,27.0,7.0,16.0,72.0,37.0,164.0,54.0,30.0,32.0,106.0,97.0,100.0,495.0,692.0,2024
36005030201,"Census Tract 302.01, Bronx, NY",censusreporter:acs2024_5yr,1686.0,102.0,54.0,91.0,95.0,26.0,22.0,42.0,81.0,15.0,214.0,190.0,221.0,194.0,107.0,112.0,120.0,342.0,186.0,1158.0,1686.0,2024
36005030202,"Census Tract 302.02, Bronx, NY",censusreporter:acs2024_5yr,2683.0,106.0,198.0,74.0,55.0,0.0,165.0,160.0,122.0,70.0,197.0,201.0,495.0,442.0,138.0,214.0,46.0,433.0,517.0,1733.0,2683.0,2024
36005030701,"Census Tract 307.01, Bronx, NY",censusreporter:acs2024_5yr,2411.0,30.0,57.0,141.0,87.0,74.0,0.0,37.0,24.0,43.0,72.0,107.0,350.0,308.0,264.0,105.0,712.0,315.0,178.0,1918.0,2411.0,2024
36005030900,"Census Tract 309, Bronx, NY",censusreporter:acs2024_5yr,1442.0,10.0,15.0,43.0,13.0,71.0,14.0,13.0,11.0,31.0,151.0,82.0,172.0,98.0,75.0,146.0,497.0,81.0,140.0,1221.0,1442.0,2024
36005031000,"Census Tract 310, Bronx, NY",censusreporter:acs2024_5yr,1291.0,36.0,16.0,0.0,10.0,0.0,13.0,39.0,13.0,8.0,62.0,30.0,111.0,162.0,199.0,259.0,333.0,62.0,73.0,1156.0,1291.0,2024
36005031200,"Census Tract 312, Bronx, NY",censusreporter:acs2024_5yr,532.0,10.0,19.0,36.0,15.0,31.0,29.0,5.0,0.0,4.0,4.0,41.0,70.0,22.0,88.0,73.0,85.0,80.0,69.0,383.0,532.0,2024
36005031400,"Census Tract 314, Bronx, NY",censusreporter:acs2024_5yr,596.0,8.0,0.0,12.0,0.0,5.0,0.0,17.0,0.0,16.0,35.0,27.0,124.0,82.0,129.0,60.0,81.0,20.0,38.0,538.0,596.0,2024
36005031600,"Census Tract 316, Bronx, NY",censusreporter:acs2024_5yr,711.0,45.0,59.0,11.0,24.0,7.0,0.0,11.0,37.0,39.0,28.0,67.0,101.0,67.0,36.0,117.0,62.0,139.0,94.0,478.0,711.0,2024
36005031800,"Census Tract 318, Bronx, NY",censusreporter:acs2024_5yr,542.0,31.0,0.0,8.0,11.0,0.0,21.0,0.0,0.0,56.0,0.0,26.0,148.0,45.0,35.0,129.0,32.0,50.0,77.0,415.0,542.0,2024
36005031900,"Census Tract 319, Bronx, NY",censusreporter:acs2024_5yr,6.0,0.0,6.0,0.0,0.0,0.0,0.0,0.0,0.0,0.0,0.0,0.0,0.0,0.0,0.0,0.0,0.0,6.0,0.0,0.0,6.0,2024
36005032300,"Census Tract 323, Bronx, NY",censusreporter:acs2024_5yr,2690.0,54.0,41.0,15.0,63.0,116.0,111.0,0.0,63.0,227.0,30.0,235.0,425.0,290.0,81.0,464.0,475.0,173.0,517.0,2000.0,2690.0,2024
36005032400,"Census Tract 324, Bronx, NY",censusreporter:acs2024_5yr,1293.0,129.0,99.0,134.0,41.0,203.0,68.0,74.0,49.0,30.0,120.0,112.0,122.0,0.0,32.0,61.0,19.0,403.0,424.0,466.0,1293.0,2024
36005032600,"Census Tract 326, Bronx, NY",censusreporter:acs2024_5yr,1065.0,70.0,32.0,36.0,45.0,33.0,0.0,35.0,56.0,40.0,41.0,78.0,100.0,192.0,116.0,71.0,120.0,183.0,164.0,718.0,1065.0,2024
36005032800,"Census Tract 328, Bronx, NY",censusreporter:acs2024_5yr,1407.0,157.0,107.0,63.0,13.0,11.0,161.0,61.0,37.0,100.0,130.0,163.0,236.0,44.0,5.0,28.0,91.0,340.0,370.0,697.0,1407.0,2024
36005033000,"Census Tract 330, Bronx, NY",censusreporter:acs2024_5yr,2087.0,173.0,117.0,265.0,108.0,106.0,180.0,89.0,103.0,0.0,85.0,350.0,252.0,126.0,64.0,15.0,54.0,663.0,478.0,946.0,2087.0,2024
36005033201,"Census Tract 332.01, Bronx, NY",censusreporter:acs2024_5yr,2258.0,325.0,332.0,103.0,80.0,249.0,24.0,137.0,65.0,15.0,64.0,173.0,186.0,147.0,30.0,261.0,67.0,840.0,490.0,928.0,2258.0,2024
36005033202,"Census Tract 332.02, Bronx, NY",censusreporter:acs2024_5yr,1478.0,126.0,187.0,94.0,53.0,47.0,77.0,9.0,104.0,32.0,151.0,127.0,144.0,139.0,54.0,46.0,88.0,460.0,269.0,749.0,1478.0,2024
36005033400,"Census Tract 334, Bronx, NY",censusreporter:acs2024_5yr,8.0,0.0,0.0,0.0,0.0,0.0,0.0,0.0,4.0,0.0,0.0,4.0,0.0,0.0,0.0,0.0,0.0,0.0,4.0,4.0,8.0,2024
36005033500,"Census Tract 335, Bronx, NY",censusreporter:acs2024_5yr,801.0,9.0,49.0,31.0,0.0,10.0,0.0,0.0,35.0,11.0,56.0,33.0,73.0,168.0,18.0,65.0,243.0,89.0,56.0,656.0,801.0,2024
36005033601,"Census Tract 336.01, Bronx, NY",censusreporter:acs2024_5yr,2188.0,359.0,438.0,271.0,154.0,51.0,238.0,20.0,56.0,24.0,45.0,199.0,169.0,144.0,0.0,20.0,0.0,1222.0,389.0,577.0,2188.0,2024
36005033602,"Census Tract 336.02, Bronx, NY",censusreporter:acs2024_5yr,589.0,0.0,16.0,23.0,11.0,0.0,64.0,34.0,25.0,48.0,54.0,81.0,98.0,0.0,62.0,39.0,34.0,50.0,171.0,368.0,589.0,2024
36005033700,"Census Tract 337, Bronx, NY",censusreporter:acs2024_5yr,1049.0,36.0,32.0,22.0,0.0,19.0,41.0,0.0,33.0,48.0,31.0,110.0,100.0,49.0,65.0,70.0,393.0,90.0,141.0,818.0,1049.0,2024
36005033801,"Census Tract 338.01, Bronx, NY",censusreporter:acs2024_5yr,913.0,76.0,13.0,51.0,49.0,61.0,15.0,0.0,0.0,29.0,44.0,366.0,15.0,79.0,26.0,63.0,26.0,189.0,105.0,619.0,913.0,2024
36005033802,"Census Tract 338.02, Bronx, NY",censusreporter:acs2024_5yr,528.0,68.0,56.0,25.0,0.0,19.0,12.0,0.0,0.0,22.0,0.0,118.0,95.0,45.0,16.0,7.0,45.0,149.0,53.0,326.0,528.0,2024
36005034000,"Census Tract 340, Bronx, NY",censusreporter:acs2024_5yr,1762.0,128.0,64.0,54.0,166.0,36.0,55.0,13.0,53.0,161.0,147.0,232.0,163.0,135.0,169.0,87.0,99.0,412.0,318.0,1032.0,1762.0,2024
36005034200,"Census Tract 342, Bronx, NY",censusreporter:acs2024_5yr,625.0,16.0,42.0,50.0,27.0,8.0,0.0,0.0,33.0,12.0,43.0,153.0,34.0,28.0,55.0,45.0,79.0,135.0,53.0,437.0,625.0,2024
36005034300,"Census Tract 343, Bronx, NY",censusreporter:acs2024_5yr,575.0,27.0,14.0,0.0,27.0,8.0,0.0,0.0,27.0,11.0,22.0,129.0,86.0,40.0,7.0,87.0,90.0,68.0,46.0,461.0,575.0,2024
36005034400,"Census Tract 344, Bronx, NY",censusreporter:acs2024_5yr,586.0,50.0,9.0,8.0,0.0,29.0,80.0,12.0,0.0,0.0,42.0,33.0,112.0,53.0,42.0,74.0,42.0,67.0,121.0,398.0,586.0,2024
36005034500,"Census Tract 345, Bronx, NY",censusreporter:acs2024_5yr,1680.0,62.0,44.0,44.0,12.0,77.0,64.0,18.0,0.0,49.0,60.0,123.0,276.0,213.0,214.0,172.0,252.0,162.0,208.0,1310.0,1680.0,2024
36005034800,"Census Tract 348, Bronx, NY",censusreporter:acs2024_5yr,2106.0,218.0,136.0,117.0,0.0,212.0,59.0,59.0,148.0,37.0,121.0,131.0,186.0,366.0,55.0,118.0,143.0,471.0,515.0,1120.0,2106.0,2024
36005035000,"Census Tract 350, Bronx, NY",censusreporter:acs2024_5yr,790.0,48.0,26.0,0.0,37.0,31.0,55.0,45.0,0.0,54.0,39.0,156.0,60.0,76.0,60.0,0.0,103.0,111.0,185.0,494.0,790.0,2024
36005035100,"Census Tract 351, Bronx, NY",censusreporter:acs2024_5yr,1258.0,43.0,26.0,0.0,13.0,2.0,0.0,39.0,17.0,11.0,92.0,217.0,170.0,114.0,157.0,44.0,313.0,82.0,69.0,1107.0,1258.0,2024
36005035600,"Census Tract 356, Bronx, NY",censusreporter:acs2024_5yr,678.0,51.0,0.0,6.0,26.0,17.0,16.0,6.0,28.0,10.0,96.0,46.0,76.0,20.0,98.0,44.0,138.0,83.0,77.0,518.0,678.0,2024
36005035800,"Census Tract 358, Bronx, NY",censusreporter:acs2024_5yr,2646.0,97.0,192.0,66.0,267.0,22.0,78.0,49.0,53.0,55.0,124.0,71.0,541.0,264.0,182.0,338.0,247.0,622.0,257.0,1767.0,2646.0,2024
36005035900,"Census Tract 359, Bronx, NY",censusreporter:acs2024_5yr,1693.0,266.0,184.0,119.0,101.0,123.0,63.0,60.0,175.0,81.0,43.0,201.0,137.0,9.0,32.0,1.0,98.0,670.0,502.0,521.0,1693.0,2024
36005036000,"Census Tract 360, Bronx, NY",censusreporter:acs2024_5yr,962.0,77.0,57.0,36.0,16.0,33.0,0.0,15.0,61.0,0.0,19.0,110.0,110.0,97.0,51.0,68.0,212.0,186.0,109.0,667.0,962.0,2024
36005036100,"Census Tract 361, Bronx, NY",censusreporter:acs2024_5yr,1969.0,212.0,331.0,98.0,227.0,127.0,11.0,45.0,143.0,264.0,74.0,142.0,150.0,107.0,0.0,38.0,0.0,868.0,590.0,511.0,1969.0,2024
36005036300,"Census Tract 363, Bronx, NY",censusreporter:acs2024_5yr,2458.0,459.0,331.0,182.0,167.0,140.0,129.0,48.0,150.0,43.0,51.0,130.0,165.0,132.0,160.0,155.0,16.0,1139.0,510.0,809.0,2458.0,2024
36005036400,"Census Tract 364, Bronx, NY",censusreporter:acs2024_5yr,857.0,35.0,37.0,0.0,107.0,37.0,0.0,91.0,19.0,0.0,72.0,84.0,82.0,90.0,98.0,48.0,57.0,179.0,147.0,531.0,857.0,2024
36005036501,"Census Tract 365.01, Bronx, NY",censusreporter:acs2024_5yr,1445.0,150.0,88.0,73.0,40.0,21.0,112.0,66.0,110.0,143.0,89.0,101.0,193.0,105.0,19.0,135.0,0.0,351.0,452.0,642.0,1445.0,2024
36005036502,"Census Tract 365.02, Bronx, NY",censusreporter:acs2024_5yr,768.0,53.0,111.0,8.0,147.0,94.0,34.0,23.0,0.0,0.0,108.0,40.0,58.0,21.0,36.0,28.0,7.0,319.0,151.0,298.0,768.0,2024
36005036700,"Census Tract 367, Bronx, NY",censusreporter:acs2024_5yr,777.0,123.0,158.0,34.0,38.0,58.0,44.0,31.0,8.0,0.0,27.0,1.0,23.0,30.0,85.0,21.0,96.0,353.0,141.0,283.0,777.0,2024
36005036800,"Census Tract 368, Bronx, NY",censusreporter:acs2024_5yr,624.0,48.0,36.0,19.0,9.0,97.0,14.0,16.0,11.0,0.0,31.0,51.0,98.0,58.0,25.0,50.0,61.0,112.0,138.0,374.0,624.0,2024
36005036901,"Census Tract 369.01, Bronx, NY",censusreporter:acs2024_5yr,763.0,140.0,207.0,70.0,17.0,45.0,17.0,42.0,40.0,25.0,9.0,73.0,61.0,7.0,0.0,10.0,0.0,434.0,169.0,160.0,763.0,2024
36005036902,"Census Tract 369.02, Bronx, NY",censusreporter:acs2024_5yr,850.0,136.0,125.0,28.0,53.0,27.0,18.0,64.0,6.0,32.0,37.0,52.0,68.0,60.0,80.0,26.0,38.0,342.0,147.0,361.0,850.0,2024
36005037000,"Census Tract 370, Bronx, NY",censusreporter:acs2024_5yr,735.0,84.0,12.0,33.0,13.0,0.0,0.0,29.0,0.0,45.0,7.0,69.0,49.0,126.0,98.0,123.0,47.0,142.0,74.0,519.0,735.0,2024
36005037100,"Census Tract 371, Bronx, NY",censusreporter:acs2024_5yr,1769.0,229.0,350.0,115.0,56.0,11.0,70.0,55.0,32.0,149.0,110.0,197.0,214.0,76.0,0.0,56.0,49.0,750.0,317.0,702.0,1769.0,2024
36005037200,"Census Tract 372, Bronx, NY",censusreporter:acs2024_5yr,852.0,43.0,43.0,36.0,7.0,20.0,0.0,33.0,83.0,11.0,59.0,84.0,180.0,83.0,48.0,89.0,33.0,129.0,147.0,576.0,852.0,2024
36005037300,"Census Tract 373, Bronx, NY",censusreporter:acs2024_5yr,2382.0,473.0,204.0,50.0,165.0,21.0,81.0,33.0,129.0,35.0,439.0,391.0,92.0,69.0,117.0,13.0,70.0,892.0,299.0,1191.0,2382.0,2024
36005037400,"Census Tract 374, Bronx, NY",censusreporter:acs2024_5yr,1506.0,232.0,202.0,114.0,94.0,56.0,28.0,123.0,113.0,82.0,53.0,73.0,137.0,85.0,14.0,61.0,39.0,642.0,402.0,462.0,1506.0,2024
36005037504,"Census Tract 375.04, Bronx, NY",censusreporter:acs2024_5yr,1560.0,144.0,181.0,79.0,237.0,65.0,10.0,57.0,172.0,67.0,224.0,124.0,111.0,32.0,46.0,0.0,11.0,641.0,371.0,548.0,1560.0,2024
36005037600,"Census Tract 376, Bronx, NY",censusreporter:acs2024_5yr,767.0,54.0,20.0,26.0,49.0,25.0,41.0,27.0,16.0,45.0,76.0,91.0,78.0,45.0,40.0,91.0,43.0,149.0,154.0,464.0,767.0,2024
36005037800,"Census Tract 378, Bronx, NY",censusreporter:acs2024_5yr,1186.0,203.0,61.0,33.0,57.0,47.0,23.0,43.0,29.0,22.0,37.0,148.0,203.0,49.0,26.0,67.0,138.0,354.0,164.0,668.0,1186.0,2024
36005037900,"Census Tract 379, Bronx, NY",censusreporter:acs2024_5yr,2212.0,297.0,183.0,57.0,110.0,84.0,92.0,42.0,70.0,166.0,93.0,305.0,348.0,179.0,58.0,99.0,29.0,647.0,454.0,1111.0,2212.0,2024
36005038000,"Census Tract 380, Bronx, NY",censusreporter:acs2024_5yr,2114.0,396.0,135.0,82.0,116.0,67.0,91.0,62.0,34.0,148.0,161.0,167.0,250.0,73.0,203.0,23.0,106.0,729.0,402.0,983.0,2114.0,2024
36005038100,"Census Tract 381, Bronx, NY",censusreporter:acs2024_5yr,2726.0,205.0,272.0,86.0,110.0,257.0,0.0,379.0,67.0,240.0,427.0,293.0,106.0,134.0,30.0,86.0,34.0,673.0,943.0,1110.0,2726.0,2024
36005038200,"Census Tract 382, Bronx, NY",censusreporter:acs2024_5yr,967.0,30.0,41.0,0.0,61.0,96.0,13.0,21.0,75.0,50.0,49.0,39.0,69.0,70.0,67.0,115.0,171.0,132.0,255.0,580.0,967.0,2024
36005038301,"Census Tract 383.01, Bronx, NY",censusreporter:acs2024_5yr,1601.0,228.0,90.0,106.0,157.0,120.0,31.0,0.0,100.0,166.0,55.0,52.0,132.0,174.0,107.0,72.0,11.0,581.0,417.0,603.0,1601.0,2024
36005038303,"Census Tract 383.03, Bronx, NY",censusreporter:acs2024_5yr,1237.0,182.0,163.0,105.0,4.0,47.0,35.0,39.0,37.0,100.0,187.0,131.0,100.0,11.0,24.0,28.0,44.0,454.0,258.0,525.0,1237.0,2024
36005038304,"Census Tract 383.04, Bronx, NY",censusreporter:acs2024_5yr,844.0,138.0,173.0,33.0,36.0,57.0,80.0,17.0,22.0,0.0,75.0,76.0,6.0,104.0,27.0,0.0,0.0,380.0,176.0,288.0,844.0,2024
36005038500,"Census Tract 385, Bronx, NY",censusreporter:acs2024_5yr,1884.0,698.0,329.0,300.0,46.0,142.0,42.0,0.0,0.0,0.0,19.0,67.0,111.0,57.0,60.0,13.0,0.0,1373.0,184.0,327.0,1884.0,2024
36005038600,"Census Tract 386, Bronx, NY",censusreporter:acs2024_5yr,2869.0,447.0,161.0,100.0,168.0,44.0,17.0,20.0,32.0,73.0,205.0,337.0,132.0,226.0,466.0,214.0,227.0,876.0,186.0,1807.0,2869.0,2024
36005038700,"Census Tract 387, Bronx, NY",censusreporter:acs2024_5yr,1481.0,132.0,174.0,41.0,123.0,39.0,109.0,55.0,68.0,26.0,182.0,262.0,27.0,72.0,59.0,112.0,0.0,470.0,297.0,714.0,1481.0,2024
36005038800,"Census Tract 388, Bronx, NY",censusreporter:acs2024_5yr,990.0,137.0,49.0,0.0,0.0,12.0,68.0,0.0,16.0,36.0,161.0,187.0,46.0,52.0,78.0,88.0,60.0,186.0,132.0,672.0,990.0,2024
36005038900,"Census Tract 389, Bronx, NY",censusreporter:acs2024_5yr,1954.0,202.0,234.0,89.0,36.0,76.0,117.0,120.0,93.0,41.0,110.0,252.0,127.0,215.0,151.0,36.0,55.0,561.0,447.0,946.0,1954.0,2024
36005039000,"Census Tract 390, Bronx, NY",censusreporter:acs2024_5yr,1104.0,78.0,141.0,0.0,47.0,0.0,37.0,12.0,47.0,94.0,102.0,66.0,126.0,45.0,130.0,114.0,65.0,266.0,190.0,648.0,1104.0,2024
36005039100,"Census Tract 391, Bronx, NY",censusreporter:acs2024_5yr,3026.0,227.0,495.0,285.0,308.0,34.0,183.0,80.0,137.0,269.0,17.0,179.0,339.0,276.0,115.0,62.0,20.0,1315.0,703.0,1008.0,3026.0,2024
36005039200,"Census Tract 392, Bronx, NY",censusreporter:acs2024_5yr,634.0,72.0,20.0,11.0,31.0,9.0,29.0,47.0,35.0,0.0,26.0,93.0,25.0,45.0,27.0,22.0,142.0,134.0,120.0,380.0,634.0,2024
36005039300,"Census Tract 393, Bronx, NY",censusreporter:acs2024_5yr,3092.0,588.0,504.0,158.0,212.0,197.0,233.0,29.0,165.0,89.0,150.0,103.0,241.0,161.0,24.0,145.0,93.0,1462.0,713.0,917.0,3092.0,2024
36005039400,"Census Tract 394, Bronx, NY",censusreporter:acs2024_5yr,1701.0,177.0,206.0,49.0,132.0,43.0,28.0,69.0,47.0,0.0,91.0,214.0,206.0,176.0,108.0,74.0,81.0,564.0,187.0,950.0,1701.0,2024
36005039500,"Census Tract 395, Bronx, NY",censusreporter:acs2024_5yr,1821.0,257.0,534.0,80.0,59.0,36.0,111.0,16.0,30.0,82.0,130.0,195.0,111.0,76.0,0.0,30.0,74.0,930.0,275.0,616.0,1821.0,2024
36005039600,"Census Tract 396, Bronx, NY",censusreporter:acs2024_5yr,1436.0,148.0,146.0,51.0,99.0,65.0,57.0,44.0,31.0,102.0,143.0,14.0,172.0,103.0,112.0,72.0,77.0,444.0,299.0,693.0,1436.0,2024
36005039700,"Census Tract 397, Bronx, NY",censusreporter:acs2024_5yr,521.0,87.0,47.0,56.0,60.0,5.0,7.0,44.0,67.0,16.0,48.0,23.0,44.0,16.0,1.0,0.0,0.0,250.0,139.0,132.0,521.0,2024
36005039800,"Census Tract 398, Bronx, NY",censusreporter:acs2024_5yr,1251.0,40.0,315.0,30.0,172.0,118.0,19.0,23.0,9.0,35.0,94.0,92.0,125.0,11.0,13.0,69.0,86.0,557.0,204.0,490.0,1251.0,2024
36005039901,"Census Tract 399.01, Bronx, NY",censusreporter:acs2024_5yr,1678.0,114.0,91.0,114.0,38.0,50.0,114.0,163.0,261.0,107.0,83.0,95.0,158.0,98.0,90.0,23.0,79.0,357.0,695.0,626.0,1678.0,2024
36005039902,"Census Tract 399.02, Bronx, NY",censusreporter:acs2024_5yr,1727.0,291.0,140.0,59.0,134.0,38.0,97.0,25.0,97.0,126.0,224.0,117.0,222.0,74.0,52.0,31.0,0.0,624.0,383.0,720.0,1727.0,2024
36005040100,"Census Tract 401, Bronx, NY",censusreporter:acs2024_5yr,2172.0,456.0,166.0,114.0,242.0,195.0,231.0,21.0,76.0,17.0,161.0,121.0,134.0,124.0,31.0,60.0,23.0,978.0,540.0,654.0,2172.0,2024
36005040302,"Census Tract 403.02, Bronx, NY",censusreporter:acs2024_5yr,1581.0,157.0,445.0,49.0,13.0,55.0,37.0,74.0,100.0,21.0,73.0,162.0,82.0,71.0,51.0,180.0,11.0,664.0,287.0,630.0,1581.0,2024
36005040303,"Census Tract 403.03, Bronx, NY",censusreporter:acs2024_5yr,1375.0,98.0,110.0,74.0,68.0,109.0,48.0,126.0,95.0,41.0,170.0,53.0,188.0,55.0,23.0,42.0,75.0,350.0,419.0,606.0,1375.0,2024
36005040304,"Census Tract 403.04, Bronx, NY",censusreporter:acs2024_5yr,1267.0,132.0,133.0,170.0,21.0,64.0,50.0,104.0,49.0,51.0,121.0,97.0,49.0,19.0,39.0,108.0,60.0,456.0,318.0,493.0,1267.0,2024
36005040400,"Census Tract 404, Bronx, NY",censusreporter:acs2024_5yr,1123.0,126.0,35.0,53.0,41.0,19.0,0.0,0.0,88.0,85.0,71.0,121.0,88.0,203.0,84.0,39.0,70.0,255.0,192.0,676.0,1123.0,2024
36005040501,"Census Tract 405.01, Bronx, NY",censusreporter:acs2024_5yr,1325.0,141.0,133.0,141.0,12.0,5.0,111.0,46.0,77.0,72.0,121.0,99.0,187.0,51.0,33.0,59.0,37.0,427.0,311.0,587.0,1325.0,2024
36005040502,"Census Tract 405.02, Bronx, NY",censusreporter:acs2024_5yr,2461.0,437.0,361.0,120.0,155.0,0.0,33.0,162.0,172.0,0.0,145.0,296.0,180.0,249.0,42.0,0.0,109.0,1073.0,367.0,1021.0,2461.0,2024
36005040600,"Census Tract 406, Bronx, NY",censusreporter:acs2024_5yr,1413.0,55.0,140.0,50.0,74.0,130.0,95.0,35.0,58.0,128.0,109.0,130.0,91.0,123.0,40.0,79.0,76.0,319.0,446.0,648.0,1413.0,2024
36005040701,"Census Tract 407.01, Bronx, NY",censusreporter:acs2024_5yr,1205.0,146.0,156.0,20.0,8.0,77.0,97.0,29.0,41.0,75.0,229.0,56.0,115.0,103.0,22.0,31.0,0.0,330.0,319.0,556.0,1205.0,2024
36005040702,"Census Tract 407.02, Bronx, NY",censusreporter:acs2024_5yr,2801.0,176.0,524.0,205.0,278.0,129.0,153.0,277.0,125.0,21.0,241.0,93.0,167.0,207.0,97.0,53.0,55.0,1183.0,705.0,913.0,2801.0,2024
36005040800,"Census Tract 408, Bronx, NY",censusreporter:acs2024_5yr,1467.0,217.0,79.0,89.0,129.0,103.0,35.0,0.0,153.0,37.0,84.0,140.0,117.0,45.0,33.0,24.0,182.0,514.0,328.0,625.0,1467.0,2024
36005040900,"Census Tract 409, Bronx, NY",censusreporter:acs2024_5yr,1409.0,21.0,0.0,82.0,45.0,62.0,51.0,7.0,118.0,121.0,72.0,188.0,197.0,36.0,143.0,239.0,27.0,148.0,359.0,902.0,1409.0,2024
36005041100,"Census Tract 411, Bronx, NY",censusreporter:acs2024_5yr,1571.0,162.0,164.0,49.0,45.0,17.0,8.0,200.0,113.0,0.0,55.0,237.0,302.0,173.0,46.0,0.0,0.0,420.0,338.0,813.0,1571.0,2024
36005041300,"Census Tract 413, Bronx, NY",censusreporter:acs2024_5yr,3199.0,330.0,361.0,38.0,91.0,188.0,49.0,164.0,103.0,175.0,88.0,454.0,468.0,267.0,159.0,238.0,26.0,820.0,679.0,1700.0,3199.0,2024
36005041400,"Census Tract 414, Bronx, NY",censusreporter:acs2024_5yr,1779.0,75.0,0.0,37.0,101.0,3.0,25.0,44.0,59.0,0.0,26.0,282.0,195.0,39.0,206.0,165.0,522.0,213.0,131.0,1435.0,1779.0,2024
36005041500,"Census Tract 415, Bronx, NY",censusreporter:acs2024_5yr,2293.0,136.0,300.0,80.0,125.0,86.0,64.0,159.0,136.0,51.0,205.0,313.0,368.0,141.0,18.0,85.0,26.0,641.0,496.0,1156.0,2293.0,2024
36005041800,"Census Tract 418, Bronx, NY",censusreporter:acs2024_5yr,1289.0,71.0,34.0,3.0,44.0,73.0,26.0,0.0,102.0,149.0,52.0,216.0,181.0,24.0,72.0,114.0,128.0,152.0,350.0,787.0,1289.0,2024
36005041900,"Census Tract 419, Bronx, NY",censusreporter:acs2024_5yr,2592.0,350.0,137.0,16.0,108.0,106.0,98.0,65.0,116.0,92.0,248.0,331.0,362.0,166.0,18.0,188.0,191.0,611.0,477.0,1504.0,2592.0,2024
36005042000,"Census Tract 420, Bronx, NY",censusreporter:acs2024_5yr,1711.0,377.0,128.0,158.0,38.0,114.0,57.0,109.0,0.0,69.0,117.0,37.0,382.0,50.0,10.0,21.0,44.0,701.0,349.0,661.0,1711.0,2024
36005042100,"Census Tract 421, Bronx, NY",censusreporter:acs2024_5yr,2290.0,293.0,78.0,55.0,116.0,77.0,177.0,125.0,157.0,10.0,244.0,232.0,281.0,118.0,133.0,83.0,111.0,542.0,546.0,1202.0,2290.0,2024
36005042200,"Census Tract 422, Bronx, NY",censusreporter:acs2024_5yr,1292.0,73.0,68.0,23.0,17.0,64.0,0.0,36.0,0.0,0.0,328.0,30.0,258.0,197.0,75.0,65.0,58.0,181.0,100.0,1011.0,1292.0,2024
36005042300,"Census Tract 423, Bronx, NY",censusreporter:acs2024_5yr,1485.0,133.0,175.0,51.0,81.0,27.0,35.0,0.0,68.0,26.0,48.0,111.0,203.0,84.0,112.0,297.0,34.0,440.0,156.0,889.0,1485.0,2024
36005042400,"Census Tract 424, Bronx, NY",censusreporter:acs2024_5yr,760.0,70.0,16.0,10.0,0.0,36.0,20.0,15.0,0.0,10.0,57.0,20.0,71.0,157.0,71.0,110.0,97.0,96.0,81.0,583.0,760.0,2024
36005042500,"Census Tract 425, Bronx, NY",censusreporter:acs2024_5yr,2369.0,414.0,204.0,57.0,69.0,29.0,182.0,98.0,67.0,134.0,107.0,218.0,426.0,35.0,203.0,41.0,85.0,744.0,510.0,1115.0,2369.0,2024
36005042600,"Census Tract 426, Bronx, NY",censusreporter:acs2024_5yr,2165.0,120.0,68.0,110.0,60.0,26.0,0.0,32.0,61.0,0.0,33.0,163.0,420.0,387.0,96.0,327.0,262.0,358.0,119.0,1688.0,2165.0,2024
36005042800,"Census Tract 428, Bronx, NY",censusreporter:acs2024_5yr,809.0,14.0,46.0,10.0,42.0,19.0,37.0,10.0,18.0,13.0,5.0,10.0,54.0,64.0,57.0,50.0,360.0,112.0,97.0,600.0,809.0,2024
36005042901,"Census Tract 429.01, Bronx, NY",censusreporter:acs2024_5yr,1249.0,158.0,94.0,35.0,129.0,24.0,59.0,42.0,65.0,26.0,86.0,98.0,195.0,176.0,7.0,34.0,21.0,416.0,216.0,617.0,1249.0,2024
36005042902,"Census Tract 429.02, Bronx, NY",censusreporter:acs2024_5yr,1599.0,175.0,174.0,106.0,93.0,54.0,60.0,51.0,100.0,38.0,101.0,265.0,178.0,40.0,32.0,76.0,56.0,548.0,303.0,748.0,1599.0,2024
36005043000,"Census Tract 430, Bronx, NY",censusreporter:acs2024_5yr,1327.0,24.0,126.0,0.0,13.0,234.0,0.0,58.0,0.0,40.0,0.0,74.0,408.0,64.0,34.0,140.0,112.0,163.0,332.0,832.0,1327.0,2024
36005043101,"Census Tract 431.01, Bronx, NY",censusreporter:acs2024_5yr,1833.0,139.0,507.0,18.0,113.0,46.0,39.0,54.0,63.0,62.0,192.0,17.0,203.0,189.0,58.0,36.0,97.0,777.0,264.0,792.0,1833.0,2024
36005043102,"Census Tract 431.02, Bronx, NY",censusreporter:acs2024_5yr,1692.0,189.0,56.0,141.0,71.0,144.0,147.0,36.0,37.0,5.0,187.0,89.0,251.0,173.0,50.0,102.0,14.0,457.0,369.0,866.0,1692.0,2024
36005043400,"Census Tract 434, Bronx, NY",censusreporter:acs2024_5yr,1597.0,141.0,225.0,20.0,22.0,49.0,91.0,0.0,41.0,67.0,106.0,22.0,176.0,84.0,35.0,421.0,97.0,408.0,248.0,941.0,1597.0,2024
36005043501,"Census Tract 435.01, Bronx, NY",censusreporter:acs2024_5yr,446.0,72.0,34.0,49.0,15.0,47.0,7.0,0.0,11.0,0.0,40.0,50.0,77.0,17.0,20.0,7.0,0.0,170.0,65.0,211.0,446.0,2024
36005043502,"Census Tract 435.02, Bronx, NY",censusreporter:acs2024_5yr,0.0,0.0,0.0,0.0,0.0,0.0,0.0,0.0,0.0,0.0,0.0,0.0,0.0,0.0,0.0,0.0,0.0,0.0,0.0,0.0,0.0,2024
36005043503,"Census Tract 435.03, Bronx, NY",censusreporter:acs2024_5yr,0.0,0.0,0.0,0.0,0.0,0.0,0.0,0.0,0.0,0.0,0.0,0.0,0.0,0.0,0.0,0.0,0.0,0.0,0.0,0.0,0.0,2024
36005043600,"Census Tract 436, Bronx, NY",censusreporter:acs2024_5yr,753.0,58.0,39.0,10.0,19.0,30.0,0.0,0.0,46.0,25.0,50.0,64.0,136.0,66.0,46.0,60.0,104.0,126.0,101.0,526.0,753.0,2024
36005044200,"Census Tract 442, Bronx, NY",censusreporter:acs2024_5yr,1261.0,253.0,181.0,12.0,119.0,0.0,13.0,0.0,33.0,0.0,34.0,163.0,70.0,73.0,163.0,115.0,32.0,565.0,46.0,650.0,1261.0,2024
36005044400,"Census Tract 444, Bronx, NY",censusreporter:acs2024_5yr,1424.0,36.0,102.0,124.0,63.0,36.0,0.0,56.0,0.0,97.0,15.0,124.0,73.0,108.0,175.0,264.0,151.0,325.0,189.0,910.0,1424.0,2024
36005044800,"Census Tract 448, Bronx, NY",censusreporter:acs2024_5yr,713.0,60.0,0.0,0.0,14.0,0.0,65.0,78.0,36.0,10.0,7.0,12.0,49.0,123.0,34.0,143.0,82.0,74.0,189.0,450.0,713.0,2024
36005044901,"Census Tract 449.01, Bronx, NY",censusreporter:acs2024_5yr,910.0,22.0,82.0,0.0,0.0,17.0,16.0,28.0,29.0,33.0,104.0,49.0,135.0,60.0,48.0,113.0,174.0,104.0,123.0,683.0,910.0,2024
36005044902,"Census Tract 449.02, Bronx, NY",censusreporter:acs2024_5yr,973.0,53.0,17.0,34.0,43.0,25.0,0.0,0.0,12.0,26.0,78.0,41.0,162.0,198.0,65.0,53.0,166.0,147.0,63.0,763.0,973.0,2024
36005045101,"Census Tract 451.01, Bronx, NY",censusreporter:acs2024_5yr,1030.0,0.0,12.0,10.0,17.0,0.0,36.0,0.0,13.0,28.0,60.0,277.0,243.0,249.0,32.0,22.0,31.0,39.0,77.0,914.0,1030.0,2024
36005045102,"Census Tract 451.02, Bronx, NY",censusreporter:acs2024_5yr,966.0,35.0,7.0,21.0,5.0,7.0,5.0,8.0,0.0,8.0,25.0,91.0,302.0,79.0,58.0,88.0,227.0,68.0,28.0,870.0,966.0,2024
36005045600,"Census Tract 456, Bronx, NY",censusreporter:acs2024_5yr,1217.0,30.0,0.0,0.0,42.0,0.0,15.0,0.0,0.0,2.0,59.0,333.0,237.0,185.0,138.0,35.0,141.0,72.0,17.0,1128.0,1217.0,2024
36005045800,"Census Tract 458, Bronx, NY",censusreporter:acs2024_5yr,2071.0,245.0,272.0,247.0,125.0,103.0,240.0,98.0,16.0,139.0,74.0,100.0,34.0,132.0,43.0,52.0,151.0,889.0,596.0,586.0,2071.0,2024
36005046000,"Census Tract 460, Bronx, NY",censusreporter:acs2024_5yr,939.0,132.0,74.0,75.0,72.0,0.0,47.0,13.0,73.0,55.0,40.0,55.0,131.0,13.0,30.0,48.0,81.0,353.0,188.0,398.0,939.0,2024
36005046203,"Census Tract 462.03, Bronx, NY",censusreporter:acs2024_5yr,3104.0,188.0,308.0,105.0,318.0,25.0,460.0,45.0,396.0,67.0,152.0,288.0,316.0,215.0,96.0,53.0,72.0,919.0,993.0,1192.0,3104.0,2024
36005046204,"Census Tract 462.04, Bronx, NY",censusreporter:acs2024_5yr,2450.0,130.0,200.0,43.0,0.0,193.0,7.0,38.0,60.0,205.0,308.0,253.0,351.0,420.0,49.0,162.0,31.0,373.0,503.0,1574.0,2450.0,2024
36005046205,"Census Tract 462.05, Bronx, NY",censusreporter:acs2024_5yr,1840.0,116.0,87.0,103.0,112.0,31.0,41.0,13.0,15.0,18.0,134.0,231.0,275.0,283.0,101.0,160.0,120.0,418.0,118.0,1304.0,1840.0,2024
36005046206,"Census Tract 462.06, Bronx, NY",censusreporter:acs2024_5yr,2040.0,32.0,14.0,33.0,182.0,159.0,19.0,0.0,265.0,27.0,157.0,442.0,185.0,302.0,127.0,96.0,0.0,261.0,470.0,1309.0,2040.0,2024
36005046207,"Census Tract 462.07, Bronx, NY",censusreporter:acs2024_5yr,2913.0,207.0,53.0,34.0,126.0,195.0,250.0,47.0,41.0,174.0,335.0,154.0,469.0,327.0,115.0,268.0,118.0,420.0,707.0,1786.0,2913.0,2024
36005046208,"Census Tract 462.08, Bronx, NY",censusreporter:acs2024_5yr,1403.0,83.0,27.0,0.0,14.0,10.0,12.0,59.0,0.0,44.0,59.0,194.0,274.0,103.0,277.0,141.0,106.0,124.0,125.0,1154.0,1403.0,2024
36005046209,"Census Tract 462.09, Bronx, NY",censusreporter:acs2024_5yr,1410.0,118.0,84.0,94.0,357.0,48.0,76.0,0.0,11.0,49.0,64.0,105.0,254.0,0.0,22.0,80.0,48.0,653.0,184.0,573.0,1410.0,2024
36005048401,"Census Tract 484.01, Bronx, NY",censusreporter:acs2024_5yr,1251.0,63.0,40.0,0.0,72.0,112.0,15.0,57.0,40.0,0.0,0.0,133.0,207.0,59.0,121.0,154.0,178.0,175.0,224.0,852.0,1251.0,2024
36005048402,"Census Tract 484.02, Bronx, NY",censusreporter:acs2024_5yr,0.0,0.0,0.0,0.0,0.0,0.0,0.0,0.0,0.0,0.0,0.0,0.0,0.0,0.0,0.0,0.0,0.0,0.0,0.0,0.0,0.0,2024
36005050400,"Census Tract 504, Bronx, NY",censusreporter:acs2024_5yr,0.0,0.0,0.0,0.0,0.0,0.0,0.0,0.0,0.0,0.0,0.0,0.0,0.0,0.0,0.0,0.0,0.0,0.0,0.0,0.0,0.0,2024
36005051601,"Census Tract 516.01, Bronx, NY",censusreporter:acs2024_5yr,1949.0,99.0,0.0,0.0,24.0,61.0,221.0,181.0,0.0,95.0,51.0,0.0,204.0,112.0,235.0,383.0,283.0,123.0,558.0,1268.0,1949.0,2024
36005051602,"Census Tract 516.02, Bronx, NY",censusreporter:acs2024_5yr,0.0,0.0,0.0,0.0,0.0,0.0,0.0,0.0,0.0,0.0,0.0,0.0,0.0,0.0,0.0,0.0,0.0,0.0,0.0,0.0,0.0,2024
