case,beta_p_scale,alpha_supermarket,alpha_small,lever,max_dcs_any_store,dcs_per_dollar_median,dcs_per_dollar_min,dcs_per_dollar_max,low_income_share_median,reaches_50k,reaches_250k,lever_ranking_per_dollar
Base,0.1368,-1.71,-3.097,FRESH tax break,45197,0.502,0.5,0.503,0.292,False,False,N.Y.C. Groceries (new store) > 30% contract at existing store > Rent subsidy > FRESH tax break
Base,0.1368,-1.71,-3.097,Rent subsidy,119756,0.507,0.505,0.516,0.296,True,False,N.Y.C. Groceries (new store) > 30% contract at existing store > Rent subsidy > FRESH tax break
Base,0.1368,-1.71,-3.097,30% contract at existing store,2100500,0.808,0.788,0.814,0.37,True,True,N.Y.C. Groceries (new store) > 30% contract at existing store > Rent subsidy > FRESH tax break
Base,0.1368,-1.71,-3.097,N.Y.C. Groceries (new store),1798540,0.809,0.809,0.809,0.346,True,True,N.Y.C. Groceries (new store) > 30% contract at existing store > Rent subsidy > FRESH tax break
Distance effect +40% (Cao et al. 2026),0.1397,-1.58,-2.969,FRESH tax break,45203,0.502,0.5,0.503,0.294,False,False,N.Y.C. Groceries (new store) > 30% contract at existing store > Rent subsidy > FRESH tax break
Distance effect +40% (Cao et al. 2026),0.1397,-1.58,-2.969,Rent subsidy,119796,0.507,0.505,0.517,0.299,True,False,N.Y.C. Groceries (new store) > 30% contract at existing store > Rent subsidy > FRESH tax break
Distance effect +40% (Cao et al. 2026),0.1397,-1.58,-2.969,30% contract at existing store,2140252,0.805,0.783,0.811,0.374,True,True,N.Y.C. Groceries (new store) > 30% contract at existing store > Rent subsidy > FRESH tax break
Distance effect +40% (Cao et al. 2026),0.1397,-1.58,-2.969,N.Y.C. Groceries (new store),1792725,0.807,0.807,0.807,0.343,True,True,N.Y.C. Groceries (new store) > 30% contract at existing store > Rent subsidy > FRESH tax break
"Store size term high (SQFT main effect, Hillier)",0.1275,-1.784,-3.114,FRESH tax break,45173,0.502,0.5,0.503,0.292,False,False,N.Y.C. Groceries (new store) > 30% contract at existing store > Rent subsidy > FRESH tax break
"Store size term high (SQFT main effect, Hillier)",0.1275,-1.784,-3.114,Rent subsidy,119588,0.507,0.505,0.515,0.296,True,False,N.Y.C. Groceries (new store) > 30% contract at existing store > Rent subsidy > FRESH tax break
"Store size term high (SQFT main effect, Hillier)",0.1275,-1.784,-3.114,30% contract at existing store,2095176,0.82,0.802,0.826,0.364,True,True,N.Y.C. Groceries (new store) > 30% contract at existing store > Rent subsidy > FRESH tax break
"Store size term high (SQFT main effect, Hillier)",0.1275,-1.784,-3.114,N.Y.C. Groceries (new store),1825838,0.822,0.822,0.822,0.341,True,True,N.Y.C. Groceries (new store) > 30% contract at existing store > Rent subsidy > FRESH tax break
High-income distance effect 25% weaker,0.1378,-1.752,-3.139,FRESH tax break,45196,0.502,0.5,0.503,0.286,False,False,30% contract at existing store > N.Y.C. Groceries (new store) > Rent subsidy > FRESH tax break
High-income distance effect 25% weaker,0.1378,-1.752,-3.139,Rent subsidy,119749,0.507,0.505,0.516,0.29,True,False,30% contract at existing store > N.Y.C. Groceries (new store) > Rent subsidy > FRESH tax break
High-income distance effect 25% weaker,0.1378,-1.752,-3.139,30% contract at existing store,2091247,0.809,0.789,0.813,0.364,True,True,30% contract at existing store > N.Y.C. Groceries (new store) > Rent subsidy > FRESH tax break
High-income distance effect 25% weaker,0.1378,-1.752,-3.139,N.Y.C. Groceries (new store),1798044,0.809,0.809,0.809,0.34,True,True,30% contract at existing store > N.Y.C. Groceries (new store) > Rent subsidy > FRESH tax break
40 trips/yr (Dannefer et al. 2016),0.1052,-1.71,-3.097,FRESH tax break,45197,0.502,0.5,0.503,0.292,False,False,N.Y.C. Groceries (new store) > 30% contract at existing store > Rent subsidy > FRESH tax break
40 trips/yr (Dannefer et al. 2016),0.1052,-1.71,-3.097,Rent subsidy,119756,0.507,0.505,0.516,0.296,True,False,N.Y.C. Groceries (new store) > 30% contract at existing store > Rent subsidy > FRESH tax break
40 trips/yr (Dannefer et al. 2016),0.1052,-1.71,-3.097,30% contract at existing store,2100530,0.808,0.788,0.814,0.37,True,True,N.Y.C. Groceries (new store) > 30% contract at existing store > Rent subsidy > FRESH tax break
40 trips/yr (Dannefer et al. 2016),0.1052,-1.71,-3.097,N.Y.C. Groceries (new store),1798559,0.809,0.809,0.809,0.346,True,True,N.Y.C. Groceries (new store) > 30% contract at existing store > Rent subsidy > FRESH tax break
Core basket share low,0.2214,-1.716,-3.089,FRESH tax break,45336,0.503,0.5,0.505,0.289,False,False,N.Y.C. Groceries (new store) > 30% contract at existing store > Rent subsidy > FRESH tax break
Core basket share low,0.2214,-1.716,-3.089,Rent subsidy,120732,0.511,0.509,0.527,0.297,True,False,N.Y.C. Groceries (new store) > 30% contract at existing store > Rent subsidy > FRESH tax break
Core basket share low,0.2214,-1.716,-3.089,30% contract at existing store,1383902,0.8,0.78,0.805,0.381,True,True,N.Y.C. Groceries (new store) > 30% contract at existing store > Rent subsidy > FRESH tax break
Core basket share low,0.2214,-1.716,-3.089,N.Y.C. Groceries (new store),1119089,0.802,0.802,0.802,0.357,True,True,N.Y.C. Groceries (new store) > 30% contract at existing store > Rent subsidy > FRESH tax break
Core basket share high,0.0992,-1.708,-3.1,FRESH tax break,45132,0.501,0.5,0.502,0.293,False,False,N.Y.C. Groceries (new store) > 30% contract at existing store > Rent subsidy > FRESH tax break
Core basket share high,0.0992,-1.708,-3.1,Rent subsidy,119301,0.505,0.504,0.512,0.296,True,False,N.Y.C. Groceries (new store) > 30% contract at existing store > Rent subsidy > FRESH tax break
Core basket share high,0.0992,-1.708,-3.1,30% contract at existing store,2822157,0.811,0.792,0.817,0.364,True,True,N.Y.C. Groceries (new store) > 30% contract at existing store > Rent subsidy > FRESH tax break
Core basket share high,0.0992,-1.708,-3.1,N.Y.C. Groceries (new store),2477160,0.812,0.812,0.812,0.341,True,True,N.Y.C. Groceries (new store) > 30% contract at existing store > Rent subsidy > FRESH tax break
Revenue low ($698/sq ft),0.1321,-1.963,-3.351,FRESH tax break,45228,0.502,0.5,0.503,0.292,False,False,N.Y.C. Groceries (new store) > 30% contract at existing store > Rent subsidy > FRESH tax break
Revenue low ($698/sq ft),0.1321,-1.963,-3.351,Rent subsidy,119972,0.508,0.506,0.518,0.298,True,False,N.Y.C. Groceries (new store) > 30% contract at existing store > Rent subsidy > FRESH tax break
Revenue low ($698/sq ft),0.1321,-1.963,-3.351,30% contract at existing store,1818325,0.811,0.794,0.816,0.367,True,True,N.Y.C. Groceries (new store) > 30% contract at existing store > Rent subsidy > FRESH tax break
Revenue low ($698/sq ft),0.1321,-1.963,-3.351,N.Y.C. Groceries (new store),1573448,0.813,0.813,0.813,0.345,True,True,N.Y.C. Groceries (new store) > 30% contract at existing store > Rent subsidy > FRESH tax break
Revenue high ($845/sq ft),0.1388,-1.603,-2.989,FRESH tax break,45186,0.502,0.5,0.503,0.292,False,False,N.Y.C. Groceries (new store) > 30% contract at existing store > Rent subsidy > FRESH tax break
Revenue high ($845/sq ft),0.1388,-1.603,-2.989,Rent subsidy,119679,0.507,0.505,0.516,0.296,True,False,N.Y.C. Groceries (new store) > 30% contract at existing store > Rent subsidy > FRESH tax break
Revenue high ($845/sq ft),0.1388,-1.603,-2.989,30% contract at existing store,2221417,0.807,0.786,0.813,0.371,True,True,N.Y.C. Groceries (new store) > 30% contract at existing store > Rent subsidy > FRESH tax break
Revenue high ($845/sq ft),0.1388,-1.603,-2.989,N.Y.C. Groceries (new store),1893696,0.808,0.808,0.808,0.347,True,True,N.Y.C. Groceries (new store) > 30% contract at existing store > Rent subsidy > FRESH tax break
N.Y.C. Groceries capacity -25%,0.0428,-1.706,-3.105,FRESH tax break,45031,0.501,0.5,0.501,0.294,False,False,30% contract at existing store > N.Y.C. Groceries (new store) > Rent subsidy > FRESH tax break
N.Y.C. Groceries capacity -25%,0.0428,-1.706,-3.105,Rent subsidy,118597,0.502,0.502,0.505,0.295,True,False,30% contract at existing store > N.Y.C. Groceries (new store) > Rent subsidy > FRESH tax break
N.Y.C. Groceries capacity -25%,0.0428,-1.706,-3.105,30% contract at existing store,1751772,0.937,0.931,0.939,0.319,True,True,30% contract at existing store > N.Y.C. Groceries (new store) > Rent subsidy > FRESH tax break
N.Y.C. Groceries capacity -25%,0.0428,-1.706,-3.105,N.Y.C. Groceries (new store),1558690,0.937,0.937,0.937,0.302,True,True,30% contract at existing store > N.Y.C. Groceries (new store) > Rent subsidy > FRESH tax break
N.Y.C. Groceries capacity +25%,0.208,-1.715,-3.09,FRESH tax break,45315,0.503,0.5,0.504,0.29,False,False,N.Y.C. Groceries (new store) > 30% contract at existing store > Rent subsidy > FRESH tax break
N.Y.C. Groceries capacity +25%,0.208,-1.715,-3.09,Rent subsidy,120581,0.511,0.508,0.525,0.297,True,False,N.Y.C. Groceries (new store) > 30% contract at existing store > Rent subsidy > FRESH tax break
N.Y.C. Groceries capacity +25%,0.208,-1.715,-3.09,30% contract at existing store,2457032,0.723,0.69,0.735,0.413,True,True,N.Y.C. Groceries (new store) > 30% contract at existing store > Rent subsidy > FRESH tax break
N.Y.C. Groceries capacity +25%,0.208,-1.715,-3.09,N.Y.C. Groceries (new store),2018206,0.725,0.725,0.725,0.382,True,True,N.Y.C. Groceries (new store) > 30% contract at existing store > Rent subsidy > FRESH tax break
"Food Fair tax, floor-area split",0.1368,-1.71,-3.097,FRESH tax break,183391,0.502,0.5,0.511,0.292,True,False,N.Y.C. Groceries (new store) > 30% contract at existing store > Rent subsidy > FRESH tax break
"Food Fair tax, floor-area split",0.1368,-1.71,-3.097,Rent subsidy,119756,0.507,0.505,0.516,0.296,True,False,N.Y.C. Groceries (new store) > 30% contract at existing store > Rent subsidy > FRESH tax break
"Food Fair tax, floor-area split",0.1368,-1.71,-3.097,30% contract at existing store,2100500,0.808,0.788,0.814,0.37,True,True,N.Y.C. Groceries (new store) > 30% contract at existing store > Rent subsidy > FRESH tax break
"Food Fair tax, floor-area split",0.1368,-1.71,-3.097,N.Y.C. Groceries (new store),1798540,0.809,0.809,0.809,0.346,True,True,N.Y.C. Groceries (new store) > 30% contract at existing store > Rent subsidy > FRESH tax break
