license_number,store,address,store_sqft,bbl,lot_type,pluto_bbl
725894,ANTILLANA FRESH MEAT MARKET,1025 WESTCHESTER AVE,3000,2027260070,whole_lot,2027260070
723677,SAGAL MEAT MARKET,1091 SOUTHERN BLVD,2500,2027270045,whole_lot,2027270045
603652,FOOD FAIR FRESH MARKET,1065 E 163RD ST,13000,2027420003,whole_lot,2027420003
601435,KEY FOOD,1050 WESTCHESTER AVE,15000,2027430025,whole_lot,2027430025
600246,C-TOWN SUPERMARKET,564 SOUTHERN BLVD,8000,2026030011,whole_lot,2026030011
749183,JJ SOUTHERN FARM FRUIT,1046 SOUTHERN BLVD,1600,2027430015,whole_lot,2027430015
704892,FINE FARE SUPERMARKET,950 WESTCHESTER AVE,10000,2027031001,condo_unit,2027037501
609927,C TOWN SUPERMARKET,809 SOUTHERN BLVD,7500,2027210024,whole_lot,2027210024
606156,FOOD UNIVERSE,724 HUNTS PT AVE,8000,2027630256,whole_lot,2027630256
