store,address,license_number,store_sqft,bbl,lot_type,pluto_bbl,pluto_bldgclass,pluto_numbldgs,pluto_bldgarea,pluto_comarea,pluto_retailarea,pluto_resarea,cycles,n_periods,months_covered,extract_date,lot_tax_fy2025,store_share,Tax_j,nopv_est_property_tax,nopv_diff_pct,nopv_check,flags
FOOD FAIR FRESH MARKET,1065 E 163RD ST,603652,13000,2027420003,whole_lot,2027420003,K1,5,22000,22000,22000,0,"1S,3S",2,12.0,2025-02-15,692855.44,0.5909,409408.28,690466.0,0.3,ok,lot has 5 buildings
KEY FOOD,1050 WESTCHESTER AVE,601435,15000,2027430025,whole_lot,2027430025,D9,1,67339,12810,12810,54529,"1S,3S",2,12.0,2025-02-15,472668.76,0.2228,105310.6,472744.38,-0.0,ok,store sq ft exceeds PLUTO commercial area; mixed-use lot with residential floor area
FOOD UNIVERSE,724 HUNTS PT AVE,606156,8000,2027630256,whole_lot,2027630256,K1,1,9800,9800,9800,0,"1S,3S",2,12.0,2025-02-15,60962.44,0.8163,49763.64,59999.44,1.6,ok,
C TOWN SUPERMARKET,809 SOUTHERN BLVD,609927,7500,2027210024,whole_lot,2027210024,K1,1,16500,16500,13000,0,"1S,3S",2,12.0,2025-02-15,104001.84,0.4545,47268.84,102358.97,1.6,ok,
C-TOWN SUPERMARKET,564 SOUTHERN BLVD,600246,8000,2026030011,whole_lot,2026030011,K2,1,20000,20000,10000,0,"1S,3S",2,12.0,2025-02-15,61727.6,0.4,24691.04,60752.53,1.6,ok,
JJ SOUTHERN FARM FRUIT,1046 SOUTHERN BLVD,749183,1600,2027430015,whole_lot,2027430015,K1,1,8251,8251,8251,0,"1S,3S",2,12.0,2025-02-15,88474.4,0.1939,17155.19,119691.72,-26.1,bill below notice estimate: installments were reduced during the year (Tax Commission reduction or abatement); final billed amount used,
FINE FARE SUPERMARKET,950 WESTCHESTER AVE,704892,10000,2027031001,condo_unit,2027037501,RM,1,188342,75407,19300,112935,"1S,3S",2,12.0,2025-02-15,15710.72,1.0,15710.72,15462.52,1.6,ok,condo unit bill (store's own)
ANTILLANA FRESH MEAT MARKET,1025 WESTCHESTER AVE,725894,3000,2027260070,whole_lot,2027260070,K1,4,9270,9270,9270,0,"1R,3R",2,12.0,2025-02-15,37193.48,0.3236,12035.81,36605.95,1.6,ok,lot has 4 buildings
SAGAL MEAT MARKET,1091 SOUTHERN BLVD,723677,2500,2027270045,whole_lot,2027270045,K4,1,17600,17600,8800,0,"1S,3S",2,12.0,2026-02-21,63848.96,0.142,9066.55,81267.86,-21.4,bill below notice estimate: installments were reduced during the year (Tax Commission reduction or abatement); final billed amount used,
