run,lever,store,theta,lever_fraction,cost,dcs_total,dcs_low,dcs_mid,dcs_high,low_income_share,dp_per_basket,dcs_total_observed_Q,entry_gain_not_identified,cost_spec,rent_plus_tax,affordability_payment,kappa_j,predicted_sales,R_j,share_of_cd2_spending,dcs_per_dollar
Chris run 3,FRESH tax break,Key Food,0.25,1.0,89902,22789,10557,3964,8268,0.463,0.0449,26386.8473,,,,,,,,,0.253
Chris run 3,Rent subsidy,Key Food,0.25,1.0,236088,61215,28708,10569,21939,0.469,0.118,71131.2973,,,,,,,,,0.259
Chris run 3,FRESH tax break,Key Food,0.5,1.0,89902,46216,21572,8002,16642,0.467,0.0899,53629.0099,,,,,,,,,0.514
Chris run 3,Rent subsidy,Key Food,0.5,1.0,236088,127017,60736,21663,44618,0.478,0.236,148446.7942,,,,,,,,,0.538
Chris run 3,FRESH tax break,Key Food,0.75,1.0,89902,70298,33060,12116,25122,0.47,0.1348,81752.0313,,,,,,,,,0.782
Chris run 3,Rent subsidy,Key Food,0.75,1.0,236088,197702,96335,33306,68061,0.487,0.354,232401.1942,,,,,,,,,0.837
Chris run 3,FRESH tax break,Key Food,1.0,1.0,89902,95051,45034,16306,33711,0.474,0.1797,110781.3755,,,,,,,,,1.057
Chris run 3,Rent subsidy,Key Food,1.0,1.0,236088,273557,135748,45520,92289,0.496,0.472,323429.8504,,,,,,,,,1.159
Chris run 3,30% contract at existing store,Key Food,1.0,1.0,11510844,7585979,4390202,1281448,1914328,0.579,,,0.0,2230458.8227,325989.6,11184854.1439,0.6186,62021911.6832,12018000.0,0.549,0.659
Chris run 3,FRESH tax break,Food Fair,0.25,1.0,58408,14747,6164,2749,5834,0.418,0.0324,17879.6249,,,,,,,,,0.252
Chris run 3,Rent subsidy,Food Fair,0.25,1.0,210102,54433,23131,10065,21237,0.425,0.1165,66359.0236,,,,,,,,,0.259
Chris run 3,FRESH tax break,Food Fair,0.5,1.0,58408,29787,12530,5536,11721,0.421,0.0648,36190.862,,,,,,,,,0.51
Chris run 3,Rent subsidy,Food Fair,0.5,1.0,210102,112870,49059,20628,43184,0.435,0.2329,138670.0891,,,,,,,,,0.537
Chris run 3,FRESH tax break,Food Fair,0.75,1.0,58408,45127,19104,8360,17663,0.423,0.0971,54944.5401,,,,,,,,,0.773
Chris run 3,Rent subsidy,Food Fair,0.75,1.0,210102,175603,78032,31708,65863,0.444,0.3494,217448.129,,,,,,,,,0.836
Chris run 3,FRESH tax break,Food Fair,1.0,1.0,58408,60772,25891,11223,23659,0.426,0.1295,74151.5811,,,,,,,,,1.04
Chris run 3,Rent subsidy,Food Fair,1.0,1.0,210102,242922,110298,43330,89295,0.454,0.4658,303206.6789,,,,,,,,,1.156
Chris run 3,30% contract at existing store,Food Fair,1.0,1.0,11546033,7418428,4242787,1268087,1907554,0.572,,,0.0,1932969.8027,268509.71,11277523.68,0.6186,62210975.8717,10415000.0,0.5507,0.643
Chris run 3,FRESH tax break,Fine Fare,0.25,1.0,8140,2042,182,455,1405,0.089,0.0167,941.8181,,,,,,,,,0.251
Chris run 3,Rent subsidy,Fine Fare,0.25,1.0,184300,49919,5141,11184,33595,0.103,0.3773,22079.9696,,,,,,,,,0.271
Chris run 3,FRESH tax break,Fine Fare,0.5,1.0,8140,4098,367,913,2818,0.09,0.0333,1886.6282,,,,,,,,,0.503
Chris run 3,Rent subsidy,Fine Fare,0.5,1.0,184300,108782,13188,24418,71175,0.121,0.7547,45846.8225,,,,,,,,,0.59
Chris run 3,FRESH tax break,Fine Fare,0.75,1.0,8140,6168,556,1375,4237,0.09,0.05,2834.4432,,,,,,,,,0.758
Chris run 3,Rent subsidy,Fine Fare,0.75,1.0,184300,178981,25736,40060,113185,0.144,1.132,71482.1253,,,,,,,,,0.971
Chris run 3,FRESH tax break,Fine Fare,1.0,1.0,8140,8253,748,1841,5664,0.091,0.0667,3785.2758,,,,,,,,,1.014
Chris run 3,Rent subsidy,Fine Fare,1.0,1.0,184300,263810,45180,58520,160110,0.171,1.5093,99195.4545,,,,,,,,,1.431
Chris run 3,30% contract at existing store,Fine Fare,1.0,1.0,9436546,3910557,2157622,625244,1127691,0.552,,,0.0,1489842.9454,192439.72,9244106.6109,0.6198,50747368.6636,8012000.0,0.4492,0.414
Chris run 3,FRESH tax break,Food Universe,0.25,1.0,60962,15538,3551,3454,8533,0.229,0.0739,14446.4221,,,,,,,,,0.255
Chris run 3,Rent subsidy,Food Universe,0.25,1.0,187670,49842,11971,10999,26872,0.24,0.2276,46205.6179,,,,,,,,,0.266
Chris run 3,FRESH tax break,Food Universe,0.5,1.0,60962,31692,7417,7021,17254,0.234,0.1479,29424.7798,,,,,,,,,0.52
Chris run 3,Rent subsidy,Food Universe,0.5,1.0,187670,106225,27488,23143,55594,0.259,0.4553,98014.0374,,,,,,,,,0.566
Chris run 3,FRESH tax break,Food Universe,0.75,1.0,60962,48495,11625,10705,26165,0.24,0.2218,44962.184,,,,,,,,,0.795
Chris run 3,Rent subsidy,Food Universe,0.75,1.0,187670,170337,47513,36543,86281,0.279,0.6829,156367.2374,,,,,,,,,0.908
Chris run 3,FRESH tax break,Food Universe,1.0,1.0,60962,65985,16204,14509,35271,0.246,0.2958,61087.317,,,,,,,,,1.082
Chris run 3,Rent subsidy,Food Universe,1.0,1.0,187670,243588,73213,51316,119059,0.301,0.9105,222369.8811,,,,,,,,,1.298
Chris run 3,30% contract at existing store,Food Universe,1.0,1.0,10272797,5374470,3151146,861096,1362228,0.586,,,0.0,1191150.7223,248632.44,10024165.0565,0.6195,55272903.6904,6409000.0,0.4892,0.523
Chris run 3,FRESH tax break,C-Town (564),0.25,1.0,30864,7793,1936,1658,4199,0.248,0.0372,7259.0589,,,,,,,,,0.252
Chris run 3,Rent subsidy,C-Town (564),0.25,1.0,184300,48964,12885,10310,25769,0.263,0.2223,45446.1059,,,,,,,,,0.266
Chris run 3,FRESH tax break,C-Town (564),0.5,1.0,30864,15744,3957,3342,8445,0.251,0.0745,14654.8002,,,,,,,,,0.51
Chris run 3,Rent subsidy,C-Town (564),0.5,1.0,184300,104384,29450,21668,53266,0.282,0.4446,96436.8403,,,,,,,,,0.566
Chris run 3,FRESH tax break,C-Town (564),0.75,1.0,30864,23857,6066,5055,12737,0.254,0.1117,22190.7413,,,,,,,,,0.773
Chris run 3,Rent subsidy,C-Town (564),0.75,1.0,184300,167417,50647,34173,82597,0.303,0.6669,153892.6345,,,,,,,,,0.908
Chris run 3,FRESH tax break,C-Town (564),1.0,1.0,30864,32137,8265,6795,17076,0.257,0.1489,29870.5001,,,,,,,,,1.041
Chris run 3,Rent subsidy,C-Town (564),1.0,1.0,184300,239416,77613,47929,113875,0.324,0.8892,218882.7039,,,,,,,,,1.299
Chris run 3,30% contract at existing store,C-Town (564),1.0,1.0,10101868,5348235,3200496,822340,1325399,0.598,,,0.0,1191297.3536,215163.8,9886703.9092,0.6196,54346523.9396,6409000.0,0.481,0.529
Chris run 3,FRESH tax break,C-Town (809),0.25,1.0,57991,14728,3747,3202,7778,0.254,0.0585,17557.7463,,,,,,,,,0.254
Chris run 3,Rent subsidy,C-Town (809),0.25,1.0,159344,41615,10924,8997,21694,0.263,0.1607,49881.3785,,,,,,,,,0.261
Chris run 3,FRESH tax break,C-Town (809),0.5,1.0,57991,29928,7752,6486,15690,0.259,0.117,35788.8828,,,,,,,,,0.516
Chris run 3,Rent subsidy,C-Town (809),0.5,1.0,159344,87079,24015,18640,44423,0.276,0.3215,105323.9989,,,,,,,,,0.546
Chris run 3,FRESH tax break,C-Town (809),0.75,1.0,57991,45622,12030,9855,23737,0.264,0.1755,54728.2599,,,,,,,,,0.787
Chris run 3,Rent subsidy,C-Town (809),0.75,1.0,159344,136869,39663,28972,68234,0.29,0.4822,167156.8887,,,,,,,,,0.859
Chris run 3,FRESH tax break,C-Town (809),1.0,1.0,57991,61830,16600,13309,31922,0.268,0.234,74412.6267,,,,,,,,,1.066
Chris run 3,Rent subsidy,C-Town (809),1.0,1.0,159344,191520,58310,40037,93172,0.304,0.643,236324.0843,,,,,,,,,1.202
Chris run 3,30% contract at existing store,C-Town (809),1.0,1.0,10753767,5912399,3403131,970117,1539151,0.576,,,0.0,1116237.5991,217335.43,10536431.3896,0.6192,57890349.5755,6009000.0,0.5124,0.55
Chris run 3,FRESH tax break,Antillana,0.25,1.0,18597,4739,1150,1028,2561,0.243,0.0691,3827.3762,,,,,,,,,0.255
Chris run 3,Rent subsidy,Antillana,0.25,1.0,105863,29640,8001,6308,15331,0.27,0.3932,23495.7946,,,,,,,,,0.28
Chris run 3,FRESH tax break,Antillana,0.5,1.0,18597,9664,2398,2089,5177,0.248,0.1381,7775.6829,,,,,,,,,0.52
Chris run 3,Rent subsidy,Antillana,0.5,1.0,105863,67186,20716,13851,32619,0.308,0.7864,51860.4419,,,,,,,,,0.635
Chris run 3,FRESH tax break,Antillana,0.75,1.0,18597,14785,3752,3183,7850,0.254,0.2072,11850.3723,,,,,,,,,0.795
Chris run 3,Rent subsidy,Antillana,0.75,1.0,105863,115762,40790,22864,52108,0.352,1.1795,86581.6449,,,,,,,,,1.094
Chris run 3,FRESH tax break,Antillana,1.0,1.0,18597,20114,5222,4313,10579,0.26,0.2763,16057.1996,,,,,,,,,1.082
Chris run 3,Rent subsidy,Antillana,1.0,1.0,105863,179859,72167,33624,74068,0.401,1.5727,129669.6852,,,,,,,,,1.699
Chris run 3,30% contract at existing store,Antillana,1.0,1.0,7305238,3023434,2227505,324182,471747,0.737,,,0.0,448539.5461,124459.74,7180778.1584,0.6219,39153274.3545,2404000.0,0.3466,0.414
Chris run 3,FRESH tax break,Sagal,0.25,1.0,9067,2289,552,496,1241,0.241,0.0356,2104.1106,,,,,,,,,0.252
Chris run 3,Rent subsidy,Sagal,0.25,1.0,66800,17992,4673,3852,9467,0.26,0.2624,16450.3244,,,,,,,,,0.269
Chris run 3,FRESH tax break,Sagal,0.5,1.0,9067,4624,1128,1001,2495,0.244,0.0712,4246.7633,,,,,,,,,0.51
Chris run 3,Rent subsidy,Sagal,0.5,1.0,66800,38968,11048,8194,19726,0.284,0.5248,35380.7818,,,,,,,,,0.583
Chris run 3,FRESH tax break,Sagal,0.75,1.0,9067,7005,1729,1513,3763,0.247,0.1068,6428.9621,,,,,,,,,0.773
Chris run 3,Rent subsidy,Sagal,0.75,1.0,66800,63653,19726,13086,30841,0.31,0.7871,57339.1647,,,,,,,,,0.953
Chris run 3,FRESH tax break,Sagal,1.0,1.0,9067,9435,2356,2034,5045,0.25,0.1424,8651.7436,,,,,,,,,1.041
Chris run 3,Rent subsidy,Sagal,1.0,1.0,66800,92982,31503,18596,42882,0.339,1.0495,83016.8161,,,,,,,,,1.392
Chris run 3,30% contract at existing store,Sagal,1.0,1.0,7185962,2934224,2180793,307185,446246,0.743,,,0.0,373780.7662,75866.55,7110095.8204,0.622,38507820.4355,2003000.0,0.3409,0.408
Chris run 3,FRESH tax break,JJ Southern Farm,0.25,1.0,17155,4367,1053,948,2366,0.241,0.0654,6521.1729,,,,,,,,,0.255
Chris run 3,Rent subsidy,JJ Southern Farm,0.25,1.0,69008,18586,4783,3991,9812,0.257,0.2632,28564.3127,,,,,,,,,0.269
Chris run 3,FRESH tax break,JJ Southern Farm,0.5,1.0,17155,8896,2192,1924,4780,0.246,0.1309,13405.8832,,,,,,,,,0.519
Chris run 3,Rent subsidy,JJ Southern Farm,0.5,1.0,69008,40251,11313,8490,20448,0.281,0.5264,64653.1069,,,,,,,,,0.583
Chris run 3,FRESH tax break,JJ Southern Farm,0.75,1.0,17155,13595,3422,2930,7243,0.252,0.1963,20683.2575,,,,,,,,,0.792
Chris run 3,Rent subsidy,JJ Southern Farm,0.75,1.0,69008,65744,20210,13561,31973,0.307,0.7896,111208.1044,,,,,,,,,0.953
Chris run 3,FRESH tax break,JJ Southern Farm,1.0,1.0,17155,18474,4752,3967,9755,0.257,0.2617,28385.2884,,,,,,,,,1.077
Chris run 3,Rent subsidy,JJ Southern Farm,1.0,1.0,69008,96031,32295,19274,44462,0.336,1.0528,172453.6168,,,,,,,,,1.392
Chris run 3,30% contract at existing store,JJ Southern Farm,1.0,1.0,7250149,2978051,2200888,316519,460644,0.739,,,0.0,239212.2983,86163.19,7163986.2159,0.622,38855408.3655,1282000.0,0.3439,0.411
Chris run 3,N.Y.C. Groceries (new store),N.Y.C. Groceries (planned),1.0,1.0,10461952,5543587,3215825,893931,1433831,0.58,,,547958.1825,2233121.9447,361531.0,10100420.9155,0.6194,56303122.3715,12018000.0,0.4984,0.53
