store,address,license_number,bbl,agm_sqft,occupancy_basis,occupied_sqft,size_group,nopv_bldg_class,nopv_gross_sqft,nopv_gross_income,rent_psf_nopv,nopv_usable,rent_psf_nopv_peer_median,comps_basis,rent_rusa_range,rent_rusa_low,rent_rusa_high,rent_old_27_50,Rent_j_v1,rent_psf_used,Rent_j,Rent_j_low,Rent_j_high,Rent_j_change_vs_v1,rent_source
KEY FOOD,1050 WESTCHESTER AVE,601435,2027430025,15000,dof_commercial_area,12810.0,"large (5,000+ sq ft)",D9,67339.0,2001315.0,29.72,"residential mixed (63 apartments): income includes apartment rents, not usable directly",18.43,"CD2-area ZIPs, n=1 (fewer than 5; not used)","$100,000 to $250,000",100000.0,250000.0,412500.0,276450,18.43,236088,221869,245311,-40362,"DOF notice median of usable large (5,000+ sq ft) lots; own-lot notice residential mixed (63 apartments)"
FOOD FAIR FRESH MARKET,1065 E 163RD ST,603652,2027420003,13000,measured,11400.0,"large (5,000+ sq ft)",K1,22000.0,2492183.0,113.28,"multi-tenant lot (17 storefronts): average reflects small-shop rents, not usable directly for a supermarket",18.43,"CD2-area ZIPs, n=1 (fewer than 5; not used)","$100,000 to $250,000",100000.0,250000.0,357500.0,239590,18.43,210102,197448,218310,-29488,"DOF notice median of usable large (5,000+ sq ft) lots; own-lot notice multi-tenant lot (17 storefronts)"
FOOD UNIVERSE,724 HUNTS PT AVE,606156,2027630256,8000,whole_building,9800.0,"large (5,000+ sq ft)",K1,9800.0,187632.0,19.15,usable,18.43,"CD2-area ZIPs, n=1 (fewer than 5; not used)","Less than $10,000",0.0,10000.0,220000.0,153200,19.15,187670,169736,187670,34470,"DOF notice 2024-25, own lot"
FINE FARE SUPERMARKET,950 WESTCHESTER AVE,704892,2027031001,10000,condo_unit_part,10000.0,"large (5,000+ sq ft)",RK,,,,no income factors on notice (condo unit valued by market value only),18.43,"CD2-area ZIPs, n=1 (fewer than 5; not used)","$10,000 to $25,000",10000.0,25000.0,275000.0,184300,18.43,184300,173200,191500,0,"DOF notice median of usable large (5,000+ sq ft) lots; own-lot notice no income factors on notice (condo unit valued by market value only)"
C-TOWN SUPERMARKET,564 SOUTHERN BLVD,600246,2026030011,8000,dof_retail_area,10000.0,"large (5,000+ sq ft)",K2,20000.0,368690.0,18.43,usable,18.43,"CD2-area ZIPs, n=1 (fewer than 5; not used)","$50,000 to $100,000",50000.0,100000.0,220000.0,147440,18.43,184300,173200,191500,36860,"DOF notice 2024-25, own lot"
C TOWN SUPERMARKET,809 SOUTHERN BLVD,609927,2027210024,7500,measured,9200.0,"large (5,000+ sq ft)",K1,16500.0,285763.0,17.32,usable,18.43,"CD2-area ZIPs, n=1 (fewer than 5; not used)","$50,000 to $100,000",50000.0,100000.0,206250.0,129900,17.32,159344,159344,176180,29444,"DOF notice 2024-25, own lot"
ANTILLANA FRESH MEAT MARKET,1025 WESTCHESTER AVE,725894,2027260070,3000,fraction_of_building,4635.0,"small (under 5,000 sq ft)",K1,9270.0,211764.0,22.84,usable,26.72,"CD2-area ZIPs, n=2 (fewer than 5; not used)","$10,000 to $25,000",10000.0,25000.0,82500.0,68520,22.84,105863,105863,199908,37343,"DOF notice 2024-25, own lot"
JJ SOUTHERN FARM FRUIT,1046 SOUTHERN BLVD,749183,2027430015,1600,agmarkets,1600.0,"small (under 5,000 sq ft)",K1,8251.0,355892.0,43.13,usable,26.72,"CD2-area ZIPs, n=2 (fewer than 5; not used)",,,,44000.0,69008,43.13,69008,36544,69008,0,"DOF notice 2024-25, own lot"
SAGAL MEAT MARKET,1091 SOUTHERN BLVD,723677,2027270045,2500,agmarkets,2500.0,"small (under 5,000 sq ft)",K4,17600.0,470294.0,26.72,usable,26.72,"CD2-area ZIPs, n=2 (fewer than 5; not used)","Less than $10,000",0.0,10000.0,68750.0,66800,26.72,66800,57100,107825,0,"DOF notice 2024-25, own lot"
