lever,store,theta,lever_fraction,cost,dcs_total,dcs_low,dcs_mid,dcs_high,low_income_share,dp_per_basket,dcs_total_observed_Q,entry_gain_not_identified,cost_spec,rent_plus_tax,affordability_payment,kappa_j,predicted_sales,R_j,share_of_cd2_spending,dcs_per_dollar
30% contract at existing store,Food Fair,1.0,1.0,2581383,2100500,796201,411691,892608,0.379,,,0.0,1927437.5477,268509.71,2312873.564,0.6169,13948626.6787,10415000.0,0.1235,0.814
30% contract at existing store,Key Food,1.0,1.0,2531346,2058353,803024,394218,861110,0.39,,,0.0,2224573.6152,325989.6,2205356.7986,0.617,13675304.2519,12018000.0,0.121,0.813
30% contract at existing store,C-Town (809),1.0,1.0,2398644,1942124,692329,389360,860435,0.356,,,0.0,1111490.3291,217335.43,2181308.2239,0.6166,12967678.9254,6009000.0,0.1148,0.81
30% contract at existing store,Food Universe,1.0,1.0,2133317,1724925,596985,351389,776551,0.346,,,0.0,1185231.201,248632.44,1884684.3779,0.6164,11535662.8095,6409000.0,0.1021,0.809
30% contract at existing store,C-Town (564),1.0,1.0,2006936,1621423,570420,318549,732454,0.352,,,0.0,1185235.4436,215163.8,1791771.8162,0.6164,10852232.3003,6409000.0,0.0961,0.808
30% contract at existing store,Fine Fare,1.0,1.0,2336536,1877894,626428,380472,870994,0.334,,,0.0,1481165.4041,192439.72,2144095.8941,0.6162,12638914.7952,8012000.0,0.1119,0.804
30% contract at existing store,Antillana,1.0,1.0,580816,458153,169969,89525,198659,0.371,,,0.0,444896.5353,124459.74,456355.8603,0.6169,3138439.1476,2404000.0,0.0278,0.789
30% contract at existing store,JJ Southern Farm,1.0,1.0,565267,445972,164868,87242,193862,0.37,,,0.0,237245.6022,86163.19,479103.9531,0.6169,3054524.3869,1282000.0,0.027,0.789
30% contract at existing store,Sagal,1.0,1.0,550562,433949,161767,84514,187668,0.373,,,0.0,370701.0083,75866.55,474695.007,0.6169,2974836.253,2003000.0,0.0263,0.788
FRESH tax break,Key Food,0.25,1.0,89902,22537,7236,4550,10751,0.321,0.0695,16814.8944,,,,,,,,,0.251
FRESH tax break,Food Universe,0.25,1.0,60962,15274,4203,3257,7814,0.275,0.0588,17892.8374,,,,,,,,,0.251
FRESH tax break,Antillana,0.25,1.0,18597,4662,1363,965,2334,0.292,0.0691,3776.3147,,,,,,,,,0.251
FRESH tax break,JJ Southern Farm,0.25,1.0,17155,4300,1251,891,2158,0.291,0.0655,6371.2966,,,,,,,,,0.251
FRESH tax break,Food Fair,0.25,1.0,58408,14627,4533,3017,7078,0.31,0.0445,12874.8912,,,,,,,,,0.25
FRESH tax break,Fine Fare,0.25,1.0,8140,2035,530,431,1075,0.26,0.0076,2064.0483,,,,,,,,,0.25
FRESH tax break,C-Town (564),0.25,1.0,30864,7725,2163,1590,3972,0.28,0.0315,8497.8973,,,,,,,,,0.25
FRESH tax break,C-Town (809),0.25,1.0,57991,14525,4150,3054,7321,0.286,0.0494,20444.6949,,,,,,,,,0.25
FRESH tax break,Sagal,0.25,1.0,9067,2270,666,469,1135,0.293,0.0356,2089.2368,,,,,,,,,0.25
FRESH tax break,Key Food,0.5,1.0,89902,45197,14548,9118,21531,0.322,0.1391,33698.4967,,,,,,,,,0.503
FRESH tax break,Antillana,0.5,1.0,18597,9351,2740,1935,4676,0.293,0.1382,7569.8786,,,,,,,,,0.503
FRESH tax break,JJ Southern Farm,0.5,1.0,17155,8623,2516,1786,4322,0.292,0.1309,12793.0197,,,,,,,,,0.503
FRESH tax break,Food Fair,0.5,1.0,58408,29305,9096,6041,14168,0.31,0.089,25788.9389,,,,,,,,,0.502
FRESH tax break,Food Universe,0.5,1.0,60962,30617,8445,6526,15646,0.276,0.1176,35878.887,,,,,,,,,0.502
FRESH tax break,C-Town (809),0.5,1.0,57991,29105,8331,6117,14657,0.286,0.0989,40997.6389,,,,,,,,,0.502
FRESH tax break,C-Town (564),0.5,1.0,30864,15469,4337,3183,7948,0.28,0.0631,17018.2239,,,,,,,,,0.501
FRESH tax break,Sagal,0.5,1.0,9067,4546,1336,939,2272,0.294,0.0712,4184.064,,,,,,,,,0.501
FRESH tax break,Fine Fare,0.5,1.0,8140,4072,1060,862,2150,0.26,0.0152,4129.2682,,,,,,,,,0.5
FRESH tax break,Key Food,0.75,1.0,89902,67982,21936,13705,32341,0.323,0.2086,50651.1589,,,,,,,,,0.756
FRESH tax break,Antillana,0.75,1.0,18597,14066,4134,2908,7024,0.294,0.2073,11380.8014,,,,,,,,,0.756
FRESH tax break,JJ Southern Farm,0.75,1.0,17155,12970,3794,2684,6492,0.293,0.1964,19265.7263,,,,,,,,,0.756
FRESH tax break,Food Universe,0.75,1.0,60962,46027,12725,9806,23497,0.276,0.1764,53958.7922,,,,,,,,,0.755
FRESH tax break,Food Fair,0.75,1.0,58408,44033,13690,9073,21270,0.311,0.1335,38742.2937,,,,,,,,,0.754
FRESH tax break,C-Town (809),0.75,1.0,57991,43739,12543,9189,22007,0.287,0.1483,61659.5793,,,,,,,,,0.754
FRESH tax break,C-Town (564),0.75,1.0,30864,23231,6522,4779,11930,0.281,0.0946,25561.0585,,,,,,,,,0.753
FRESH tax break,Sagal,0.75,1.0,9067,6830,2009,1410,3411,0.294,0.1068,6284.5024,,,,,,,,,0.753
FRESH tax break,Fine Fare,0.75,1.0,8140,6110,1591,1294,3226,0.26,0.0228,6195.6606,,,,,,,,,0.751
N.Y.C. Groceries (new store),N.Y.C. Groceries (planned),1.0,1.0,2222385,1798540,622303,363230,813007,0.346,,,4777029.388,2222404.9331,361531.0,1860853.6136,0.6164,12017890.1196,12018000.0,0.1064,0.809
"N.Y.C. Groceries (new store), Tax_j = 0",N.Y.C. Groceries (planned),1.0,1.0,2222385,1798540,622303,363230,813007,0.346,,,4777029.388,2222404.9331,276450.0,1945934.6136,0.6164,12017890.1196,12018000.0,0.1064,0.809
Rent subsidy,Antillana,0.25,1.0,105863,26895,7964,5551,13380,0.296,0.3933,21729.085,,,,,,,,,0.254
Rent subsidy,Sagal,0.25,1.0,66800,16880,4998,3479,8403,0.296,0.2622,15524.9757,,,,,,,,,0.253
Rent subsidy,JJ Southern Farm,0.25,1.0,69008,17438,5115,3606,8717,0.293,0.2633,25937.8503,,,,,,,,,0.253
Rent subsidy,Key Food,0.25,1.0,236088,59447,19165,11988,28295,0.322,0.1826,44303.9638,,,,,,,,,0.252
Rent subsidy,Food Fair,0.25,1.0,210102,52853,16447,10888,25518,0.311,0.1601,46496.3533,,,,,,,,,0.252
Rent subsidy,Fine Fare,0.25,1.0,184300,46369,12144,9807,24417,0.262,0.172,47022.8696,,,,,,,,,0.252
Rent subsidy,Food Universe,0.25,1.0,187670,47239,13063,10064,24113,0.277,0.181,55381.2026,,,,,,,,,0.252
Rent subsidy,C-Town (564),0.25,1.0,184300,46406,13076,9539,23791,0.282,0.1884,51078.7869,,,,,,,,,0.252
Rent subsidy,C-Town (809),0.25,1.0,159344,40042,11478,8413,20151,0.287,0.1358,56436.5879,,,,,,,,,0.251
Rent subsidy,Antillana,0.5,1.0,105863,54674,16452,11240,26982,0.301,0.7865,44034.1277,,,,,,,,,0.516
Rent subsidy,Sagal,0.5,1.0,66800,34128,10212,7016,16900,0.299,0.5244,31360.7306,,,,,,,,,0.511
Rent subsidy,JJ Southern Farm,0.5,1.0,69008,35256,10453,7273,17530,0.296,0.5266,52719.4094,,,,,,,,,0.511
Rent subsidy,Key Food,0.5,1.0,236088,119756,38859,24104,56794,0.324,0.3652,89085.7123,,,,,,,,,0.507
Rent subsidy,Food Universe,0.5,1.0,187670,95130,26494,20235,48400,0.279,0.362,111658.5187,,,,,,,,,0.507
Rent subsidy,C-Town (564),0.5,1.0,184300,93484,26537,19186,47761,0.284,0.3767,102971.4119,,,,,,,,,0.507
Rent subsidy,Food Fair,0.5,1.0,210102,106367,33294,21878,51196,0.313,0.3201,93504.456,,,,,,,,,0.506
Rent subsidy,Fine Fare,0.5,1.0,184300,93331,24615,19714,49002,0.264,0.3439,94656.3678,,,,,,,,,0.506
Rent subsidy,C-Town (809),0.5,1.0,159344,80500,23196,16894,40411,0.288,0.2717,113700.3573,,,,,,,,,0.505
Rent subsidy,Antillana,0.75,1.0,105863,83379,25498,17071,40811,0.306,1.1798,66936.4796,,,,,,,,,0.788
Rent subsidy,Sagal,0.75,1.0,66800,51755,15654,10611,25490,0.302,0.7866,47515.9587,,,,,,,,,0.775
Rent subsidy,JJ Southern Farm,0.75,1.0,69008,53465,16024,11000,26442,0.3,0.7898,80383.142,,,,,,,,,0.775
Rent subsidy,Key Food,0.75,1.0,236088,180941,59095,36349,85497,0.327,0.5478,134351.6906,,,,,,,,,0.766
Rent subsidy,Food Universe,0.75,1.0,187670,143684,40305,30517,72863,0.281,0.543,168851.1425,,,,,,,,,0.766
Rent subsidy,C-Town (564),0.75,1.0,184300,141247,40394,28941,71911,0.286,0.5651,155695.0669,,,,,,,,,0.766
Rent subsidy,Food Fair,0.75,1.0,210102,160553,50547,32970,77035,0.315,0.4802,141031.4111,,,,,,,,,0.764
Rent subsidy,Fine Fare,0.75,1.0,184300,140897,37421,29722,73753,0.266,0.5159,142911.0917,,,,,,,,,0.764
Rent subsidy,C-Town (809),0.75,1.0,159344,121379,35158,25442,60779,0.29,0.4075,171807.0901,,,,,,,,,0.762
