tract_id,store,address,miles
36005008700,ANTILLANA FRESH MEAT MARKET,1025 WESTCHESTER AVE,0.515
36005008700,SAGAL MEAT MARKET,1091 SOUTHERN BLVD,0.703
36005008700,FOOD FAIR FRESH MARKET,1065 E 163RD ST,0.435
36005008700,KEY FOOD,1050 WESTCHESTER AVE,0.672
36005008700,C-TOWN SUPERMARKET,564 SOUTHERN BLVD,0.785
36005008700,JJ SOUTHERN FARM FRUIT,1046 SOUTHERN BLVD,0.591
36005008700,FINE FARE SUPERMARKET,950 WESTCHESTER AVE,0.253
36005008700,C TOWN SUPERMARKET,809 SOUTHERN BLVD,0.277
36005008700,FOOD UNIVERSE,724 HUNTS PT AVE,0.852
36005011702,ANTILLANA FRESH MEAT MARKET,1025 WESTCHESTER AVE,1.914
36005011702,SAGAL MEAT MARKET,1091 SOUTHERN BLVD,1.971
36005011702,FOOD FAIR FRESH MARKET,1065 E 163RD ST,1.574
36005011702,KEY FOOD,1050 WESTCHESTER AVE,1.883
36005011702,C-TOWN SUPERMARKET,564 SOUTHERN BLVD,1.62
36005011702,JJ SOUTHERN FARM FRUIT,1046 SOUTHERN BLVD,1.853
36005011702,FINE FARE SUPERMARKET,950 WESTCHESTER AVE,1.961
36005011702,C TOWN SUPERMARKET,809 SOUTHERN BLVD,1.549
36005011702,FOOD UNIVERSE,724 HUNTS PT AVE,0.974
36005012102,ANTILLANA FRESH MEAT MARKET,1025 WESTCHESTER AVE,0.414
36005012102,SAGAL MEAT MARKET,1091 SOUTHERN BLVD,0.226
36005012102,FOOD FAIR FRESH MARKET,1065 E 163RD ST,0.493
36005012102,KEY FOOD,1050 WESTCHESTER AVE,0.257
36005012102,C-TOWN SUPERMARKET,564 SOUTHERN BLVD,1.714
36005012102,JJ SOUTHERN FARM FRUIT,1046 SOUTHERN BLVD,0.337
36005012102,FINE FARE SUPERMARKET,950 WESTCHESTER AVE,0.675
36005012102,C TOWN SUPERMARKET,809 SOUTHERN BLVD,1.017
36005012102,FOOD UNIVERSE,724 HUNTS PT AVE,0.8
36005012901,ANTILLANA FRESH MEAT MARKET,1025 WESTCHESTER AVE,0.387
36005012901,SAGAL MEAT MARKET,1091 SOUTHERN BLVD,0.575
36005012901,FOOD FAIR FRESH MARKET,1065 E 163RD ST,0.533
36005012901,KEY FOOD,1050 WESTCHESTER AVE,0.544
36005012901,C-TOWN SUPERMARKET,564 SOUTHERN BLVD,0.913
36005012901,JJ SOUTHERN FARM FRUIT,1046 SOUTHERN BLVD,0.463
36005012901,FINE FARE SUPERMARKET,950 WESTCHESTER AVE,0.146
36005012901,C TOWN SUPERMARKET,809 SOUTHERN BLVD,0.558
36005012901,FOOD UNIVERSE,724 HUNTS PT AVE,1.133
36005012701,ANTILLANA FRESH MEAT MARKET,1025 WESTCHESTER AVE,0.156
36005012701,SAGAL MEAT MARKET,1091 SOUTHERN BLVD,0.032
36005012701,FOOD FAIR FRESH MARKET,1065 E 163RD ST,0.405
36005012701,KEY FOOD,1050 WESTCHESTER AVE,0.096
36005012701,C-TOWN SUPERMARKET,564 SOUTHERN BLVD,1.456
36005012701,JJ SOUTHERN FARM FRUIT,1046 SOUTHERN BLVD,0.127
36005012701,FINE FARE SUPERMARKET,950 WESTCHESTER AVE,0.418
36005012701,C TOWN SUPERMARKET,809 SOUTHERN BLVD,0.76
36005012701,FOOD UNIVERSE,724 HUNTS PT AVE,1.006
36005011701,ANTILLANA FRESH MEAT MARKET,1025 WESTCHESTER AVE,1.171
36005011701,SAGAL MEAT MARKET,1091 SOUTHERN BLVD,1.228
36005011701,FOOD FAIR FRESH MARKET,1065 E 163RD ST,0.832
36005011701,KEY FOOD,1050 WESTCHESTER AVE,1.141
36005011701,C-TOWN SUPERMARKET,564 SOUTHERN BLVD,1.136
36005011701,JJ SOUTHERN FARM FRUIT,1046 SOUTHERN BLVD,1.11
36005011701,FINE FARE SUPERMARKET,950 WESTCHESTER AVE,1.218
36005011701,C TOWN SUPERMARKET,809 SOUTHERN BLVD,0.806
36005011701,FOOD UNIVERSE,724 HUNTS PT AVE,0.231
36005008500,ANTILLANA FRESH MEAT MARKET,1025 WESTCHESTER AVE,0.845
36005008500,SAGAL MEAT MARKET,1091 SOUTHERN BLVD,1.033
36005008500,FOOD FAIR FRESH MARKET,1065 E 163RD ST,0.765
36005008500,KEY FOOD,1050 WESTCHESTER AVE,1.002
36005008500,C-TOWN SUPERMARKET,564 SOUTHERN BLVD,0.455
36005008500,JJ SOUTHERN FARM FRUIT,1046 SOUTHERN BLVD,0.921
36005008500,FINE FARE SUPERMARKET,950 WESTCHESTER AVE,0.584
36005008500,C TOWN SUPERMARKET,809 SOUTHERN BLVD,0.242
36005008500,FOOD UNIVERSE,724 HUNTS PT AVE,0.711
36005008900,ANTILLANA FRESH MEAT MARKET,1025 WESTCHESTER AVE,0.416
36005008900,SAGAL MEAT MARKET,1091 SOUTHERN BLVD,0.604
36005008900,FOOD FAIR FRESH MARKET,1065 E 163RD ST,0.337
36005008900,KEY FOOD,1050 WESTCHESTER AVE,0.573
36005008900,C-TOWN SUPERMARKET,564 SOUTHERN BLVD,0.884
36005008900,JJ SOUTHERN FARM FRUIT,1046 SOUTHERN BLVD,0.493
36005008900,FINE FARE SUPERMARKET,950 WESTCHESTER AVE,0.388
36005008900,C TOWN SUPERMARKET,809 SOUTHERN BLVD,0.187
36005008900,FOOD UNIVERSE,724 HUNTS PT AVE,0.6
36005015900,ANTILLANA FRESH MEAT MARKET,1025 WESTCHESTER AVE,0.134
36005015900,SAGAL MEAT MARKET,1091 SOUTHERN BLVD,0.322
36005015900,FOOD FAIR FRESH MARKET,1065 E 163RD ST,0.244
36005015900,KEY FOOD,1050 WESTCHESTER AVE,0.291
36005015900,C-TOWN SUPERMARKET,564 SOUTHERN BLVD,1.166
36005015900,JJ SOUTHERN FARM FRUIT,1046 SOUTHERN BLVD,0.21
36005015900,FINE FARE SUPERMARKET,950 WESTCHESTER AVE,0.143
36005015900,C TOWN SUPERMARKET,809 SOUTHERN BLVD,0.47
36005015900,FOOD UNIVERSE,724 HUNTS PT AVE,0.845
36005013100,ANTILLANA FRESH MEAT MARKET,1025 WESTCHESTER AVE,0.379
36005013100,SAGAL MEAT MARKET,1091 SOUTHERN BLVD,0.322
36005013100,FOOD FAIR FRESH MARKET,1065 E 163RD ST,0.719
36005013100,KEY FOOD,1050 WESTCHESTER AVE,0.41
36005013100,C-TOWN SUPERMARKET,564 SOUTHERN BLVD,1.187
36005013100,JJ SOUTHERN FARM FRUIT,1046 SOUTHERN BLVD,0.44
36005013100,FINE FARE SUPERMARKET,950 WESTCHESTER AVE,0.332
36005013100,C TOWN SUPERMARKET,809 SOUTHERN BLVD,0.744
36005013100,FOOD UNIVERSE,724 HUNTS PT AVE,1.319
36005011900,ANTILLANA FRESH MEAT MARKET,1025 WESTCHESTER AVE,0.242
36005011900,SAGAL MEAT MARKET,1091 SOUTHERN BLVD,0.299
36005011900,FOOD FAIR FRESH MARKET,1065 E 163RD ST,0.218
36005011900,KEY FOOD,1050 WESTCHESTER AVE,0.211
36005011900,C-TOWN SUPERMARKET,564 SOUTHERN BLVD,1.438
36005011900,JJ SOUTHERN FARM FRUIT,1046 SOUTHERN BLVD,0.181
36005011900,FINE FARE SUPERMARKET,950 WESTCHESTER AVE,0.4
36005011900,C TOWN SUPERMARKET,809 SOUTHERN BLVD,0.742
36005011900,FOOD UNIVERSE,724 HUNTS PT AVE,0.698
36005009302,ANTILLANA FRESH MEAT MARKET,1025 WESTCHESTER AVE,1.326
36005009302,SAGAL MEAT MARKET,1091 SOUTHERN BLVD,1.383
36005009302,FOOD FAIR FRESH MARKET,1065 E 163RD ST,0.987
36005009302,KEY FOOD,1050 WESTCHESTER AVE,1.295
36005009302,C-TOWN SUPERMARKET,564 SOUTHERN BLVD,1.033
36005009302,JJ SOUTHERN FARM FRUIT,1046 SOUTHERN BLVD,1.265
36005009302,FINE FARE SUPERMARKET,950 WESTCHESTER AVE,1.373
36005009302,C TOWN SUPERMARKET,809 SOUTHERN BLVD,0.961
36005009302,FOOD UNIVERSE,724 HUNTS PT AVE,0.667
36005009301,ANTILLANA FRESH MEAT MARKET,1025 WESTCHESTER AVE,0.883
36005009301,SAGAL MEAT MARKET,1091 SOUTHERN BLVD,0.94
36005009301,FOOD FAIR FRESH MARKET,1065 E 163RD ST,0.543
36005009301,KEY FOOD,1050 WESTCHESTER AVE,0.852
36005009301,C-TOWN SUPERMARKET,564 SOUTHERN BLVD,0.845
36005009301,JJ SOUTHERN FARM FRUIT,1046 SOUTHERN BLVD,0.822
36005009301,FINE FARE SUPERMARKET,950 WESTCHESTER AVE,0.93
36005009301,C TOWN SUPERMARKET,809 SOUTHERN BLVD,0.518
36005009301,FOOD UNIVERSE,724 HUNTS PT AVE,0.196
36005011502,ANTILLANA FRESH MEAT MARKET,1025 WESTCHESTER AVE,0.675
36005011502,SAGAL MEAT MARKET,1091 SOUTHERN BLVD,0.732
36005011502,FOOD FAIR FRESH MARKET,1065 E 163RD ST,0.336
36005011502,KEY FOOD,1050 WESTCHESTER AVE,0.645
36005011502,C-TOWN SUPERMARKET,564 SOUTHERN BLVD,1.375
36005011502,JJ SOUTHERN FARM FRUIT,1046 SOUTHERN BLVD,0.614
36005011502,FINE FARE SUPERMARKET,950 WESTCHESTER AVE,0.722
36005011502,C TOWN SUPERMARKET,809 SOUTHERN BLVD,0.678
36005011502,FOOD UNIVERSE,724 HUNTS PT AVE,0.334
36005008300,ANTILLANA FRESH MEAT MARKET,1025 WESTCHESTER AVE,1.17
36005008300,SAGAL MEAT MARKET,1091 SOUTHERN BLVD,1.358
36005008300,FOOD FAIR FRESH MARKET,1065 E 163RD ST,1.09
36005008300,KEY FOOD,1050 WESTCHESTER AVE,1.326
36005008300,C-TOWN SUPERMARKET,564 SOUTHERN BLVD,0.131
36005008300,JJ SOUTHERN FARM FRUIT,1046 SOUTHERN BLVD,1.246
36005008300,FINE FARE SUPERMARKET,950 WESTCHESTER AVE,0.908
36005008300,C TOWN SUPERMARKET,809 SOUTHERN BLVD,0.566
36005008300,FOOD UNIVERSE,724 HUNTS PT AVE,0.91
36005001904,ANTILLANA FRESH MEAT MARKET,1025 WESTCHESTER AVE,1.963
36005001904,SAGAL MEAT MARKET,1091 SOUTHERN BLVD,2.15
36005001904,FOOD FAIR FRESH MARKET,1065 E 163RD ST,1.883
36005001904,KEY FOOD,1050 WESTCHESTER AVE,2.119
36005001904,C-TOWN SUPERMARKET,564 SOUTHERN BLVD,1.127
36005001904,JJ SOUTHERN FARM FRUIT,1046 SOUTHERN BLVD,2.039
36005001904,FINE FARE SUPERMARKET,950 WESTCHESTER AVE,1.701
36005001904,C TOWN SUPERMARKET,809 SOUTHERN BLVD,1.359
36005001904,FOOD UNIVERSE,724 HUNTS PT AVE,1.703
