row_id,Company Name,Parent Company Name,Executive First Name,Executive Last Name,Professional Title,Executive Title,Executive Gender,license_number,match_notes,Address,City,State,ZIP Code,ZIP Four,Carrier Route,Delivery Point Barcode,County,Metro Area,Neighborhood,Phone Number Combined,Fax Number Combined,Toll Free Number Combined,Website,Company Description,Primary SIC Code,Primary SIC Description,Primary SIC Ad Size,Primary SIC Year Appeared,SIC Code 1,SIC Code 1 Description,SIC Code 1 Ad Size,SIC Code 1 Year Appeared,SIC Code 2,SIC Code 2 Description,SIC Code 2 Ad Size,SIC Code 2 Year Appeared,SIC Code 3,SIC Code 3 Description,SIC Code 3 Ad Size,SIC Code 3 Year Appeared,SIC Code 4,SIC Code 4 Description,SIC Code 4 Ad Size,SIC Code 4 Year Appeared,SIC Code 5,SIC Code 5 Description,SIC Code 5 Ad Size,SIC Code 5 Year Appeared,SIC Code 6,SIC Code 6 Description,SIC Code 6 Ad Size,SIC Code 6 Year Appeared,SIC Code 7,SIC Code 7 Description,SIC Code 7 Ad Size,SIC Code 7 Year Appeared,SIC Code 8,SIC Code 8 Description,SIC Code 8 Ad Size,SIC Code 8 Year Appeared,SIC Code 9,SIC Code 9 Description,SIC Code 9 Ad Size,SIC Code 9 Year Appeared,SIC Code 10,SIC Code 10 Description,SIC Code 10 Ad Size,SIC Code 10 Year Appeared,Primary NAICS,Primary NAICS Description,NAICS 1,NAICS 1 Description,NAICS 2,NAICS 2 Description,NAICS 3,NAICS 3 Description,NAICS 4,NAICS 4 Description,NAICS 5,NAICS 5 Description,NAICS 6,NAICS 6 Description,NAICS 7,NAICS 7 Description,NAICS 8,NAICS 8 Description,NAICS 9,NAICS 9 Description,NAICS 10,NAICS 10 Description,Franchise Description 1,Franchise Description 2,Franchise Description 3,Franchise Description 4,Franchise Description 5,Cuisine Code,Cuisine Code Description,Location Employee Size Range,Location Employee Size Actual,Location Sales Volume Range,Location Sales Volume Actual,Corporate Employee Size Range,Corporate Employee Size Actual,Corporate Sales Volume Range,Corporate Sales Volume Actual,Type of Business,Location Type,IUSA Number,Parent IUSA Number,Subsidiary IUSA Number,Foreign Parent Flag,EIN 1,EIN 2,EIN 3,Fortune 1000 Ranking,Credit Cards Accepted,Last Updated On,Years In Database,Year Established,Square Footage,Home Business,Credit Score Alpha,Latitude,Longitude,Government Office,Location Centerpoint,Import Export Flag,Own or Lease,Firm or Individual,Monday Open,Monday Close,Tuesday Open,Tuesday Close,Wednesday Open,Wednesday Close,Thursday Open,Thursday Close,Friday Open,Friday Close,Saturday Open,Saturday Close,Sunday Open,Sunday Close,Executive First Name 1,Executive Last Name 1,Executive Title 1,Executive Gender 1,Executive First Name 2,Executive Last Name 2,Executive Title 2,Executive Gender 2,Executive First Name 3,Executive Last Name 3,Executive Title 3,Executive Gender 3,Executive First Name 4,Executive Last Name 4,Executive Title 4,Executive Gender 4,Executive First Name 5,Executive Last Name 5,Executive Title 5,Executive Gender 5,Executive First Name 6,Executive Last Name 6,Executive Title 6,Executive Gender 6,Executive First Name 7,Executive Last Name 7,Executive Title 7,Executive Gender 7,Executive First Name 8,Executive Last Name 8,Executive Title 8,Executive Gender 8,Executive First Name 9,Executive Last Name 9,Executive Title 9,Executive Gender 9,Executive First Name 10,Executive Last Name 10,Executive Title 10,Executive Gender 10,Executive First Name 11,Executive Last Name 11,Executive Title 11,Executive Gender 11,Executive First Name 12,Executive Last Name 12,Executive Title 12,Executive Gender 12,Executive First Name 13,Executive Last Name 13,Executive Title 13,Executive Gender 13,Executive First Name 14,Executive Last Name 14,Executive Title 14,Executive Gender 14,Executive First Name 15,Executive Last Name 15,Executive Title 15,Executive Gender 15,Executive First Name 16,Executive Last Name 16,Executive Title 16,Executive Gender 16,Executive First Name 17,Executive Last Name 17,Executive Title 17,Executive Gender 17,Executive First Name 18,Executive Last Name 18,Executive Title 18,Executive Gender 18,Executive First Name 19,Executive Last Name 19,Executive Title 19,Executive Gender 19,Executive First Name 20,Executive Last Name 20,Executive Title 20,Executive Gender 20,Executive First Name 21,Executive Last Name 21,Executive Title 21,Executive Gender 21,Executive First Name 22,Executive Last Name 22,Executive Title 22,Executive Gender 22,Executive First Name 23,Executive Last Name 23,Executive Title 23,Executive Gender 23,Executive First Name 24,Executive Last Name 24,Executive Title 24,Executive Gender 24,Executive First Name 25,Executive Last Name 25,Executive Title 25,Executive Gender 25,Executive First Name 26,Executive Last Name 26,Executive Title 26,Executive Gender 26,Executive First Name 27,Executive Last Name 27,Executive Title 27,Executive Gender 27,Executive First Name 28,Executive Last Name 28,Executive Title 28,Executive Gender 28,Executive First Name 29,Executive Last Name 29,Executive Title 29,Executive Gender 29,Executive First Name 30,Executive Last Name 30,Executive Title 30,Executive Gender 30,Executive First Name 31,Executive Last Name 31,Executive Title 31,Executive Gender 31,Executive First Name 32,Executive Last Name 32,Executive Title 32,Executive Gender 32,Executive First Name 33,Executive Last Name 33,Executive Title 33,Executive Gender 33,Executive First Name 34,Executive Last Name 34,Executive Title 34,Executive Gender 34,Executive First Name 35,Executive Last Name 35,Executive Title 35,Executive Gender 35,Executive First Name 36,Executive Last Name 36,Executive Title 36,Executive Gender 36,Executive First Name 37,Executive Last Name 37,Executive Title 37,Executive Gender 37,Executive First Name 38,Executive Last Name 38,Executive Title 38,Executive Gender 38,Executive First Name 39,Executive Last Name 39,Executive Title 39,Executive Gender 39,Executive First Name 40,Executive Last Name 40,Executive Title 40,Executive Gender 40,Executive First Name 41,Executive Last Name 41,Executive Title 41,Executive Gender 41,Executive First Name 42,Executive Last Name 42,Executive Title 42,Executive Gender 42,Executive First Name 43,Executive Last Name 43,Executive Title 43,Executive Gender 43,Executive First Name 44,Executive Last Name 44,Executive Title 44,Executive Gender 44,Executive First Name 45,Executive Last Name 45,Executive Title 45,Executive Gender 45,Executive First Name 46,Executive Last Name 46,Executive Title 46,Executive Gender 46,Executive First Name 47,Executive Last Name 47,Executive Title 47,Executive Gender 47,Executive First Name 48,Executive Last Name 48,Executive Title 48,Executive Gender 48,Executive First Name 49,Executive Last Name 49,Executive Title 49,Executive Gender 49,Executive First Name 50,Executive Last Name 50,Executive Title 50,Executive Gender 50,Ticker Symbol,Stock Exchange,Accounting Expenses,Advertising  Expenses,Computer Expenses,Contract Labor Expenses,Insurance Expenses,Legal Expenses,Office Supplies Expense,Management/Administration Expenses,Package Container Expense,Payroll and Benefits Expenses,Purchase Print Expenses,Rent Expenses,Telcom Expenses,Utilities Expenses,Mailing Address,Mailing City,Mailing State,Mailing Zip Code,Mailing Zip Four,Mailing Carrier Route,Mailing Delivery Point Bar Code,Twitter,Linked-In,Facebook,Franchise/Specialty Code 2.0,Franchise/Specialty Code 2.1,Franchise/Specialty Code 3.0,Franchise/Specialty Code 3.1,Franchise/Specialty Code 4.0,Franchise/Specialty Code 4.1,Franchise/Specialty Code 5.0,Franchise/Specialty Code 5.1,Franchise/Specialty Code 6.0,Affiliated Records,Franchise/Specialty Code 6.1,Affiliated Locations,Federal Contractor,Assessor's parcel number,Appraised Value,Accessed Value,Building Count,Building Square Footage,Land Square Footage,Last Assessment Year,Market Value,Original Construction Year,Owns Location,Property Owner,Recorded Sale Date,Sale Price,Seller Name,Veteran Exemption,Census Block Group,Legal Name,Record Type
1,950 Fair Food Corp,,,,,,,704892,address does not match,967 Kelly St # 950,Bronx,NY,10459,3219,C001,998,Bronx,"New York, NY-NJ",Foxhurst,Not Available,,,,,209903,Food Products & Manufacturers,,2014,209903,Food Products & Manufacturers,,,,,,,,,,,,,,,,,,,,,,,,,,,,,,,,,,,,,,,31199906,All Other Miscellaneous Food Manufacturing,31199906,All Other Miscellaneous Food Manufacturing,,,,,,,,,,,,,,,,,,,,,,,,,,1 to 4,2,"$500,000-1 Million","$672,000 ",,0,,$0 ,Private,Single Loc,43-200-8326,0,0,,,,,0,,202411,13,,"1,500 - 2,499",No,C+,40.821817,-73.896107,0,Parcel,,Lease,2,,,,,,,,,,,,,,,,,,,,,,,,,,,,,,,,,,,,,,,,,,,,,,,,,,,,,,,,,,,,,,,,,,,,,,,,,,,,,,,,,,,,,,,,,,,,,,,,,,,,,,,,,,,,,,,,,,,,,,,,,,,,,,,,,,,,,,,,,,,,,,,,,,,,,,,,,,,,,,,,,,,,,,,,,,,,,,,,,,,,,,,,,,,,,,,,,,,,,,,,,,,,,,,,,,,,,,,,,"$2,500 to $5,000","$50,000 to $100,000","$10,000 to $50,000","$100,000 to $250,000",,"$5,000 to $10,000",,"$50,000 to $100,000",,$1 to $2.5 Million,,"$100,000 to $250,000","$5,000 to $20,000","Over $100,000",,,,,,,,,,,,,,,,,,,,0,,0,No,,0,0,0,0,0,0,0,0,,,0,0,,,5,950 FAIR FOOD CORP,Unverified
2,A & J Super Food Inc,,,,,,,,"similar to 2, 3",1019 Westchester Ave,Bronx,NY,10459,3311,C011,193,Bronx,"New York, NY-NJ",Foxhurst,Not Available,,,,,541105,Grocers-Retail,,2021,541105,Grocers-Retail,,,,,,,,,,,,,,,,,,,,,,,,,,,,,,,,,,,,,,,44511003,Supermarkets And Other Grocery Retailers (Except C,44511003,Supermarkets And Other Grocery Retailers (Except C,,,,,,,,,,,,,,,,,,,,,,,,,,1 to 4,3,"$500,000-1 Million","$618,000 ",,0,,$0 ,Private,Single Loc,75-570-7919,0,0,,,,,0,,202101,6,,"1,500 - 2,499",No,B,40.824137,-73.893312,0,Parcel,,Own,2,,,,,,,,,,,,,,,,,,,,,,,,,,,,,,,,,,,,,,,,,,,,,,,,,,,,,,,,,,,,,,,,,,,,,,,,,,,,,,,,,,,,,,,,,,,,,,,,,,,,,,,,,,,,,,,,,,,,,,,,,,,,,,,,,,,,,,,,,,,,,,,,,,,,,,,,,,,,,,,,,,,,,,,,,,,,,,,,,,,,,,,,,,,,,,,,,,,,,,,,,,,,,,,,,,,,,,,,,,,,,,,,,,,,,,,,,,,,,,,,,,,,,,,,,,0,,0,No,,0,0,0,0,0,0,0,0,,,0,0,,,2,A & J SUPER FOOD INC,Unverified
3,A & J Super Food Inc,,,,,,,725894,"similar to 2, 3",1025 Westchester Ave,Bronx,NY,10459,3311,C011,256,Bronx,"New York, NY-NJ",Foxhurst,Not Available,,,Millcreekcafeleakey.Com,,541103,Convenience Stores,,2016,541103,Convenience Stores,,,,,,,,,,,,,,,,,,,,,,,,,,,,,,,,,,,,,,,44513101,Convenience Retailers,44513101,Convenience Retailers,,,,,,,,,,,,,,,,,,,,,,,,,,1 to 4,4,"$500,000-1 Million","$824,000 ",,0,,$0 ,Private,Single Loc,72-125-4832,0,0,,,,,0,,202001,11,2016,"1 - 1,499",No,B,40.82414,-73.893305,0,Parcel,,Lease,2,,,,,,,,,,,,,,,,,,,,,,,,,,,,,,,,,,,,,,,,,,,,,,,,,,,,,,,,,,,,,,,,,,,,,,,,,,,,,,,,,,,,,,,,,,,,,,,,,,,,,,,,,,,,,,,,,,,,,,,,,,,,,,,,,,,,,,,,,,,,,,,,,,,,,,,,,,,,,,,,,,,,,,,,,,,,,,,,,,,,,,,,,,,,,,,,,,,,,,,,,,,,,,,,,,,,,,,,,Less than $500,"Less than $5,000",Less than $500,"Less than $1,000","Less than $2,500",Less than $500,"Less than $5,000","Less than $2,500","$1,000 to $5,000","Less than $100,000",Less than $500,"$10,000 to $25,000","Less than $2,000","$5,000 to $10,000",,,,,,,,,,,,,,,,,,,,0,,0,No,,0,0,0,0,0,0,0,0,,,0,0,,,2,A & J SUPER FOOD INC,Verified
4,C-Town Supermarket Supermarket,,,,,,,,,736 Hunts Point Ave,Bronx,NY,10474,,C007,,Bronx,"New York, NY-NJ",,(800) 340-6810,,8003406810,,,541105,Grocers-Retail,,2018,541105,Grocers-Retail,,,,,,,,,,,,,,,,,,,,,,,,,,,,,,,,,,,,,,,44511003,Supermarkets And Other Grocery Retailers (Except C,44511003,Supermarkets And Other Grocery Retailers (Except C,,,,,,,,,,,,,,,,,,,,,,,,,,1 to 4,3,"$500,000-1 Million","$618,000 ",,0,,$0 ,Private,Single Loc,73-695-7281,0,0,,,,,0,,201806,9,,"1,500 - 2,499",No,B,40.813804,-73.887272,0,Zip Centroid,,Own,2,,,,,,,,,,,,,,,,,,,,,,,,,,,,,,,,,,,,,,,,,,,,,,,,,,,,,,,,,,,,,,,,,,,,,,,,,,,,,,,,,,,,,,,,,,,,,,,,,,,,,,,,,,,,,,,,,,,,,,,,,,,,,,,,,,,,,,,,,,,,,,,,,,,,,,,,,,,,,,,,,,,,,,,,,,,,,,,,,,,,,,,,,,,,,,,,,,,,,,,,,,,,,,,,,,,,,,,,,Less than $500,"Less than $5,000",Less than $500,"Less than $1,000","Less than $2,500",Less than $500,"Less than $5,000","Less than $2,500","$1,000 to $5,000","Less than $100,000",Less than $500,"$10,000 to $25,000","Less than $2,000","$2,000 to $5,000",,,,,,,,,,,,,,,,,,,,0,,0,No,,0,0,0,0,0,0,0,0,,,0,0,,,1,,Unverified
5,Ctown Supermarkets,,,,,,,,,410 E 148th St,Bronx,NY,10455,4124,C004,103,Bronx,"New York, NY-NJ",Mott Haven,Not Available,,,Ctownsupermarkets.Com,,541105,Grocers-Retail,,2023,541105,Grocers-Retail,,,,,,,,,,,,,,,,,,,,,,,,,,,,,,,,,,,,,,,44511003,Supermarkets And Other Grocery Retailers (Except C,44511003,Supermarkets And Other Grocery Retailers (Except C,,,,,,,,,,,,,,,,,,,,,,,,,,10 to 19,15,$2.5-5 Million,"$3,090,000 ",,0,,$0 ,Private,Single Loc,78-345-0709,0,0,,,,,0,,202303,4,,"2,500 - 4,999",No,A,40.814954,-73.917486,0,Parcel,,Own,2,,,,,,,,,,,,,,,,,,,,,,,,,,,,,,,,,,,,,,,,,,,,,,,,,,,,,,,,,,,,,,,,,,,,,,,,,,,,,,,,,,,,,,,,,,,,,,,,,,,,,,,,,,,,,,,,,,,,,,,,,,,,,,,,,,,,,,,,,,,,,,,,,,,,,,,,,,,,,,,,,,,,,,,,,,,,,,,,,,,,,,,,,,,,,,,,,,,,,,,,,,,,,,,,,,,,,,,,,,,,,,,,,,,,,,,,,,,,,,,,,,,,,,,,,,0,,0,No,,0,0,0,0,0,0,0,0,,,0,0,,,2,,Unverified
6,Ctown Supermarkets,KRASDALE FOODS INC,Carlos,Taveras,,CEO,Male,600246,,564 Southern Blvd,Bronx,NY,10455,3715,C005,649,Bronx,"New York, NY-NJ",Longwood,(718) 665-0714,7186650715,,Locations.Ctownsupermarkets.Com,,541105,Grocers-Retail,Regular,1985,541105,Grocers-Retail,,,581208,Restaurants,,,,,,,,,,,,,,,,,,,,,,,,,,,,,,,,,,,44511003,Supermarkets And Other Grocery Retailers (Except C,44511003,Supermarkets And Other Grocery Retailers (Except C,72251117,Full-Service Restaurants,,,,,,,,,,,,,,,,,Ctown Supermarkets,,,,,,,10 to 19,14,$2.5-5 Million,"$2,884,000 ",,0,,$0 ,Private,Branch,11-396-5248,449490770,0,,,,,0,ADMV,202608,42,,"5,000 - 9,999",No,A,40.812378,-73.902751,0,Parcel,,Unknown,2,800,2100,800,2100,800,2100,800,2100,800,2100,800,2100,800,2000,Carlos,Taveras,CEO,Male,,,,,,,,,,,,,,,,,,,,,,,,,,,,,,,,,,,,,,,,,,,,,,,,,,,,,,,,,,,,,,,,,,,,,,,,,,,,,,,,,,,,,,,,,,,,,,,,,,,,,,,,,,,,,,,,,,,,,,,,,,,,,,,,,,,,,,,,,,,,,,,,,,,,,,,,,,,,,,,,,,,,,,,,,,,,,,,,,,,,,,,,,,,,,,,,,,,,,,,"$1,000 to $2,500","$20,000 to $50,000","$1,000 to $2,500","$1,000 to $10,000","$5,000 to $10,000","$1,000 to $2,500","$10,000 to $20,000","$2,500 to $5,000","$10,000 to $25,000","$250,000 to $500,000","$1,000 to $2,500","$50,000 to $100,000","$2,000 to $5,000","$25,000 to $50,000",,,,,,,,https://twitter.com/ctownmarkets,,,,,,,,,,,,0,,0,No,26030011,0,713250,1,0,12521,2025,1585000,1931,F,FEDCO PROPERTIES LLC,19990330,0,FEDCO RLTY CO (DARREN S BERGER,,5,564 GROCERY INC,Verified
7,Ctown Supermarkets,KRASDALE FOODS INC,,,,,,609927,,809 Southern Blvd,Bronx,NY,10459,5202,C018,93,Bronx,"New York, NY-NJ",Longwood,(718) 542-9393,,,Locations.Ctownsupermarkets.Com,Gift Cards Now Available For Purchase To Use At Check-Out.,541105,Grocers-Retail,Regular,1984,541105,Grocers-Retail,,,581208,Restaurants,,,,,,,,,,,,,,,,,,,,,,,,,,,,,,,,,,,44511003,Supermarkets And Other Grocery Retailers (Except C,44511003,Supermarkets And Other Grocery Retailers (Except C,72251117,Full-Service Restaurants,,,,,,,,,,,,,,,,,Ctown Supermarkets,,,,,,,10 to 19,15,$2.5-5 Million,"$3,090,000 ",,0,,$0 ,Private,Branch,11-399-7589,449490770,0,,,,,0,ADMV,202608,43,1984,"5,000 - 9,999",No,A,40.816965,-73.895813,0,Parcel,,Lease,2,800,2000,800,2000,800,2000,800,2000,800,2000,800,2000,800,1800,,,,,,,,,,,,,,,,,,,,,,,,,,,,,,,,,,,,,,,,,,,,,,,,,,,,,,,,,,,,,,,,,,,,,,,,,,,,,,,,,,,,,,,,,,,,,,,,,,,,,,,,,,,,,,,,,,,,,,,,,,,,,,,,,,,,,,,,,,,,,,,,,,,,,,,,,,,,,,,,,,,,,,,,,,,,,,,,,,,,,,,,,,,,,,,,,,,,,,,,,,,"$1,000 to $2,500","$20,000 to $50,000","$1,000 to $2,500","$1,000 to $10,000","$5,000 to $10,000","$1,000 to $2,500","$10,000 to $20,000","$2,500 to $5,000","$10,000 to $25,000","$250,000 to $500,000","$1,000 to $2,500","$50,000 to $100,000","$2,000 to $5,000","$10,000 to $25,000",,,,,,,,http://twitter.com/ctownmarkets,,,,,,,,,,,,0,,0,No,,0,0,0,0,0,0,0,0,,,0,0,,,2,,Verified
8,D & A 724 Food Corp,,Alexandro,Lopez,,CEO,,606156,,724 Hunts Point Ave,Bronx,NY,10474,5921,C007,241,Bronx,"New York, NY-NJ",Hunts Point,Not Available,,,,,581208,Restaurants,,2015,581208,Restaurants,,,,,,,,,,,,,,,,,,,,,,,,,,,,,,,,,,,,,,,72251117,Full-Service Restaurants,72251117,Full-Service Restaurants,,,,,,,,,,,,,,,,,,,,,,,,,,1 to 4,4,"Less Than $500,000","$186,000 ",,0,,$0 ,Private,Single Loc,71-538-3727,0,0,,,,,0,,202507,12,,"1 - 1,499",No,C+,40.815455,-73.886522,0,Parcel,,Own,2,,,,,,,,,,,,,,,Alexandro,Lopez,CEO,,,,,,,,,,,,,,,,,,,,,,,,,,,,,,,,,,,,,,,,,,,,,,,,,,,,,,,,,,,,,,,,,,,,,,,,,,,,,,,,,,,,,,,,,,,,,,,,,,,,,,,,,,,,,,,,,,,,,,,,,,,,,,,,,,,,,,,,,,,,,,,,,,,,,,,,,,,,,,,,,,,,,,,,,,,,,,,,,,,,,,,,,,,,,,,,,,,,,,,,Less than $500,"Less than $5,000",Less than $500,"Less than $1,000","Less than $2,500",Less than $500,"Less than $5,000","Less than $2,500","$1,000 to $5,000","Less than $100,000",Less than $500,"Less than $10,000","Less than $2,000","Less than $2,000",,,,,,,,,,,,,,,,,,,,0,,0,No,,0,0,0,0,0,0,0,0,,,0,0,,,1,D & A 724 FOOD CORP,Unverified
9,F T Meat Corp,,Marvin,Cruz,,Other,Male,603652,"similar to 9, 10, 12",1065 E 163rd St,Bronx,NY,10459,4510,C018,650,Bronx,"New York, NY-NJ",Foxhurst,(718) 620-4867,,,,,542107,Meat-Retail,,2015,542107,Meat-Retail,,,541105,Grocers-Retail,,,,,,,,,,,,,,,,,,,,,,,,,,,,,,,,,,,44524006,Meat Retailers,44524006,Meat Retailers,44511003,Supermarkets And Other Grocery Retailers (Except C,,,,,,,,,,,,,,,,,,,,,,,,5 to 9,5,"$500,000-1 Million","$820,000 ",,0,,$0 ,Private,Single Loc,71-538-2489,0,0,,,,,0,,202507,12,,"1,500 - 2,499",No,B+,40.821118,-73.890716,0,Parcel,,Own,2,,,,,,,,,,,,,,,Marvin,Cruz,Other,Male,,,,,,,,,,,,,,,,,,,,,,,,,,,,,,,,,,,,,,,,,,,,,,,,,,,,,,,,,,,,,,,,,,,,,,,,,,,,,,,,,,,,,,,,,,,,,,,,,,,,,,,,,,,,,,,,,,,,,,,,,,,,,,,,,,,,,,,,,,,,,,,,,,,,,,,,,,,,,,,,,,,,,,,,,,,,,,,,,,,,,,,,,,,,,,,,,,,,,,,"$500 to $1,000","$5,000 to $10,000","$500 to $1,000","Less than $1,000","Less than $2,500",Less than $500,"Less than $5,000","Less than $2,500","$1,000 to $5,000","$100,000 to $250,000","$500 to $1,000","$10,000 to $25,000","Less than $2,000","$10,000 to $25,000",,,,,,,,,,,,,,,,,,,,0,,0,No,,0,0,0,0,0,0,0,0,,,0,0,,,1,KT MEAT CORP,Verified
10,Fine Fare Supermarkets,,Christina,Patterson,,Sales,Female,603652,"similar to 9, 10, 12",1065 E 163rd St,Bronx,NY,10459,4510,C018,650,Bronx,"New York, NY-NJ",Foxhurst,Not Available,,,Finefaresupermarkets.Com,,541105,Grocers-Retail,,2023,541105,Grocers-Retail,,,,,,,,,,,,,,,,,,,,,,,,,,,,,,,,,,,,,,,44511003,Supermarkets And Other Grocery Retailers (Except C,44511003,Supermarkets And Other Grocery Retailers (Except C,,,,,,,,,,,,,,,,,,,,,,,,,,5 to 9,6,$1-2.5 Million,"$1,295,000 ",,0,,$0 ,Private,Single Loc,78-372-1005,0,0,,,,,0,,202303,4,,"2,500 - 4,999",No,B+,40.821118,-73.890716,0,Parcel,,Own,2,,,,,,,,,,,,,,,Christina,Patterson,Sales,Female,Carrie,Robinson,Sales,Female,Yomary,Vargas,Sales,,,,,,,,,,,,,,,,,,,,,,,,,,,,,,,,,,,,,,,,,,,,,,,,,,,,,,,,,,,,,,,,,,,,,,,,,,,,,,,,,,,,,,,,,,,,,,,,,,,,,,,,,,,,,,,,,,,,,,,,,,,,,,,,,,,,,,,,,,,,,,,,,,,,,,,,,,,,,,,,,,,,,,,,,,,,,,,,,,,,,,,,,,,,,,,,,,,,,,,,,,,,,,,,,,,,,,,,,,,,,,,,,0,,0,No,,0,0,0,0,0,0,0,0,,,0,0,,,1,,Unverified
11,Food Universe,KEY FOOD STORES CO-OPERATIVE,,,,,,,,1334 Louis Nine Blvd,Bronx,NY,10459,3458,C013,993,Bronx,"New York, NY-NJ",Crotona Park East,(718) 617-7160,,,Fooduniverse.Keyfood.Com,,541105,Grocers-Retail,Regular,2011,541105,Grocers-Retail,,,543101,Fruits & Vegetables & Produce-Retail,,,,,,,,,,,,,,,,,,,,,,,,,,,,,,,,,,,44511003,Supermarkets And Other Grocery Retailers (Except C,44511003,Supermarkets And Other Grocery Retailers (Except C,44523003,Fruit And Vegetable Retailers,,,,,,,,,,,,,,,,,,,,,,,,10 to 19,12,$1-2.5 Million,"$1,236,000 ",,0,,$0 ,Private,Branch,40-384-0487,5187059,0,,,,,0,,202608,16,,"5,000 - 9,999",No,A,40.831834,-73.892241,0,Parcel,,Unknown,2,,,,,,,,,,,,,,,,,,,,,,,,,,,,,,,,,,,,,,,,,,,,,,,,,,,,,,,,,,,,,,,,,,,,,,,,,,,,,,,,,,,,,,,,,,,,,,,,,,,,,,,,,,,,,,,,,,,,,,,,,,,,,,,,,,,,,,,,,,,,,,,,,,,,,,,,,,,,,,,,,,,,,,,,,,,,,,,,,,,,,,,,,,,,,,,,,,,,,,,,,,,,,,,,,,,,,,,,,"$2,500 to $5,000","$20,000 to $50,000","$2,500 to $5,000","$1,000 to $10,000","$10,000 to $25,000","$1,000 to $2,500","$20,000 to $50,000","$5,000 to $10,000","$10,000 to $25,000","$500,000 to $1 Million","$2,500 to $5,000","$100,000 to $250,000","$2,000 to $5,000","$50,000 to $100,000",,,,,,,,,,https://www.facebook.com/clayandersinsurancestatesville/,,,,,,,,,,0,,0,No,,0,0,0,0,0,0,0,0,,,0,0,,,1,,Verified
12,FT Meat Corp,,,,,,,603652,"similar to 9, 10, 12",Fine Fare Supermarket 1065 E 1,Bronx,NY,10459,,,,Bronx,"New York, NY-NJ",,Not Available,,,,,999977,Nonclassified Establishments,,2023,999977,Nonclassified Establishments,,,,,,,,,,,,,,,,,,,,,,,,,,,,,,,,,,,,,,,99999004,Unclassified Establishments,99999004,Unclassified Establishments,,,,,,,,,,,,,,,,,,,,,,,,,,,0,,$0 ,,0,,$0 ,Private,Single Loc,79-898-4489,0,0,,,,,0,,202308,4,,"1 - 1,499",No,U,40.825613,-73.893869,0,Zip Centroid,,Own,2,,,,,,,,,,,,,,,,,,,,,,,,,,,,,,,,,,,,,,,,,,,,,,,,,,,,,,,,,,,,,,,,,,,,,,,,,,,,,,,,,,,,,,,,,,,,,,,,,,,,,,,,,,,,,,,,,,,,,,,,,,,,,,,,,,,,,,,,,,,,,,,,,,,,,,,,,,,,,,,,,,,,,,,,,,,,,,,,,,,,,,,,,,,,,,,,,,,,,,,,,,,,,,,,,,,,,,,,,,,,,,,,,,,,,,,,,,,,,,,,,,,,,,,,,,0,,0,No,,0,0,0,0,0,0,0,0,,,0,0,,,2,FT MEAT CORP,Unverified
13,Key Food,KEY FOOD STORES CO-OPERATIVE,Narciza,Diaz,,Manager,,601435,,1050 Westchester Ave,Bronx,NY,10459,2410,C010,509,Bronx,"New York, NY-NJ",Foxhurst,(718) 860-2403,,,Keyfood.Com,,541105,Grocers-Retail,,2015,541105,Grocers-Retail,,,,,,,,,,,,,,,,,,,,,,,,,,,,,,,,,,,,,,,44511003,Supermarkets And Other Grocery Retailers (Except C,44511003,Supermarkets And Other Grocery Retailers (Except C,,,,,,,,,,,,,,,,,,,,,,,,,,5 to 9,7,$1-2.5 Million,"$1,236,000 ",,0,,$0 ,Private,Branch,71-512-7646,5187059,0,,,,,0,A,202604,12,,"2,500 - 4,999",No,B+,40.824774,-73.891362,0,Parcel,,Unknown,2,,,,,,,,,,,,,,,Narciza,Diaz,Manager,,,,,,,,,,,,,,,,,,,,,,,,,,,,,,,,,,,,,,,,,,,,,,,,,,,,,,,,,,,,,,,,,,,,,,,,,,,,,,,,,,,,,,,,,,,,,,,,,,,,,,,,,,,,,,,,,,,,,,,,,,,,,,,,,,,,,,,,,,,,,,,,,,,,,,,,,,,,,,,,,,,,,,,,,,,,,,,,,,,,,,,,,,,,,,,,,,,,,,,,"$2,500 to $5,000","$20,000 to $50,000","$2,500 to $5,000","$1,000 to $10,000","$10,000 to $25,000","$1,000 to $2,500","$20,000 to $50,000","$5,000 to $10,000","$10,000 to $25,000","$500,000 to $1 Million","$2,500 to $5,000","$100,000 to $250,000","$2,000 to $5,000","Over $100,000",,,,,,,,,,,,,,,,,,,,0,,0,No,27430025,0,3573900,1,0,17490,2025,7942000,1928,F,DTRD REALTY LLC,19920401,750000,MACMED PROPERTIES INVESTMENT L,,1,B & ME FOOD CORP,Verified
14,Key Food,KEY FOOD STORES CO-OPERATIVE,,,,,,,,862 Hunts Point Ave,Bronx,NY,10474,5407,C007,620,Bronx,"New York, NY-NJ",Hunts Point,(718) 450-3461,,,Keyfood.Com,,541105,Grocers-Retail,Regular,2013,541105,Grocers-Retail,,,,,,,,,,,,,,,,,,,,,,,,,,,,,,,,,,,,,,,44511003,Supermarkets And Other Grocery Retailers (Except C,44511003,Supermarkets And Other Grocery Retailers (Except C,,,,,,,,,,,,,,,,,,,,,,,,,,20 to 49,48,$5-10 Million,"$9,885,000 ",,0,,$0 ,Private,Branch,43-429-8635,5187059,0,,,,,0,,202503,14,,,No,A,40.818297,-73.888757,0,Parcel,,Unknown,2,,,,,,,,,,,,,,,,,,,,,,,,,,,,,,,,,,,,,,,,,,,,,,,,,,,,,,,,,,,,,,,,,,,,,,,,,,,,,,,,,,,,,,,,,,,,,,,,,,,,,,,,,,,,,,,,,,,,,,,,,,,,,,,,,,,,,,,,,,,,,,,,,,,,,,,,,,,,,,,,,,,,,,,,,,,,,,,,,,,,,,,,,,,,,,,,,,,,,,,,,,,,,,,,,,,,,,,,,,,,,,,,,,,,,,,,,,,,,,,,,,,,,,,,,,0,,0,No,,0,0,0,0,0,0,0,0,,,0,0,,,2,,Closed/Out of Business
15,Key Food Stores Co-Operative,,,,,,,,,745 Westchester Ave,Bronx,NY,10455,1602,C007,457,Bronx,"New York, NY-NJ",Woodstock,Not Available,,,Keyfood.Com,,541105,Grocers-Retail,,2023,541105,Grocers-Retail,,,,,,,,,,,,,,,,,,,,,,,,,,,,,,,,,,,,,,,44511003,Supermarkets And Other Grocery Retailers (Except C,44511003,Supermarkets And Other Grocery Retailers (Except C,,,,,,,,,,,,,,,,,,,,,,,,,,10 to 19,15,$2.5-5 Million,"$3,090,000 ",,0,,$0 ,Private,Single Loc,78-503-6520,0,0,,,,,0,,202304,4,,"2,500 - 4,999",No,A,40.81782,-73.90588,0,Parcel,,Own,2,,,,,,,,,,,,,,,,,,,,,,,,,,,,,,,,,,,,,,,,,,,,,,,,,,,,,,,,,,,,,,,,,,,,,,,,,,,,,,,,,,,,,,,,,,,,,,,,,,,,,,,,,,,,,,,,,,,,,,,,,,,,,,,,,,,,,,,,,,,,,,,,,,,,,,,,,,,,,,,,,,,,,,,,,,,,,,,,,,,,,,,,,,,,,,,,,,,,,,,,,,,,,,,,,,,,,,,,,,,,,,,,,,,,,,,,,,,,,,,,,,,,,,,,,,0,,0,No,,0,0,0,0,0,0,0,0,,,0,0,,,4,,Unverified
16,Keyfood C0-0p LLC,,Hector,Nunez,,Manager,Male,,,367 E 151st St,Bronx,NY,10455,2614,C001,994,Bronx,"New York, NY-NJ",Melrose,Not Available,,,,,999977,Nonclassified Establishments,,2022,999977,Nonclassified Establishments,,,,,,,,,,,,,,,,,,,,,,,,,,,,,,,,,,,,,,,99999004,Unclassified Establishments,99999004,Unclassified Establishments,,,,,,,,,,,,,,,,,,,,,,,,,,,0,,$0 ,,0,,$0 ,Private,Single Loc,78-180-1988,0,0,,,,,0,,202212,5,2022,"1,500 - 2,499",No,U,40.817902,-73.918296,0,Parcel,,Own,2,,,,,,,,,,,,,,,Hector,Nunez,Manager,Male,,,,,,,,,,,,,,,,,,,,,,,,,,,,,,,,,,,,,,,,,,,,,,,,,,,,,,,,,,,,,,,,,,,,,,,,,,,,,,,,,,,,,,,,,,,,,,,,,,,,,,,,,,,,,,,,,,,,,,,,,,,,,,,,,,,,,,,,,,,,,,,,,,,,,,,,,,,,,,,,,,,,,,,,,,,,,,,,,,,,,,,,,,,,,,,,,,,,,,,,,,,,,,,,,,,,,,,,,,,,,,,,,,,,,,,,0,,0,No,23980040,0,559350,1,0,2881,2025,1243000,1931,F,MELROSE PARK HOUSING DEVELOPMENT FUND CORP,19981028,0,CITY OF NEW YORK,,5,KEYFOOD C0-0P LLC,Unverified
17,Southern Blvd Meat Market Corp,,,,,,,723677,,1087 Southern Blvd # 1093,Bronx,NY,10459,2417,C019,872,Bronx,"New York, NY-NJ",Foxhurst,Not Available,,,,,542107,Meat-Retail,,2015,542107,Meat-Retail,,,,,,,,,,,,,,,,,,,,,,,,,,,,,,,,,,,,,,,44524006,Meat Retailers,44524006,Meat Retailers,,,,,,,,,,,,,,,,,,,,,,,,,,1 to 4,2,"Less Than $500,000","$299,000 ",,0,,$0 ,Private,Single Loc,71-786-6922,0,0,,,,,0,,201809,12,2015,"1,500 - 2,499",No,C+,40.825665,-73.892131,0,Parcel,,Lease,2,,,,,,,,,,,,,,,,,,,,,,,,,,,,,,,,,,,,,,,,,,,,,,,,,,,,,,,,,,,,,,,,,,,,,,,,,,,,,,,,,,,,,,,,,,,,,,,,,,,,,,,,,,,,,,,,,,,,,,,,,,,,,,,,,,,,,,,,,,,,,,,,,,,,,,,,,,,,,,,,,,,,,,,,,,,,,,,,,,,,,,,,,,,,,,,,,,,,,,,,,,,,,,,,,,,,,,,,,Less than $500,"Less than $5,000",Less than $500,"Less than $1,000","Less than $2,500",Less than $500,"Less than $5,000","Less than $2,500","$1,000 to $5,000","Less than $100,000",Less than $500,"Less than $10,000","Less than $2,000","Less than $2,000",,,,,,,,,,,,,,,,,,,,0,,0,No,,0,0,0,0,0,0,0,0,,,0,0,,,2,SOUTHERN BLVD MEAT MARKET CORP,Verified
18,S Won Provision Inc,,,,,,,749183,,1046 Southern Blvd,Bronx,NY,10459,3426,C010,466,Bronx,"New York, NY-NJ",Foxhurst,Not Available,,,,,999977,Nonclassified Establishments,,2021,999977,Nonclassified Establishments,,,,,,,,,,,,,,,,,,,,,,,,,,,,,,,,,,,,,,,99999004,Unclassified Establishments,99999004,Unclassified Establishments,,,,,,,,,,,,,,,,,,,,,,,,,,,0,,$0 ,,0,,$0 ,Private,Single Loc,76-228-6768,0,0,,,,,0,,202109,6,,"1 - 1,499",No,U,40.824162,-73.891683,0,Parcel,,Own,2,,,,,,,,,,,,,,,,,,,,,,,,,,,,,,,,,,,,,,,,,,,,,,,,,,,,,,,,,,,,,,,,,,,,,,,,,,,,,,,,,,,,,,,,,,,,,,,,,,,,,,,,,,,,,,,,,,,,,,,,,,,,,,,,,,,,,,,,,,,,,,,,,,,,,,,,,,,,,,,,,,,,,,,,,,,,,,,,,,,,,,,,,,,,,,,,,,,,,,,,,,,,,,,,,,,,,,,,,,,,,,,,,,,,,,,,,,,,,,,,,,,,,,,,,,0,,0,No,27430015,0,1037250,1,0,12000,2025,2305000,1921,F,MLM PARTNERS LLC,19941130,905000,EMIGRANT SAVINGS BANK,,1,S WON PROVISION INC,Unverified
