store,address,license_number,square_footage,p_j,snap_store_type,naics_class,rate_applied_2024,revenue_census_v2,revenue_class_rate,revenue_pooled_4451,revenue_census_v2_low,revenue_census_v2_high,Q_j_census_v2,share_of_M,revenue_census_v1,revenue_rusa_2024,revenue_fmi
KEY FOOD,1050 WESTCHESTER AVE,601435,15000,27.76,Super Store,445110,801.18,12018000.0,15664000.0,12018000.0,10469000.0,12676000.0,432925.0,0.1064,12429000.0,8032000.0,15280000.0
FOOD FAIR FRESH MARKET,1065 E 163RD ST,603652,13000,28.95,Super Store,445110,801.18,10415000.0,13575000.0,10415000.0,9073000.0,10986000.0,359758.0,0.0922,10772000.0,8032000.0,13243000.0
FINE FARE SUPERMARKET,950 WESTCHESTER AVE,704892,10000,30.32,Supermarket,445110,801.18,8012000.0,10443000.0,8012000.0,6980000.0,8451000.0,264248.0,0.0709,8286000.0,618000.0,10187000.0
FOOD UNIVERSE,724 HUNTS PT AVE,606156,8000,29.93,Supermarket,445110,801.18,6409000.0,8354000.0,6409000.0,5584000.0,6761000.0,214133.0,0.0567,6629000.0,,8149000.0
C-TOWN SUPERMARKET,564 SOUTHERN BLVD,600246,8000,28.82,Super Store,445110,801.18,6409000.0,8354000.0,6409000.0,5584000.0,6761000.0,222380.0,0.0567,6629000.0,2884000.0,8149000.0
C TOWN SUPERMARKET,809 SOUTHERN BLVD,609927,7500,28.82,Supermarket,445110,801.18,6009000.0,7832000.0,6009000.0,5235000.0,6338000.0,208501.0,0.0532,6215000.0,3090000.0,7640000.0
ANTILLANA FRESH MEAT MARKET,1025 WESTCHESTER AVE,725894,3000,28.95,Large Grocery Store,445110,801.18,2404000.0,3133000.0,2404000.0,2094000.0,2535000.0,83040.0,0.0213,2486000.0,824000.0,3056000.0
SAGAL MEAT MARKET,1091 SOUTHERN BLVD,723677,2500,28.95,Large Grocery Store,445110,801.18,2003000.0,2611000.0,2003000.0,1745000.0,2113000.0,69188.0,0.0177,2072000.0,299000.0,2547000.0
JJ SOUTHERN FARM FRUIT,1046 SOUTHERN BLVD,749183,1600,28.95,Supermarket,445110,801.18,1282000.0,1671000.0,1282000.0,1117000.0,1352000.0,44283.0,0.0113,1326000.0,,1630000.0
