Data Name,Details,Progress,Data Set / Parameter,Important Attributes,Equation # Used in,How it's used in the model,Notes,File Path,Source Name,Source
Hillier et al. 2017 FoodAPS store choice,Conditional logit of food store trips (FoodAPS),Need to Verify,Parameter,Table 2: DIST -0.3736 (z -8.67); DIST-URBAN -0.1745 (z -7.49); DIST-SNAP -0.0043 (p 0.836); distance in miles; no income interaction,1.1.1 / 1.1.2,beta_d level (~-0.55/mile urban),Convert miles to d_ij units; no income gradient; PDF not yet on main (Samuel has a copy),docs\research_papers\hillier_etal_2017_foodaps_discrete_choice.pdf,IJERPH 14(10):1133,https://pmc.ncbi.nlm.nih.gov/articles/PMC5664634/
Cao et al. 2026 willingness to travel,Distance endogeneity in retail store choice,Acquired,Parameter,"Naive estimates understate distance coefficients by 37% (income Q1) to 43% (Q4), p.7",1.1.1,beta_d sensitivity bound,General merchandise chains not grocery,docs\research_papers\cao_etal_2026_cowles_d2508_willingness_to_travel.pdf,Cowles Foundation DP 2508,https://cowles.yale.edu/sites/default/files/2026-03/d2508.pdf
Marshall & Pires travel costs,Empirical grocery store choice framework,Need to Verify,Parameter,Travel cost (convenience) drives store choice more than price or variety,1.1.1,beta_d : beta_p ratio sanity check,Published Economic Journal 128(614) 2018; file is 2017 WP; PDF not yet on main (Samuel has a copy),docs\research_papers\marshall_pires_2017_travel_costs_grocery.pdf,Economic Journal,https://g-marshall.github.io/travelcosts.pdf
Besanko Dube Gupta 2005 pass-through,Own- and cross-brand retail pass-through,Acquired,Parameter,Own-brand pass-through >60% on average for 9 of 11 categories (per-unit wholesale cost),1.3.1,theta context only,Does not contain 0.65; different mechanism from fixed-cost subsidy,docs\research_papers\besanko_dube_gupta_2005_own_crossbrand_passthrough.pdf,Marketing Science 24(1),https://www.jp-dube.com/research/papers/39f6467786_article.pdf
Dube & Gupta 2008 cross-brand pass-through,Cross-brand pass-through elasticities,Acquired,Parameter,Elasticities by category/store/promo week; no 0.65,1.3.1,theta context only,Elasticities not fractions of subsidy,docs\research_papers\dube_gupta_2008_crossbrand_passthrough.pdf,Marketing Science 27(3),https://www.jp-dube.com/research/papers/324full.pdf
Allcott et al. food deserts (NBER),Causes of nutritional inequality,Acquired,Parameter,Table 4 = nutrient preferences by income quartile (HEI units); no store-choice price coefficient,1.1.1,context; alpha_j story,Spec cites Table IV for beta_p but it does not support it,docs\research_papers\allcott_etal_2017_nber_w24094_fooddeserts.pdf,NBER WP 24094,https://www.nber.org/papers/w24094
Taylor & Villas-Boas 2016,FoodAPS mixed logit by store type and income/SNAP,Not Started,Parameter,Expected: WTP in distance by income group,1.1.1 / 1.1.2,beta_d income gradient; beta_p via WTP,Top library request (ask librarian),,AJAE 98(2):513-532,
McFadden conditional logit (1972 WP),Derivation of the conditional (multinomial) logit,Acquired,Parameter,"Gumbel(0,1) errors give the logit choice probability",1.1.1 / 1.1.3,epsilon_ij assumption; s_ij formula,"Already in repo; file is the 1972 IURD working paper, spec cites the 1974 Frontiers in Econometrics chapter",docs\research_papers\Conditional Logit Analysis of Qualitative Choice Behavior.pdf,UC Berkeley IURD WP (1972),https://escholarship.org/uc/item/61s3q2xr
Train - Discrete Choice Methods with Simulation,Textbook on logit and extensions (full book + Ch 1-3),Acquired,Other,"Logit, nested logit (IIA fix), mixed logit",1.1.3,Methods reference,Already in repo,docs\research_papers\Discrete Choice Methods with Simulation Full Book.pdf,Cambridge University Press,
Small & Rosen 1981 welfare with discrete choice,Consumer surplus in logit models (logsum),Acquired,Other,Delta CS = change in logsum / price coefficient,1.2,Delta CS formula,Already in repo; see ISSUES #4 (per trip vs per year),docs\research_papers\Applied Welfare Economics with Discrete Choice Models.pdf,Econometrica 49(1):105-130,https://www.jstor.org/stable/1911129
