row_type,store,address,snap_store_type,agm_sqft,p_j,R_j_v2,R_j_v2_low,R_j_v2_high,Q_j_v2,share_of_M,revenue_rusa_2024,occupied_sqft,Rent_j,Rent_j_low,Rent_j_high,rent_psf_used,size_group,Tax_j,Tax_j_high,tax_psf_occupied,store_status,store_short,revenue_psf,rent_plus_tax,rent_plus_tax_share_of_R
store,KEY FOOD,1050 WESTCHESTER AVE,Super Store,15000.0000,27.7600,12018000.0000,10469000.0000,12676000.0000,432925.0000,0.1064,8032000.0000,12810.0000,236088.0000,221869.0000,245311.0000,18.4300,"large (5,000+ sq ft)",89901.6000,89901.6000,7.0181,existing,Key Food,801.2000,325989.6000,0.0271
store,FOOD FAIR FRESH MARKET,1065 E 163RD ST,Super Store,13000.0000,28.9500,10415000.0000,9073000.0000,10986000.0000,359758.0000,0.0922,8032000.0000,11400.0000,210102.0000,197448.0000,218310.0000,18.4300,"large (5,000+ sq ft)",58407.7100,359037.6900,5.1235,existing,Food Fair,801.1538,268509.7100,0.0258
store,FINE FARE SUPERMARKET,950 WESTCHESTER AVE,Supermarket,10000.0000,30.3200,8012000.0000,6980000.0000,8451000.0000,264248.0000,0.0709,618000.0000,10000.0000,184300.0000,173200.0000,191500.0000,18.4300,"large (5,000+ sq ft)",8139.7200,8139.7200,0.8140,existing,Fine Fare,801.2000,192439.7200,0.0240
store,FOOD UNIVERSE,724 HUNTS PT AVE,Supermarket,8000.0000,29.9300,6409000.0000,5584000.0000,6761000.0000,214133.0000,0.0567,,9800.0000,187670.0000,169736.0000,187670.0000,19.1500,"large (5,000+ sq ft)",60962.4400,60962.4400,6.2207,existing,Food Universe,801.1250,248632.4400,0.0388
store,C-TOWN SUPERMARKET,564 SOUTHERN BLVD,Super Store,8000.0000,28.8200,6409000.0000,5584000.0000,6761000.0000,222380.0000,0.0567,2884000.0000,10000.0000,184300.0000,173200.0000,191500.0000,18.4300,"large (5,000+ sq ft)",30863.8000,30863.8000,3.0864,existing,C-Town (564),801.1250,215163.8000,0.0336
store,C TOWN SUPERMARKET,809 SOUTHERN BLVD,Supermarket,7500.0000,28.8200,6009000.0000,5235000.0000,6338000.0000,208501.0000,0.0532,3090000.0000,9200.0000,159344.0000,159344.0000,176180.0000,17.3200,"large (5,000+ sq ft)",57991.4300,57991.4300,6.3034,existing,C-Town (809),801.2000,217335.4300,0.0362
store,ANTILLANA FRESH MEAT MARKET,1025 WESTCHESTER AVE,Large Grocery Store,3000.0000,28.9500,2404000.0000,2094000.0000,2535000.0000,83040.0000,0.0213,824000.0000,4635.0000,105863.0000,105863.0000,199908.0000,22.8400,"small (under 5,000 sq ft)",18596.7400,18596.7400,4.0122,existing,Antillana,801.3333,124459.7400,0.0518
store,SAGAL MEAT MARKET,1091 SOUTHERN BLVD,Large Grocery Store,2500.0000,28.9500,2003000.0000,1745000.0000,2113000.0000,69188.0000,0.0177,299000.0000,2500.0000,66800.0000,57100.0000,107825.0000,26.7200,"small (under 5,000 sq ft)",9066.5500,9066.5500,3.6266,existing,Sagal,801.2000,75866.5500,0.0379
store,JJ SOUTHERN FARM FRUIT,1046 SOUTHERN BLVD,Supermarket,1600.0000,28.9500,1282000.0000,1117000.0000,1352000.0000,44283.0000,0.0113,,1600.0000,69008.0000,36544.0000,69008.0000,43.1300,"small (under 5,000 sq ft)",17155.1900,17155.1900,10.7220,existing,JJ Southern Farm,801.2500,86163.1900,0.0672
store,N.Y.C. GROCERIES (PLANNED),1215 SPOFFORD AVE,(planned),15000.0000,28.9500,12018000.0000,10469000.0000,12676000.0000,415130.0000,0.1064,,15000.0000,276450.0000,,,18.4300,"large (5,000+ sq ft)",85081.0000,,5.6721,planned,N.Y.C. Groceries (planned),801.2000,361531.0000,0.0301
summary,Total (9 existing),,,68600.0000,,54961000.0000,47881000.0000,57973000.0000,1898456.0000,0.4864,23779000.0000,71945.0000,1403475.0000,1294304.0000,1587212.0000,,,351085.1800,651715.1600,,,Total (9 existing),,1754560.1800,0.0319
summary,Mean (9 existing),,,7622.2222,29.0500,6106777.7778,5320111.1111,6441444.4444,210939.5556,0.0540,3397000.0000,7993.8889,155941.6667,143811.5556,176356.8889,22.5422,,39009.4644,72412.7956,5.2141,,Mean (9 existing),801.1986,194951.1311,0.0380
summary,Median (9 existing),,,8000.0000,28.9500,6409000.0000,5584000.0000,6761000.0000,214133.0000,0.0567,2884000.0000,9800.0000,184300.0000,169736.0000,191500.0000,18.4300,,30863.8000,30863.8000,5.1235,,Median (9 existing),801.2000,215163.8000,0.0362
summary,Min (9 existing),,,1600.0000,27.7600,1282000.0000,1117000.0000,1352000.0000,44283.0000,0.0113,299000.0000,1600.0000,66800.0000,36544.0000,69008.0000,17.3200,,8139.7200,8139.7200,0.8140,,Min (9 existing),801.1250,75866.5500,0.0240
summary,Max (9 existing),,,15000.0000,30.3200,12018000.0000,10469000.0000,12676000.0000,432925.0000,0.1064,8032000.0000,12810.0000,236088.0000,221869.0000,245311.0000,43.1300,,89901.6000,359037.6900,10.7220,,Max (9 existing),801.3333,325989.6000,0.0672
