cs_target,lever,store,theta,min_subsidy,subsidy_per_dollar_cs,low_income_share,max_dcs_within_lever,reachable
50000,FRESH tax break,Key Food,0.25,,,,22789,not reachable
100000,FRESH tax break,Key Food,0.25,,,,22789,not reachable
250000,FRESH tax break,Key Food,0.25,,,,22789,not reachable
500000,FRESH tax break,Key Food,0.25,,,,22789,not reachable
1000000,FRESH tax break,Key Food,0.25,,,,22789,not reachable
50000,Rent subsidy,Key Food,0.25,194089.0,3.882,0.468,61215,yes
100000,Rent subsidy,Key Food,0.25,,,,61215,not reachable
250000,Rent subsidy,Key Food,0.25,,,,61215,not reachable
500000,Rent subsidy,Key Food,0.25,,,,61215,not reachable
1000000,Rent subsidy,Key Food,0.25,,,,61215,not reachable
50000,FRESH tax break,Key Food,0.5,,,,46216,not reachable
100000,FRESH tax break,Key Food,0.5,,,,46216,not reachable
250000,FRESH tax break,Key Food,0.5,,,,46216,not reachable
500000,FRESH tax break,Key Food,0.5,,,,46216,not reachable
1000000,FRESH tax break,Key Food,0.5,,,,46216,not reachable
50000,Rent subsidy,Key Food,0.5,97040.0,1.941,0.468,127017,yes
100000,Rent subsidy,Key Food,0.5,188643.0,1.886,0.474,127017,yes
250000,Rent subsidy,Key Food,0.5,,,,127017,not reachable
500000,Rent subsidy,Key Food,0.5,,,,127017,not reachable
1000000,Rent subsidy,Key Food,0.5,,,,127017,not reachable
50000,FRESH tax break,Key Food,0.75,64696.0,1.294,0.468,70298,yes
100000,FRESH tax break,Key Food,0.75,,,,70298,not reachable
250000,FRESH tax break,Key Food,0.75,,,,70298,not reachable
500000,FRESH tax break,Key Food,0.75,,,,70298,not reachable
1000000,FRESH tax break,Key Food,0.75,,,,70298,not reachable
50000,Rent subsidy,Key Food,0.75,64682.0,1.294,0.468,197702,yes
100000,Rent subsidy,Key Food,0.75,125748.0,1.257,0.475,197702,yes
250000,Rent subsidy,Key Food,0.75,,,,197702,not reachable
500000,Rent subsidy,Key Food,0.75,,,,197702,not reachable
1000000,Rent subsidy,Key Food,0.75,,,,197702,not reachable
50000,30% contract at existing store,Key Food,1.0,325990.0,6.52,0.486,7585979,yes
100000,30% contract at existing store,Key Food,1.0,325990.0,3.26,0.486,7585979,yes
250000,30% contract at existing store,Key Food,1.0,343670.0,1.375,0.506,7585979,yes
500000,30% contract at existing store,Key Food,1.0,623167.0,1.246,0.542,7585979,yes
1000000,30% contract at existing store,Key Food,1.0,1386552.0,1.387,0.571,7585979,yes
50000,FRESH tax break,Food Fair,0.25,,,,14747,not reachable
100000,FRESH tax break,Food Fair,0.25,,,,14747,not reachable
250000,FRESH tax break,Food Fair,0.25,,,,14747,not reachable
500000,FRESH tax break,Food Fair,0.25,,,,14747,not reachable
1000000,FRESH tax break,Food Fair,0.25,,,,14747,not reachable
50000,Rent subsidy,Food Fair,0.25,193535.0,3.871,0.424,54433,yes
100000,Rent subsidy,Food Fair,0.25,,,,54433,not reachable
250000,Rent subsidy,Food Fair,0.25,,,,54433,not reachable
500000,Rent subsidy,Food Fair,0.25,,,,54433,not reachable
1000000,Rent subsidy,Food Fair,0.25,,,,54433,not reachable
50000,FRESH tax break,Food Fair,0.5,,,,29787,not reachable
100000,FRESH tax break,Food Fair,0.5,,,,29787,not reachable
250000,FRESH tax break,Food Fair,0.5,,,,29787,not reachable
500000,FRESH tax break,Food Fair,0.5,,,,29787,not reachable
1000000,FRESH tax break,Food Fair,0.5,,,,29787,not reachable
50000,Rent subsidy,Food Fair,0.5,96763.0,1.935,0.425,112870,yes
100000,Rent subsidy,Food Fair,0.5,187594.0,1.876,0.433,112870,yes
250000,Rent subsidy,Food Fair,0.5,,,,112870,not reachable
500000,Rent subsidy,Food Fair,0.5,,,,112870,not reachable
1000000,Rent subsidy,Food Fair,0.5,,,,112870,not reachable
50000,FRESH tax break,Food Fair,0.75,,,,45127,not reachable
100000,FRESH tax break,Food Fair,0.75,,,,45127,not reachable
250000,FRESH tax break,Food Fair,0.75,,,,45127,not reachable
500000,FRESH tax break,Food Fair,0.75,,,,45127,not reachable
1000000,FRESH tax break,Food Fair,0.75,,,,45127,not reachable
50000,Rent subsidy,Food Fair,0.75,64507.0,1.29,0.425,175603,yes
100000,Rent subsidy,Food Fair,0.75,125061.0,1.251,0.433,175603,yes
250000,Rent subsidy,Food Fair,0.75,,,,175603,not reachable
500000,Rent subsidy,Food Fair,0.75,,,,175603,not reachable
1000000,Rent subsidy,Food Fair,0.75,,,,175603,not reachable
50000,30% contract at existing store,Food Fair,1.0,268510.0,5.37,0.443,7418428,yes
100000,30% contract at existing store,Food Fair,1.0,268510.0,2.685,0.443,7418428,yes
250000,30% contract at existing store,Food Fair,1.0,311798.0,1.247,0.465,7418428,yes
500000,30% contract at existing store,Food Fair,1.0,639012.0,1.278,0.506,7418428,yes
1000000,30% contract at existing store,Food Fair,1.0,1433451.0,1.433,0.541,7418428,yes
50000,FRESH tax break,Fine Fare,0.25,,,,2042,not reachable
100000,FRESH tax break,Fine Fare,0.25,,,,2042,not reachable
250000,FRESH tax break,Fine Fare,0.25,,,,2042,not reachable
500000,FRESH tax break,Fine Fare,0.25,,,,2042,not reachable
1000000,FRESH tax break,Fine Fare,0.25,,,,2042,not reachable
50000,Rent subsidy,Fine Fare,0.25,,,,49919,not reachable
100000,Rent subsidy,Fine Fare,0.25,,,,49919,not reachable
250000,Rent subsidy,Fine Fare,0.25,,,,49919,not reachable
500000,Rent subsidy,Fine Fare,0.25,,,,49919,not reachable
1000000,Rent subsidy,Fine Fare,0.25,,,,49919,not reachable
50000,FRESH tax break,Fine Fare,0.5,,,,4098,not reachable
100000,FRESH tax break,Fine Fare,0.5,,,,4098,not reachable
250000,FRESH tax break,Fine Fare,0.5,,,,4098,not reachable
500000,FRESH tax break,Fine Fare,0.5,,,,4098,not reachable
1000000,FRESH tax break,Fine Fare,0.5,,,,4098,not reachable
50000,Rent subsidy,Fine Fare,0.5,92287.0,1.846,0.105,108782,yes
100000,Rent subsidy,Fine Fare,0.5,171496.0,1.715,0.119,108782,yes
250000,Rent subsidy,Fine Fare,0.5,,,,108782,not reachable
500000,Rent subsidy,Fine Fare,0.5,,,,108782,not reachable
1000000,Rent subsidy,Fine Fare,0.5,,,,108782,not reachable
50000,FRESH tax break,Fine Fare,0.75,,,,6168,not reachable
100000,FRESH tax break,Fine Fare,0.75,,,,6168,not reachable
250000,FRESH tax break,Fine Fare,0.75,,,,6168,not reachable
500000,FRESH tax break,Fine Fare,0.75,,,,6168,not reachable
1000000,FRESH tax break,Fine Fare,0.75,,,,6168,not reachable
50000,Rent subsidy,Fine Fare,0.75,61500.0,1.23,0.104,178981,yes
100000,Rent subsidy,Fine Fare,0.75,114314.0,1.143,0.12,178981,yes
250000,Rent subsidy,Fine Fare,0.75,,,,178981,not reachable
500000,Rent subsidy,Fine Fare,0.75,,,,178981,not reachable
1000000,Rent subsidy,Fine Fare,0.75,,,,178981,not reachable
50000,30% contract at existing store,Fine Fare,1.0,192440.0,3.849,0.114,3910557,yes
100000,30% contract at existing store,Fine Fare,1.0,192440.0,1.924,0.13,3910557,yes
250000,30% contract at existing store,Fine Fare,1.0,352560.0,1.41,0.192,3910557,yes
500000,30% contract at existing store,Fine Fare,1.0,882133.0,1.764,0.281,3910557,yes
1000000,30% contract at existing store,Fine Fare,1.0,2241474.0,2.241,0.384,3910557,yes
50000,FRESH tax break,Food Universe,0.25,,,,15538,not reachable
100000,FRESH tax break,Food Universe,0.25,,,,15538,not reachable
250000,FRESH tax break,Food Universe,0.25,,,,15538,not reachable
500000,FRESH tax break,Food Universe,0.25,,,,15538,not reachable
1000000,FRESH tax break,Food Universe,0.25,,,,15538,not reachable
50000,Rent subsidy,Food Universe,0.25,,,,49842,not reachable
100000,Rent subsidy,Food Universe,0.25,,,,49842,not reachable
250000,Rent subsidy,Food Universe,0.25,,,,49842,not reachable
500000,Rent subsidy,Food Universe,0.25,,,,49842,not reachable
1000000,Rent subsidy,Food Universe,0.25,,,,49842,not reachable
50000,FRESH tax break,Food Universe,0.5,,,,31692,not reachable
100000,FRESH tax break,Food Universe,0.5,,,,31692,not reachable
250000,FRESH tax break,Food Universe,0.5,,,,31692,not reachable
500000,FRESH tax break,Food Universe,0.5,,,,31692,not reachable
1000000,FRESH tax break,Food Universe,0.5,,,,31692,not reachable
50000,Rent subsidy,Food Universe,0.5,94113.0,1.882,0.242,106225,yes
100000,Rent subsidy,Food Universe,0.5,177872.0,1.779,0.257,106225,yes
250000,Rent subsidy,Food Universe,0.5,,,,106225,not reachable
500000,Rent subsidy,Food Universe,0.5,,,,106225,not reachable
1000000,Rent subsidy,Food Universe,0.5,,,,106225,not reachable
50000,FRESH tax break,Food Universe,0.75,,,,48495,not reachable
100000,FRESH tax break,Food Universe,0.75,,,,48495,not reachable
250000,FRESH tax break,Food Universe,0.75,,,,48495,not reachable
500000,FRESH tax break,Food Universe,0.75,,,,48495,not reachable
1000000,FRESH tax break,Food Universe,0.75,,,,48495,not reachable
50000,Rent subsidy,Food Universe,0.75,62724.0,1.254,0.241,170337,yes
100000,Rent subsidy,Food Universe,0.75,118563.0,1.186,0.258,170337,yes
250000,Rent subsidy,Food Universe,0.75,,,,170337,not reachable
500000,Rent subsidy,Food Universe,0.75,,,,170337,not reachable
1000000,Rent subsidy,Food Universe,0.75,,,,170337,not reachable
50000,30% contract at existing store,Food Universe,1.0,248632.0,4.973,0.248,5374470,yes
100000,30% contract at existing store,Food Universe,1.0,248632.0,2.486,0.271,5374470,yes
250000,30% contract at existing store,Food Universe,1.0,326789.0,1.307,0.324,5374470,yes
500000,30% contract at existing store,Food Universe,1.0,772270.0,1.545,0.382,5374470,yes
1000000,30% contract at existing store,Food Universe,1.0,1846226.0,1.846,0.468,5374470,yes
50000,FRESH tax break,C-Town (564),0.25,,,,7793,not reachable
100000,FRESH tax break,C-Town (564),0.25,,,,7793,not reachable
250000,FRESH tax break,C-Town (564),0.25,,,,7793,not reachable
500000,FRESH tax break,C-Town (564),0.25,,,,7793,not reachable
1000000,FRESH tax break,C-Town (564),0.25,,,,7793,not reachable
50000,Rent subsidy,C-Town (564),0.25,,,,48964,not reachable
100000,Rent subsidy,C-Town (564),0.25,,,,48964,not reachable
250000,Rent subsidy,C-Town (564),0.25,,,,48964,not reachable
500000,Rent subsidy,C-Town (564),0.25,,,,48964,not reachable
1000000,Rent subsidy,C-Town (564),0.25,,,,48964,not reachable
50000,FRESH tax break,C-Town (564),0.5,,,,15744,not reachable
100000,FRESH tax break,C-Town (564),0.5,,,,15744,not reachable
250000,FRESH tax break,C-Town (564),0.5,,,,15744,not reachable
500000,FRESH tax break,C-Town (564),0.5,,,,15744,not reachable
1000000,FRESH tax break,C-Town (564),0.5,,,,15744,not reachable
50000,Rent subsidy,C-Town (564),0.5,93974.0,1.879,0.265,104384,yes
100000,Rent subsidy,C-Town (564),0.5,177411.0,1.774,0.282,104384,yes
250000,Rent subsidy,C-Town (564),0.5,,,,104384,not reachable
500000,Rent subsidy,C-Town (564),0.5,,,,104384,not reachable
1000000,Rent subsidy,C-Town (564),0.5,,,,104384,not reachable
50000,FRESH tax break,C-Town (564),0.75,,,,23857,not reachable
100000,FRESH tax break,C-Town (564),0.75,,,,23857,not reachable
250000,FRESH tax break,C-Town (564),0.75,,,,23857,not reachable
500000,FRESH tax break,C-Town (564),0.75,,,,23857,not reachable
1000000,FRESH tax break,C-Town (564),0.75,,,,23857,not reachable
50000,Rent subsidy,C-Town (564),0.75,62641.0,1.253,0.264,167417,yes
100000,Rent subsidy,C-Town (564),0.75,118269.0,1.183,0.281,167417,yes
250000,Rent subsidy,C-Town (564),0.75,,,,167417,not reachable
500000,Rent subsidy,C-Town (564),0.75,,,,167417,not reachable
1000000,Rent subsidy,C-Town (564),0.75,,,,167417,not reachable
50000,30% contract at existing store,C-Town (564),1.0,215164.0,4.303,0.272,5348235,yes
100000,30% contract at existing store,C-Town (564),1.0,215164.0,2.152,0.296,5348235,yes
250000,30% contract at existing store,C-Town (564),1.0,327832.0,1.311,0.35,5348235,yes
500000,30% contract at existing store,C-Town (564),1.0,773064.0,1.546,0.408,5348235,yes
1000000,30% contract at existing store,C-Town (564),1.0,1836142.0,1.836,0.491,5348235,yes
50000,FRESH tax break,C-Town (809),0.25,,,,14728,not reachable
100000,FRESH tax break,C-Town (809),0.25,,,,14728,not reachable
250000,FRESH tax break,C-Town (809),0.25,,,,14728,not reachable
500000,FRESH tax break,C-Town (809),0.25,,,,14728,not reachable
1000000,FRESH tax break,C-Town (809),0.25,,,,14728,not reachable
50000,Rent subsidy,C-Town (809),0.25,,,,41615,not reachable
100000,Rent subsidy,C-Town (809),0.25,,,,41615,not reachable
250000,Rent subsidy,C-Town (809),0.25,,,,41615,not reachable
500000,Rent subsidy,C-Town (809),0.25,,,,41615,not reachable
1000000,Rent subsidy,C-Town (809),0.25,,,,41615,not reachable
50000,FRESH tax break,C-Town (809),0.5,,,,29928,not reachable
100000,FRESH tax break,C-Town (809),0.5,,,,29928,not reachable
250000,FRESH tax break,C-Town (809),0.5,,,,29928,not reachable
500000,FRESH tax break,C-Town (809),0.5,,,,29928,not reachable
1000000,FRESH tax break,C-Town (809),0.5,,,,29928,not reachable
50000,Rent subsidy,C-Town (809),0.5,94910.0,1.898,0.265,87079,yes
100000,Rent subsidy,C-Town (809),0.5,,,,87079,not reachable
250000,Rent subsidy,C-Town (809),0.5,,,,87079,not reachable
500000,Rent subsidy,C-Town (809),0.5,,,,87079,not reachable
1000000,Rent subsidy,C-Town (809),0.5,,,,87079,not reachable
50000,FRESH tax break,C-Town (809),0.75,,,,45622,not reachable
100000,FRESH tax break,C-Town (809),0.75,,,,45622,not reachable
250000,FRESH tax break,C-Town (809),0.75,,,,45622,not reachable
500000,FRESH tax break,C-Town (809),0.75,,,,45622,not reachable
1000000,FRESH tax break,C-Town (809),0.75,,,,45622,not reachable
50000,Rent subsidy,C-Town (809),0.75,63273.0,1.265,0.265,136869,yes
100000,Rent subsidy,C-Town (809),0.75,120483.0,1.205,0.281,136869,yes
250000,Rent subsidy,C-Town (809),0.75,,,,136869,not reachable
500000,Rent subsidy,C-Town (809),0.75,,,,136869,not reachable
1000000,Rent subsidy,C-Town (809),0.75,,,,136869,not reachable
50000,30% contract at existing store,C-Town (809),1.0,217335.0,4.347,0.276,5912399,yes
100000,30% contract at existing store,C-Town (809),1.0,217335.0,2.173,0.3,5912399,yes
250000,30% contract at existing store,C-Town (809),1.0,313904.0,1.256,0.353,5912399,yes
500000,30% contract at existing store,C-Town (809),1.0,731877.0,1.464,0.409,5912399,yes
1000000,30% contract at existing store,C-Town (809),1.0,1735300.0,1.735,0.463,5912399,yes
50000,FRESH tax break,Antillana,0.25,,,,4739,not reachable
100000,FRESH tax break,Antillana,0.25,,,,4739,not reachable
250000,FRESH tax break,Antillana,0.25,,,,4739,not reachable
500000,FRESH tax break,Antillana,0.25,,,,4739,not reachable
1000000,FRESH tax break,Antillana,0.25,,,,4739,not reachable
50000,Rent subsidy,Antillana,0.25,,,,29640,not reachable
100000,Rent subsidy,Antillana,0.25,,,,29640,not reachable
250000,Rent subsidy,Antillana,0.25,,,,29640,not reachable
500000,Rent subsidy,Antillana,0.25,,,,29640,not reachable
1000000,Rent subsidy,Antillana,0.25,,,,29640,not reachable
50000,FRESH tax break,Antillana,0.5,,,,9664,not reachable
100000,FRESH tax break,Antillana,0.5,,,,9664,not reachable
250000,FRESH tax break,Antillana,0.5,,,,9664,not reachable
500000,FRESH tax break,Antillana,0.5,,,,9664,not reachable
1000000,FRESH tax break,Antillana,0.5,,,,9664,not reachable
50000,Rent subsidy,Antillana,0.5,83230.0,1.665,0.292,67186,yes
100000,Rent subsidy,Antillana,0.5,,,,67186,not reachable
250000,Rent subsidy,Antillana,0.5,,,,67186,not reachable
500000,Rent subsidy,Antillana,0.5,,,,67186,not reachable
1000000,Rent subsidy,Antillana,0.5,,,,67186,not reachable
50000,FRESH tax break,Antillana,0.75,,,,14785,not reachable
100000,FRESH tax break,Antillana,0.75,,,,14785,not reachable
250000,FRESH tax break,Antillana,0.75,,,,14785,not reachable
500000,FRESH tax break,Antillana,0.75,,,,14785,not reachable
1000000,FRESH tax break,Antillana,0.75,,,,14785,not reachable
50000,Rent subsidy,Antillana,0.75,55472.0,1.109,0.294,115762,yes
100000,Rent subsidy,Antillana,0.75,95416.0,0.954,0.345,115762,yes
250000,Rent subsidy,Antillana,0.75,,,,115762,not reachable
500000,Rent subsidy,Antillana,0.75,,,,115762,not reachable
1000000,Rent subsidy,Antillana,0.75,,,,115762,not reachable
50000,30% contract at existing store,Antillana,1.0,124460.0,2.489,0.317,3023434,yes
100000,30% contract at existing store,Antillana,1.0,140324.0,1.403,0.347,3023434,yes
250000,30% contract at existing store,Antillana,1.0,461710.0,1.847,0.488,3023434,yes
500000,30% contract at existing store,Antillana,1.0,1151630.0,2.303,0.56,3023434,yes
1000000,30% contract at existing store,Antillana,1.0,2637415.0,2.637,0.672,3023434,yes
50000,FRESH tax break,Sagal,0.25,,,,2289,not reachable
100000,FRESH tax break,Sagal,0.25,,,,2289,not reachable
250000,FRESH tax break,Sagal,0.25,,,,2289,not reachable
500000,FRESH tax break,Sagal,0.25,,,,2289,not reachable
1000000,FRESH tax break,Sagal,0.25,,,,2289,not reachable
50000,Rent subsidy,Sagal,0.25,,,,17992,not reachable
100000,Rent subsidy,Sagal,0.25,,,,17992,not reachable
250000,Rent subsidy,Sagal,0.25,,,,17992,not reachable
500000,Rent subsidy,Sagal,0.25,,,,17992,not reachable
1000000,Rent subsidy,Sagal,0.25,,,,17992,not reachable
50000,FRESH tax break,Sagal,0.5,,,,4624,not reachable
100000,FRESH tax break,Sagal,0.5,,,,4624,not reachable
250000,FRESH tax break,Sagal,0.5,,,,4624,not reachable
500000,FRESH tax break,Sagal,0.5,,,,4624,not reachable
1000000,FRESH tax break,Sagal,0.5,,,,4624,not reachable
50000,Rent subsidy,Sagal,0.5,,,,38968,not reachable
100000,Rent subsidy,Sagal,0.5,,,,38968,not reachable
250000,Rent subsidy,Sagal,0.5,,,,38968,not reachable
500000,Rent subsidy,Sagal,0.5,,,,38968,not reachable
1000000,Rent subsidy,Sagal,0.5,,,,38968,not reachable
50000,FRESH tax break,Sagal,0.75,,,,7005,not reachable
100000,FRESH tax break,Sagal,0.75,,,,7005,not reachable
250000,FRESH tax break,Sagal,0.75,,,,7005,not reachable
500000,FRESH tax break,Sagal,0.75,,,,7005,not reachable
1000000,FRESH tax break,Sagal,0.75,,,,7005,not reachable
50000,Rent subsidy,Sagal,0.75,54938.0,1.099,0.298,63653,yes
100000,Rent subsidy,Sagal,0.75,,,,63653,not reachable
250000,Rent subsidy,Sagal,0.75,,,,63653,not reachable
500000,Rent subsidy,Sagal,0.75,,,,63653,not reachable
1000000,Rent subsidy,Sagal,0.75,,,,63653,not reachable
50000,30% contract at existing store,Sagal,1.0,78824.0,1.576,0.318,2934224,yes
100000,30% contract at existing store,Sagal,1.0,141590.0,1.416,0.382,2934224,yes
250000,30% contract at existing store,Sagal,1.0,472415.0,1.89,0.491,2934224,yes
500000,30% contract at existing store,Sagal,1.0,1174402.0,2.349,0.596,2934224,yes
1000000,30% contract at existing store,Sagal,1.0,2675335.0,2.675,0.676,2934224,yes
50000,FRESH tax break,JJ Southern Farm,0.25,,,,4367,not reachable
100000,FRESH tax break,JJ Southern Farm,0.25,,,,4367,not reachable
250000,FRESH tax break,JJ Southern Farm,0.25,,,,4367,not reachable
500000,FRESH tax break,JJ Southern Farm,0.25,,,,4367,not reachable
1000000,FRESH tax break,JJ Southern Farm,0.25,,,,4367,not reachable
50000,Rent subsidy,JJ Southern Farm,0.25,,,,18586,not reachable
100000,Rent subsidy,JJ Southern Farm,0.25,,,,18586,not reachable
250000,Rent subsidy,JJ Southern Farm,0.25,,,,18586,not reachable
500000,Rent subsidy,JJ Southern Farm,0.25,,,,18586,not reachable
1000000,Rent subsidy,JJ Southern Farm,0.25,,,,18586,not reachable
50000,FRESH tax break,JJ Southern Farm,0.5,,,,8896,not reachable
100000,FRESH tax break,JJ Southern Farm,0.5,,,,8896,not reachable
250000,FRESH tax break,JJ Southern Farm,0.5,,,,8896,not reachable
500000,FRESH tax break,JJ Southern Farm,0.5,,,,8896,not reachable
1000000,FRESH tax break,JJ Southern Farm,0.5,,,,8896,not reachable
50000,Rent subsidy,JJ Southern Farm,0.5,,,,40251,not reachable
100000,Rent subsidy,JJ Southern Farm,0.5,,,,40251,not reachable
250000,Rent subsidy,JJ Southern Farm,0.5,,,,40251,not reachable
500000,Rent subsidy,JJ Southern Farm,0.5,,,,40251,not reachable
1000000,Rent subsidy,JJ Southern Farm,0.5,,,,40251,not reachable
50000,FRESH tax break,JJ Southern Farm,0.75,,,,13595,not reachable
100000,FRESH tax break,JJ Southern Farm,0.75,,,,13595,not reachable
250000,FRESH tax break,JJ Southern Farm,0.75,,,,13595,not reachable
500000,FRESH tax break,JJ Southern Farm,0.75,,,,13595,not reachable
1000000,FRESH tax break,JJ Southern Farm,0.75,,,,13595,not reachable
50000,Rent subsidy,JJ Southern Farm,0.75,55260.0,1.105,0.295,65744,yes
100000,Rent subsidy,JJ Southern Farm,0.75,,,,65744,not reachable
250000,Rent subsidy,JJ Southern Farm,0.75,,,,65744,not reachable
500000,Rent subsidy,JJ Southern Farm,0.75,,,,65744,not reachable
1000000,Rent subsidy,JJ Southern Farm,0.75,,,,65744,not reachable
50000,30% contract at existing store,JJ Southern Farm,1.0,86163.0,1.723,0.315,2978051,yes
100000,30% contract at existing store,JJ Southern Farm,1.0,140095.0,1.401,0.379,2978051,yes
250000,30% contract at existing store,JJ Southern Farm,1.0,466736.0,1.867,0.488,2978051,yes
500000,30% contract at existing store,JJ Southern Farm,1.0,1162300.0,2.325,0.593,2978051,yes
1000000,30% contract at existing store,JJ Southern Farm,1.0,2657458.0,2.657,0.672,2978051,yes
50000,N.Y.C. Groceries (new store),N.Y.C. Groceries (planned),1.0,361531.0,7.231,0.251,5543587,yes
100000,N.Y.C. Groceries (new store),N.Y.C. Groceries (planned),1.0,361531.0,3.615,0.274,5543587,yes
250000,N.Y.C. Groceries (new store),N.Y.C. Groceries (planned),1.0,382946.0,1.532,0.326,5543587,yes
500000,N.Y.C. Groceries (new store),N.Y.C. Groceries (planned),1.0,759557.0,1.519,0.384,5543587,yes
1000000,N.Y.C. Groceries (new store),N.Y.C. Groceries (planned),1.0,1811518.0,1.812,0.468,5543587,yes
